patient_id,age,gender,profession,education,writing_tone,punctuation_style,uses_abbreviations,vocabulary_level,day_1,day_2,day_3,day_4,day_5,day_6,day_7,diagnosis
P001,58,Male,"Registered Nurse",Bachelor's,narrative,standard,Yes,colloquial,"I looked at my computer screen and literally wanted to throw it out the window. Everything feels incredibly urgent and I am constantly waiting for the other shoe to drop.","I feel like a hollow shell of myself, just going through the motions. Sleeping for twelve hours didn't do anything to cure this tiredness. I forgot to eat lunch today, honestly food just tastes like cardboard lately. I feel physically energetic, healthy, and in tune w/ my body's needs. Drinking my fourth cup of coffee today just to keep my eyes open. My hands are shaking so much that typing is becoming a struggle.","Had an absolute blast hanging out w/ Marcus and Jenna at the local park. I went to a small gathering but felt like everyone was silently judging me. Cancelling plans has become my favorite hobby lately bcs of my exhaustion. I went to a small gathering but felt like everyone was silently judging me. My phone kept ringing but I let it go to voicemail every time. I feel bad for talking so fast that ppl struggle to keep up w/ me. I am terrified that I said sth stupid and ruined my friendship. I just want to be left alone in a dark room w/ absolutely zero noise. Everyone else is out living their lives while I am stuck in this quicksand. I was able to support my coworker through a difficult issue today.","My brain is running at a hundred miles an hour but going nowhere. I spent the afternoon copy-pasting numbers on a spreadsheet while feeling like a zombie. I have been sitting at my desk for nine hours and accomplished absolutely nothing. My thoughts are swirling around like a hurricane and I can't catch one. My inbox is overflowing w/ urgent requests that aren't actually urgent. I have been sitting at my desk for nine hours and accomplished absolutely nothing. My inbox is overflowing w/ urgent requests that aren't actually urgent. They keep asking for more deliverables but my tank has been empty for weeks.","I recalled how excited I was on my first day here, which feels like a comedy now. I recalled how excited I was on my first day here, which feels like a comedy now. Stumbled upon an old project folder and couldn't believe how much effort I used to put in. I recalled how excited I was on my first day here, which feels like a comedy now. I keep playing back embarrassing moments in my head on repeat. I keep remembering all these great ideas I had but never actually finished. I remember when I actually used to be passionate about this job. I look at old photos of me smiling and wonder who that person was. I recalled how excited I was on my first day here, which feels like a comedy now.","I have checked my locked door five times already tonight. My inbox is overflowing w/ urgent requests that aren't actually urgent. I cried in the shower this morning for no concrete reason. My inbox is overflowing w/ urgent requests that aren't actually urgent. My inbox is overflowing w/ urgent requests that aren't actually urgent. I tried to read my book but the words just swam around w/o meaning. Woke up staring at the ceiling, dreading the morning standup.","I feel completely invisible to the world, and maybe that's for the best. Had an absolute blast hanging out w/ Marcus and Jenna at the local park. I just want to be left alone in a dark room w/ absolutely zero noise. My partner tried to talk about dinner and I completely snapped at them. I ended up leaving early bcs the crowded room felt suffocating. I feel completely invisible to the world, and maybe that's for the best.",Burnout
P002,44,Male,"Astrophysicist",PhD,formal,minimal,Yes,academic,"Today felt balanced, calm, and relatively straightforward. I had a rly productive morning and felt a nice sense of accomplishment. I feel optimal affective equilibrium and at peace w/ where things are headed right now. I felt a positive psychological orientation while drinking my tea and watching the rain. Had some time to reflect on my personal goals and felt quite optimistic. I dealt w/ a minor transient stressor today but managed to keep things in perspective. I felt a positive psychological orientation while drinking my tea and watching the rain.","I went for a long run after work and felt a great release of tension. My hands are shaking so much that typing is becoming a struggle. Woke up w/ a massive burst of creative energy at 3 AM and started painting. Took a nice afternoon stretch and drank plenty of water today. Woke up feeling refreshed and ready to take on the day's tasks. Woke up w/ a massive burst of creative energy at 3 AM and started painting. Cooked a nutritious dinner w/ fresh vegetables and slept very soundly. I feel physically energetic, healthy, and in tune w/ my body's needs.","Spent a quiet evening playing board games w/ my family, which was lovely. I had a rly honest, supportive conversation w/ my mom on the phone. We went out to a new Italian bistro in town and laughed for hours.","I feel optimal affective equilibrium and at peace w/ where things are headed right now. I feel so restless, like I need to run away but idk where. I feel optimal affective equilibrium and at peace w/ where things are headed right now. I felt a positive psychological orientation while drinking my tea and watching the rain. I felt a positive psychological orientation while drinking my tea and watching the rain. I am completely paralyzed by the fear of making a terrible mistake. I feel optimal affective equilibrium and at peace w/ where things are headed right now. Nothing seems to bring even a flicker of interest or pleasure anymore. I felt a positive psychological orientation while drinking my tea and watching the rain.","I keep remembering that one presentation where my voice cracked. I was remembering our summer trip and smiling at the memories. Remembering old times w/ high school friends made me text them to catch up. I was remembering our summer trip and smiling at the memories. My brain is on a constant loop of recalling every friendship I've ruined. I recalled some helpful advice my mentor gave me a few years ago. I was remembering our summer trip and smiling at the memories. I spent the afternoon trying to push down images of past experiences that kept resurfacing. I recalled some helpful advice my mentor gave me a few years ago.","I dealt w/ a minor transient stressor today but managed to keep things in perspective. I feel so frustrated w/ my executive attention impairments and pay attention. I feel completely pronounced depersonalization/dissociation, like I'm watching myself from above. I had a rly productive morning and felt a nice sense of accomplishment.","We went out to a new Italian bistro in town and laughed for hours. I was able to support my coworker through a difficult issue today. Spent a quiet evening playing board games w/ my family, which was lovely. I had a rly honest, supportive conversation w/ my mom on the phone. I feel like an outsider who can't connect w/ normal human experiences. I feel so isolated, but the thought of talking to someone makes me shudder. I had a rly honest, supportive conversation w/ my mom on the phone. My phone kept ringing but I let it go to voicemail every time.",Healthy
P003,38,Male,"Senior UX Researcher",Master's,highly-emotional,ellipses,Yes,professional,"I have been sitting at my desk for nine hours and demonstrated negligible cognitive productivity... I have checked my locked door five times already tonight... I have checked my locked door five times already tonight... Woke up at 2 PM and lay in bed staring at the wall until dark... They keep asking for more deliverables but my tank has been empty for weeks... Woke up at 2 PM and lay in bed staring at the wall until dark... My clients are complaining and I feel completely disconnected from the outcomes... I tried to read my book but the words just swam around w/o meaning... I looked at my computer screen and literally wanted to throw it out the window...","My body feels heavy, sluggish, and constantly on the verge of collapsing... My shoulders are permanently glued to my ears from pure tension... My hands are always busy w/ sth, I simply cannot sit quiet... My hands are shaking so much that typing is becoming a struggle... I have been pacing around my room for an hour trying to remember what I was doing... I have zero energy left to even brush my hair or change my clothes... I forgot to eat lunch today, honestly food just tastes like cardboard lately...","Everyone else is out living their lives while I am stuck in this depressive paralysis... I went to a small gathering but felt like everyone was silently judging me... I cancelled our weekend plans bcs I can't pretend to be happy... My partner tried to talk about dinner and I completely snapped at them... Cancelling plans has become my favorite hobby lately bcs of my exhaustion... I rehearsed my entire conversation in my head before saying a single word... I cancelled our weekend plans bcs I can't pretend to be happy... I feel so isolated, but the thought of talking to someone makes me shudder... Everyone else is out living their lives while I am stuck in this depressive paralysis...","I am so incredibly overwhelmed by the sheer volume of my own thoughts... I tried to read my book but the words just swam around w/o meaning... I cried in the shower this morning for no concrete reason... I spent three hours overanalyzing a single text message from my colleague... My thoughts are swirling around like a hurricane and I can't catch one... Another meeting that could have been an email, wasting my remaining energy... Nothing seems to bring even a flicker of interest or pleasure anymore... I am so tired of feeling like an absolute psychological liability to everyone around me... I felt a positive psychological orientation while drinking my tea and watching the rain...","I keep remembering old mistakes and cringing at my younger self... My mind suddenly recalled a minor argument from five years ago and now I can't sleep... I keep playing back embarrassing moments in my head on repeat... I was thinking about how simple things used to be before this heaviness took over... I recalled how excited I was on my first day here, which feels like a comedy now... I keep remembering that one presentation where my voice cracked... I keep playing back embarrassing moments in my head on repeat... Remembering old failures and worrying that history is bound to repeat itself today... My mind suddenly recalled a minor argument from five years ago and now I can't sleep... I remember when I actually used to be passionate about this job...","My brain is running at a hundred miles an hour but going nowhere... I tried to read my book but the words just swam around w/o meaning... I am so tired of feeling like an absolute psychological liability to everyone around me... Nothing seems to bring even a flicker of interest or pleasure anymore...","Cancelling plans has become my favorite hobby lately bcs of my exhaustion... Spent a quiet evening playing board games w/ my family, which was lovely... We went out to a new Italian bistro in town and laughed for hours... My phone kept ringing but I let it go to voicemail every time...",Depression
P004,50,Non-binary,"Speech Pathologist",Master's,formal,standard,No,colloquial,"I am so tired of feeling like an absolute psychological liability to everyone around me. I have checked my locked door five times already tonight. The silence in my apartment is deafening, yet I don't want to break it. I have been sitting at my desk for nine hours and demonstrated negligible cognitive productivity. The silence in my apartment is deafening, yet I don't want to break it. My thoughts are swirling around like a hurricane and I can't catch one. Every minor detail feels like a massive crisis waiting to happen.","I forgot to eat lunch today, honestly food just tastes like cardboard lately. Even taking a shower felt like an Olympian task that required days of planning.","I avoid going to crowded places because they trigger a deep panic. Sarah invited me out for drinks but I ignored her text message. I feel completely existential alienation to the world, and maybe that's for the best. My friends asked me to choose a restaurant and my brain completely froze from pressure. Everyone else is out living their lives while I am stuck in this depressive paralysis. I feel so isolated, but the thought of talking to someone makes me shudder. I ended up leaving early because the crowded room felt suffocating. My friends asked me to choose a restaurant and my brain completely froze from pressure.","I feel so restless, like I need to run away but I don't know where. I feel so frustrated with my executive attention impairments and pay attention.","I keep remembering old mistakes and cringing at my younger self. My mind suddenly recalled a minor argument from five years ago and now I can't sleep. I remember when I actually used to be passionate about this job.","My thoughts are swirling around like a hurricane and I can't catch one. Every minor detail feels like a massive crisis waiting to happen. I am so incredibly overwhelmed by the sheer volume of my own thoughts. It feels like I am carrying a mountain on my back just to walk to the kitchen. I feel so restless, like I need to run away but I don't know where. Nothing seems to bring even a flicker of interest or pleasure anymore. I dealt with a minor transient stressor today but managed to keep things in perspective.","My partner tried to talk about dinner and I completely snapped at them. I lost my car keys twice today and was late meeting my friends, again. My partner tried to talk about dinner and I completely snapped at them.",Anxiety
P005,53,Non-binary,"Senior Research Scientist",PhD,narrative,ellipses,Yes,academic,"A wave of intense, irrational anger washed over me out of nowhere... I have checked my locked door five times already tonight... My mind feels like it's severe cognitive hyperactivity competing for space at once... Another meeting that could have been an email, wasting my remaining energy... I feel so frustrated w/ my executive attention impairments and pay attention... It feels like I am carrying a mountain on my back just to walk to the kitchen...","I feel incredibly dizzy and nauseous from this constant state of alertness... I feel incredibly dizzy and nauseous from this constant state of alertness... My stomach is in knots and I am constantly on edge... My limbs feel like they are filled w/ lead blocks... My throat feels tight and it feels like I am struggling to get enough oxygen...","I ended up leaving early bcs the crowded room felt suffocating... I snapped at my brother when he startled me by walking into the kitchen... I went to a small gathering but felt like everyone was silently judging me... Everyone else is out living their lives while I am stuck in this depressive paralysis... I sat w/ my back to the wall at the restaurant, scanning the exit doors... My friends asked me to choose a restaurant and my brain completely froze from pressure... I feel completely existential alienation to the world, and maybe that's for the best... I was able to support my coworker through a difficult issue today... I am putting up massive walls to keep ppl from getting too close to me...","Everything feels incredibly urgent and I am constantly anticipatory panic cycles... Every minor detail feels like a massive crisis waiting to happen... A sudden loud noise in the street made my heart shoot into my throat... My nervous system is stuck on high alert and I can't seem to turn it off... I cried in the shower this morning for no concrete reason... A sudden loud noise in the street made my heart shoot into my throat... The silence in my apartment is deafening, yet I don't want to break it... I feel so restless, like I need to run away but idk where...","Memories of what happened are crashing through my brain like uninvited ghosts... I keep remembering old mistakes and cringing at my younger self... My mind suddenly recalled a minor argument from five years ago and now I can't sleep... Memories of what happened are crashing through my brain like uninvited ghosts... A specific smell today instantly transported me back to that the distressing index event in my past... Thought about how much I've grown over the last few years and felt proud...","I feel this constant, generalized somatic hyperarousal in the pit of my stomach... I feel this profound sense of persistent threat-appraisal bias even in my own locked home... Every minor detail feels like a massive crisis waiting to happen... There is a persistent, heavy severe anhedonic state sitting over everything today... A wave of intense, irrational anger washed over me out of nowhere... My mind is on an absolute loop of 'catastrophic cognitive distortions' that I cannot shut down... My inbox is overflowing w/ urgent requests that aren't actually urgent... My nervous system is stuck on high alert and I can't seem to turn it off... Nothing seems to bring even a flicker of interest or pleasure anymore... I feel completely pronounced depersonalization/dissociation, like I'm watching myself from above...","I went to a small gathering but felt like everyone was silently judging me... Cancelling plans has become my favorite hobby lately bcs of my exhaustion... I lost my car keys twice today and was late meeting my friends, again... I lost my car keys twice today and was late meeting my friends, again... I ended up leaving early bcs the crowded room felt suffocating...",PTSD
P006,23,Male,"Financial Analyst",Bachelor's,narrative,exclamations,No,colloquial,"I am so tired of feeling like an absolute burden to everyone around me! My clients are complaining and I feel completely disconnected from the outcomes! I spent five hours completely lost in reading a random Wikipedia article about history!!! I feel so frustrated with my inability to just settle down and pay attention! I am constantly starting new tasks while my desk is covered in unfinished work!","Woke up feeling refreshed and ready to take on the day's tasks! I feel incredibly dizzy and nauseous from this constant state of alertness! I am constantly fidgeting, tapping my feet, and chewing on my pen!","We went out to a new Italian bistro in town and laughed for hours! We went out to a new Italian bistro in town and laughed for hours! My phone kept ringing but I let it go to voicemail every time! My phone kept ringing but I let it go to voicemail every time! I feel so isolated, but the thought of talking to someone makes me shudder! I feel completely invisible to the world, and maybe that's for the best!","I am constantly starting new tasks while my desk is covered in unfinished work! My mind feels like it's racing with twenty different thoughts competing for space at once!!! My attention is constantly drifting off in the middle of standard conversations! My mind feels like it's racing with twenty different thoughts competing for space at once! I feel content and at peace with where things are headed right now! I had a really productive morning and felt a nice sense of accomplishment! There is this deep ache in my chest that refuses to lift! There is this deep ache in my chest that refuses to lift! I am constantly starting new tasks while my desk is covered in unfinished work!","Thought about that chore I started this morning and realized it is still half-done! My brain is on a constant loop of recalling every friendship I've ruined! I had a sudden, vivid memory of that night that felt so real I forgot where I actually was! I recalled a random fact about space that I learned in school instead of working! I recalled some helpful advice my mentor gave me a few years ago! I was remembering our summer trip and smiling at the memories! Remembering old failures and worrying that history is bound to repeat itself today!!! I look at old photos of me smiling and wonder who that person was! I recalled a random fact about space that I learned in school instead of working! I keep remembering old mistakes and cringing at my younger self!","I feel this intense restlessness and boredom that actually feels physically uncomfortable! I am constantly starting new tasks while my desk is covered in unfinished work! I have checked my locked door five times already tonight! I cried in the shower this morning for no concrete reason! Had some time to reflect on my personal goals and felt quite optimistic! I feel this intense restlessness and boredom that actually feels physically uncomfortable! I dealt with a minor setback today but managed to keep things in perspective! Everything feels incredibly urgent and I am constantly waiting for the other shoe to drop! I tried to read my book but the words just swam around without meaning!","I ended up leaving early because the crowded room felt suffocating! Everyone else is out living their lives while I am stuck in this quicksand!!! I feel completely invisible to the world, and maybe that's for the best! I lost my car keys twice today and was late meeting my friends, again! My phone kept ringing but I let it go to voicemail every time! I feel completely invisible to the world, and maybe that's for the best!",ADHD
P007,65,Female,"Barista",High School,narrative,exclamations,Yes,colloquial,"Woke up at 2 PM and lay in bed staring at the wall until dark!!! I feel completely numb, as if all my emotions have been drained out! The cynic in me is completely taking over at this point! There is this deep ache in my chest that refuses to lift! I cried in the shower this morning for no concrete reason! I feel this profound sense of unsafety even in my own locked home!!! I simply do not care about these performance milestones anymore! My thoughts are swirling around like a hurricane and I can't catch one! The cynic in me is completely taking over at this point!!! I tried to read my book but the words just swam around w/o meaning!","Even taking a shower felt like an Olympian task that required days of planning!!! My shoulders are permanently glued to my ears from pure tension! I feel like a hollow shell of myself, just going through the motions! My limbs feel like they are filled w/ lead blocks! I am physically exhausted but as soon as my head hits the pillow, my brain stays awake!!! Drinking my fourth cup of coffee today just to keep my eyes open! I have zero energy left to even brush my hair or change my clothes! My hands are shaking so much that typing is becoming a struggle! I am physically exhausted but as soon as my head hits the pillow, my brain stays awake! My heart is pounding against my ribs for absolutely no reason!!!","I just want to be left alone in a dark room w/ absolutely zero noise! I feel completely invisible to the world, and maybe that's for the best! I don't have the emotional capacity to listen to anyone else's problems! My phone kept ringing but I let it go to voicemail every time!!! I feel completely invisible to the world, and maybe that's for the best! I interrupted my friend three times today bcs I was excited about an idea! I cancelled our weekend plans bcs I can't pretend to be happy!","The silence in my apartment is deafening, yet I don't want to break it! I cried in the shower this morning for no concrete reason! My clients are complaining and I feel completely disconnected from the outcomes! Every single email from my manager feels like a personal attack! Every minor detail feels like a massive crisis waiting to happen!","Stumbled upon an old project folder and couldn't believe how much effort I used to put in! Stumbled upon an old project folder and couldn't believe how much effort I used to put in! I keep playing back embarrassing moments in my head on repeat!","Woke up at 2 PM and lay in bed staring at the wall until dark!!! Woke up staring at the ceiling, dreading the morning standup! My mind feels like it's racing w/ twenty different thoughts competing for space at once!!! They keep asking for more deliverables but my tank has been empty for weeks!!! I tried to read my book but the words just swam around w/o meaning! I spent five hours completely lost in reading a random Wikipedia article about history!","We went out but my mind drifted and I missed the entire punchline of the story! I ended up leaving early bcs the crowded room felt suffocating! I went to a small gathering but felt like everyone was silently judging me! I am terrified that I said sth stupid and ruined my friendship!",Burnout
P008,44,Female,"University Professor",PhD,narrative,minimal,No,academic,"Today felt balanced, calm, and relatively straightforward. I dealt with a minor transient stressor today but managed to keep things in perspective. I had a really productive morning and felt a nice sense of accomplishment. They keep asking for more deliverables but my tank has been empty for weeks. I feel optimal affective equilibrium and at peace with where things are headed right now. I dealt with a minor transient stressor today but managed to keep things in perspective. My nervous system is stuck on high alert and I can't seem to turn it off.","Cooked a nutritious dinner with fresh vegetables and slept very soundly. Cooked a nutritious dinner with fresh vegetables and slept very soundly. Took a nice afternoon stretch and drank plenty of water today.","I am terrified that I said something stupid and ruined my friendship. I lost my car keys twice today and was late meeting my friends, again. I was able to support my coworker through a difficult issue today. I snapped at my brother when he startled me by walking into the kitchen. Had an absolute blast hanging out with Marcus and Jenna at the local park. Had an absolute blast hanging out with Marcus and Jenna at the local park. I was able to support my coworker through a difficult issue today. I went to a small gathering but felt like everyone was silently judging me.","I felt a positive psychological orientation while drinking my tea and watching the rain. Nothing seems to bring even a flicker of interest or pleasure anymore. My mind feels like it's severe cognitive hyperactivity competing for space at once. I felt a positive psychological orientation while drinking my tea and watching the rain.","Thought about how much I've grown over the last few years and felt proud. I was thinking about how simple things used to be before this heaviness took over. I recalled some helpful advice my mentor gave me a few years ago. I was remembering our summer trip and smiling at the memories. I recalled some helpful advice my mentor gave me a few years ago. I was remembering our summer trip and smiling at the memories. Thought about how much I've grown over the last few years and felt proud. Thought about how much I've grown over the last few years and felt proud.","The silence in my apartment is deafening, yet I don't want to break it. I feel optimal affective equilibrium and at peace with where things are headed right now. I feel optimal affective equilibrium and at peace with where things are headed right now.","I was able to support my coworker through a difficult issue today. Had an absolute blast hanging out with Marcus and Jenna at the local park. I had a really honest, supportive conversation with my mom on the phone. I was able to support my coworker through a difficult issue today.",Healthy
P009,47,Female,"Customer Service Agent",High School,normal,ellipses,No,simple,"My nervous system is stuck on high alert and I can't seem to turn it off... I simply do not care about these performance milestones anymore... I spent the afternoon copy-pasting numbers on a spreadsheet while feeling like a zombie... It feels like I am carrying a mountain on my back just to walk to the kitchen...","My hands are always busy with something, I simply cannot sit quiet... My hands are shaking so much that typing is becoming a struggle... I feel incredibly dizzy and nauseous from this constant state of alertness... My chest feels incredibly tight, like someone is standing on it... My hands are always busy with something, I simply cannot sit quiet... My throat feels tight and it feels like I am struggling to get enough oxygen... I feel incredibly dizzy and nauseous from this constant state of alertness... I am physically exhausted but as soon as my head hits the pillow, my brain stays awake...","I feel completely invisible to the world, and maybe that's for the best... I don't have the emotional capacity to listen to anyone else's problems...","The cynic in me is completely taking over at this point... I feel this constant, buzzing dread in the pit of my stomach... There is this deep ache in my chest that refuses to lift... It feels like I am carrying a mountain on my back just to walk to the kitchen... Everything feels incredibly urgent and I am constantly waiting for the other shoe to drop... The cynic in me is completely taking over at this point... The silence in my apartment is deafening, yet I don't want to break it... My brain is running at a hundred miles an hour but going nowhere... There is a persistent, heavy grey fog sitting over everything today...","My brain is on a constant loop of recalling every friendship I've ruined... Thinking back to last year when I had motivation and drive... Suddenly remembered that bill I was supposed to pay three weeks ago... I look at old photos of me smiling and wonder who that person was...","I feel completely numb, as if all my emotions have been drained out... Every minor detail feels like a massive crisis waiting to happen... My mind is on an absolute loop of 'what-ifs' that I cannot shut down... My thoughts are swirling around like a hurricane and I can't catch one... There is this deep ache in my chest that refuses to lift... I feel completely numb, as if all my emotions have been drained out...","I had a really honest, supportive conversation with my mom on the phone... I ended up leaving early because the crowded room felt suffocating... I just want to be left alone in a dark room with absolutely zero noise... Everyone else is out living their lives while I am stuck in this quicksand...",Depression
P010,64,Female,"University Professor",PhD,abbreviated,exclamations,No,academic,"They keep asking for more deliverables but my tank has been empty for weeks! I feel so restless, like I need to run away but I don't know where! My brain is running at a hundred miles an hour but going nowhere!!! Everything feels incredibly urgent and I am constantly anticipatory panic cycles! I had a really productive morning and felt a nice sense of accomplishment! Everything feels incredibly urgent and I am constantly anticipatory panic cycles! I spent the afternoon copy-pasting numbers on a spreadsheet while feeling like a zombie! The existential disillusionment in me is completely taking over at this point!!!","My throat feels tight and it feels like I am struggling to get enough oxygen! My throat feels tight and it feels like I am struggling to get enough oxygen! I feel incredibly dizzy and nauseous from this constant state of alertness! I went for a long run after work and felt a great release of tension!","I cancelled our weekend plans because I can't pretend to be happy! My partner tried to talk about dinner and I completely snapped at them!!! I interrupted my friend three times today because I was excited about an idea!","I simply do not care about these performance milestones anymore! My thoughts are swirling around like a hurricane and I can't catch one! My mind is on an absolute loop of 'catastrophic cognitive distortions' that I cannot shut down!!! I have checked my locked door five times already tonight! My brain is running at a hundred miles an hour but going nowhere! I feel this intense restlessness and boredom that actually feels physically uncomfortable! I simply do not care about these performance milestones anymore! Every minor detail feels like a massive crisis waiting to happen!!! Nothing seems to bring even a flicker of interest or pleasure anymore!","My mind suddenly recalled a minor argument from five years ago and now I can't sleep!!! I was thinking about how simple things used to be before this heaviness took over!","The existential disillusionment in me is completely taking over at this point! My brain is running at a hundred miles an hour but going nowhere!!! I feel so restless, like I need to run away but I don't know where! My brain is running at a hundred miles an hour but going nowhere! The existential disillusionment in me is completely taking over at this point! Today felt balanced, calm, and relatively straightforward!","I went to a small gathering but felt like everyone was silently judging me! I am terrified that I said something stupid and ruined my friendship! I rehearsed my entire conversation in my head before saying a single word! My friends asked me to choose a restaurant and my brain completely froze from pressure!",Anxiety
P011,40,Non-binary,"Receptionist",High School,normal,ellipses,Yes,simple,"My inbox is overflowing w/ urgent requests that aren't actually urgent... My inbox is overflowing w/ urgent requests that aren't actually urgent... I felt incredibly jumpy all day, constantly checking behind my back... My nervous system is stuck on high alert and I can't seem to turn it off... My inbox is overflowing w/ urgent requests that aren't actually urgent...","My throat feels tight and it feels like I am struggling to get enough oxygen... I feel tense, rigid, and my muscles are aching from constant bracing... Woke up gasping for air, drenched in sweat from another intense nightmare... Woke up gasping for air, drenched in sweat from another intense nightmare...","I sat w/ my back to the wall at the restaurant, scanning the exit doors... I sat w/ my back to the wall at the restaurant, scanning the exit doors... I feel so isolated, but the thought of talking to someone makes me shudder... I cancelled our weekend plans bcs I can't pretend to be happy... I went to a small gathering but felt like everyone was silently judging me... I feel like an outsider who can't connect w/ normal human experiences... I feel like an outsider who can't connect w/ normal human experiences...","My clients are complaining and I feel completely disconnected from the outcomes... I felt incredibly jumpy all day, constantly checking behind my back... There is this deep ache in my chest that refuses to lift... I felt incredibly jumpy all day, constantly checking behind my back... A sudden loud noise in the street made my heart shoot into my throat... A wave of intense, irrational anger washed over me out of nowhere...","I keep playing back embarrassing moments in my head on repeat... My mind suddenly recalled a minor argument from five years ago and now I can't sleep... I spent the afternoon trying to push down images of past experiences that kept resurfacing... Memories of what happened are crashing through my brain like uninvited ghosts... Memories of what happened are crashing through my brain like uninvited ghosts... I had a sudden, vivid memory of that night that felt so real I forgot where I actually was... I was thinking about how simple things used to be before this heaviness took over... Remembering old failures and worrying that history is bound to repeat itself today... My mind suddenly recalled a minor argument from five years ago and now I can't sleep...","Every minor detail feels like a massive crisis waiting to happen... I feel completely numb, as if all my emotions have been drained out...","I ended up leaving early bcs the crowded room felt suffocating... I feel so isolated, but the thought of talking to someone makes me shudder... I snapped at my brother when he startled me by walking into the kitchen... I ended up leaving early bcs the crowded room felt suffocating... I am terrified that I said sth stupid and ruined my friendship... I sat w/ my back to the wall at the restaurant, scanning the exit doors... I feel so isolated, but the thought of talking to someone makes me shudder...",PTSD
P012,64,Female,"Astrophysicist",PhD,formal,standard,No,academic,"My mind feels like it's severe cognitive hyperactivity competing for space at once. Every minor detail feels like a massive crisis waiting to happen. I feel this profound sense of persistent threat-appraisal bias even in my own locked home. I feel this intense restlessness and boredom that actually feels physically uncomfortable.","My hands are always busy with something, I simply cannot sit quiet. I am constantly fidgeting, tapping my feet, and chewing on my pen. My chest feels incredibly tight, like someone is standing on it. I forgot to eat lunch again because I was rearranging my bookshelf by color. I forgot to eat lunch again because I was rearranging my bookshelf by color. My throat feels tight and it feels like I am struggling to get enough oxygen. Took a nice afternoon stretch and drank plenty of water today. I am constantly fidgeting, tapping my feet, and chewing on my pen. Woke up gasping for air, drenched in sweat from another intense nightmare.","Had an absolute blast hanging out with Marcus and Jenna at the local park. I just want to be left alone in a dark room with absolutely zero noise. I feel so isolated, but the thought of talking to someone makes me shudder. We went out but my mind drifted and I missed the entire punchline of the story.","My attention is constantly drifting off in the middle of standard conversations. I am so incredibly overwhelmed by the sheer volume of my own thoughts. They keep asking for more deliverables but my tank has been empty for weeks. I spent three hours overanalyzing a single text message from my colleague. My mind feels like it's severe cognitive hyperactivity competing for space at once. I feel this profound sense of persistent threat-appraisal bias even in my own locked home. My attention is constantly drifting off in the middle of standard conversations.","Suddenly remembered that bill I was supposed to pay three weeks ago. I remember when I actually used to be passionate about this job. Thought about how much I've grown over the last few years and felt proud. Thought about how much I've grown over the last few years and felt proud. I recalled a random fact about space that I learned in school instead of working.","I am constantly starting new tasks while my desk is covered in unfinished work. I feel this intense restlessness and boredom that actually feels physically uncomfortable. My attention is constantly drifting off in the middle of standard conversations. Every minor detail feels like a massive crisis waiting to happen. My mind feels like it's severe cognitive hyperactivity competing for space at once. I feel so restless, like I need to run away but I don't know where. My mind feels like it's severe cognitive hyperactivity competing for space at once. Woke up at 2 PM and lay in bed staring at the wall until dark.","My phone kept ringing but I let it go to voicemail every time. I am terrified that I said something stupid and ruined my friendship. I just want to be left alone in a dark room with absolutely zero noise. I totally forgot to reply to ten text messages that I opened this morning.",ADHD
P013,55,Non-binary,"Nurse Practitioner",Master's,highly-emotional,ellipses,No,colloquial,"I have been sitting at my desk for nine hours and demonstrated negligible cognitive productivity... I had a really productive morning and felt a nice sense of accomplishment... I feel incredibly guilty for wasting another entire day doing nothing...","Sleeping for twelve hours didn't do anything to cure this tiredness... My body feels heavy, sluggish, and constantly on the verge of collapsing... I have zero energy left to even brush my hair or change my clothes... Drinking my fourth cup of coffee today just to keep my eyes open... I feel like a severe depersonalization state of myself, just going through the motions...","My phone kept ringing but I let it go to voicemail every time... My friends asked me to choose a restaurant and my brain completely froze from pressure...","There is a persistent, heavy severe anhedonic state sitting over everything today... I am completely paralyzed by the fear of making a terrible mistake... Another meeting that could have been an email, wasting my remaining energy... Woke up staring at the ceiling, experiencing acute anticipatory occupational anxiety... I have been sitting at my desk for nine hours and demonstrated negligible cognitive productivity... The existential disillusionment in me is completely taking over at this point... Today felt balanced, calm, and relatively straightforward... My mind is on an absolute loop of 'catastrophic cognitive distortions' that I cannot shut down...","I recalled how excited I was on my first day here, which feels like a comedy now... Stumbled upon an old project folder and couldn't believe how much effort I used to put in... I keep remembering all these great ideas I had but never actually finished... Suddenly remembered that bill I was supposed to pay three weeks ago... I keep playing back embarrassing moments in my head on repeat...","Every single email from my manager feels like a personal attack... Nothing seems to bring even a flicker of interest or pleasure anymore... I feel this constant, generalized somatic hyperarousal in the pit of my stomach... My inbox is overflowing with urgent requests that aren't actually urgent... They keep asking for more deliverables but my tank has been empty for weeks... My mind is on an absolute loop of 'catastrophic cognitive distortions' that I cannot shut down... I have been sitting at my desk for nine hours and demonstrated negligible cognitive productivity... My thoughts are swirling around like a hurricane and I can't catch one... I tried to read my book but the words just swam around without meaning...","Cancelling plans has become my favorite hobby lately because of my exhaustion... I rehearsed my entire conversation in my head before saying a single word... Cancelling plans has become my favorite hobby lately because of my exhaustion... Cancelling plans has become my favorite hobby lately because of my exhaustion... I cancelled our weekend plans because I can't pretend to be happy... I feel completely existential alienation to the world, and maybe that's for the best... I had a really honest, supportive conversation with my mom on the phone... I cancelled our weekend plans because I can't pretend to be happy... I cancelled our weekend plans because I can't pretend to be happy... I just want to be left alone in a dark room with absolutely zero noise...",Burnout
P014,22,Female,"Management Consultant",Master's,abbreviated,minimal,Yes,professional,"I feel incredibly guilty for wasting another entire day doing nothing. Woke up at 2 PM and lay in bed staring at the wall until dark. Had some time to reflect on my personal goals and felt quite optimistic. There is this deep ache in my chest that refuses to lift. My nervous system is stuck on high alert and I can't seem to turn it off.","My chest feels incredibly tight, like someone is standing on it. Cooked a nutritious dinner w/ fresh vegetables and slept very soundly. Cooked a nutritious dinner w/ fresh vegetables and slept very soundly. Sleeping for twelve hours didn't do anything to cure this tiredness. My stomach is in knots and I am constantly on edge. Took a nice afternoon stretch and drank plenty of water today. Took a nice afternoon stretch and drank plenty of water today.","Had an absolute blast hanging out w/ Marcus and Jenna at the local park. Everyone else is out living their lives while I am stuck in this depressive paralysis. Had an absolute blast hanging out w/ Marcus and Jenna at the local park. My phone kept ringing but I let it go to voicemail every time. Had an absolute blast hanging out w/ Marcus and Jenna at the local park. I had a rly honest, supportive conversation w/ my mom on the phone. Everyone else is out living their lives while I am stuck in this depressive paralysis. I sat w/ my back to the wall at the restaurant, scanning the exit doors.","I felt a positive psychological orientation while drinking my tea and watching the rain. I had a rly productive morning and felt a nice sense of accomplishment. A wave of intense, irrational anger washed over me out of nowhere. I feel optimal affective equilibrium and at peace w/ where things are headed right now.","I recalled some helpful advice my mentor gave me a few years ago. I recalled a random fact about space that I learned in school instead of working. Thought about how much I've grown over the last few years and felt proud. Thought about how much I've grown over the last few years and felt proud. I keep remembering all these great ideas I had but never actually finished. Thought about how much I've grown over the last few years and felt proud. I was remembering our summer trip and smiling at the memories.","I had a rly productive morning and felt a nice sense of accomplishment. My thoughts are swirling around like a hurricane and I can't catch one. Today felt balanced, calm, and relatively straightforward. I feel completely emotional blunting, as if all my emotions have been drained out. My attention is constantly drifting off in the middle of standard conversations. Today felt balanced, calm, and relatively straightforward. I feel optimal affective equilibrium and at peace w/ where things are headed right now. I felt a positive psychological orientation while drinking my tea and watching the rain. I felt a positive psychological orientation while drinking my tea and watching the rain.","I sat w/ my back to the wall at the restaurant, scanning the exit doors. I was able to support my coworker through a difficult issue today. I feel so isolated, but the thought of talking to someone makes me shudder. I feel like an outsider who can't connect w/ normal human experiences. I was able to support my coworker through a difficult issue today.",Healthy
P015,49,Female,"Speech Pathologist",Master's,abbreviated,minimal,Yes,professional,"Another meeting that could have been an email, wasting my remaining energy. A sudden loud noise in the street made my heart shoot into my throat. Another meeting that could have been an email, wasting my remaining energy. Everything feels incredibly urgent and I am constantly anticipatory panic cycles. I tried to read my book but the words just swam around w/o meaning. My brain is running at a hundred miles an hour but going nowhere.","Sleeping for twelve hours didn't do anything to cure this tiredness. My shoulders are permanently glued to my ears from pure tension. My hands are always busy w/ sth, I simply cannot sit quiet. I am profound somatic fatigue but as soon as my head hits the pillow, my brain stays awake. My body feels heavy, sluggish, and constantly on the verge of collapsing.","I feel so isolated, but the thought of talking to someone makes me shudder. I cancelled our weekend plans bcs I can't pretend to be happy. I don't have the emotional capacity to listen to anyone else's problems. I just want to be left alone in a dark room w/ absolutely zero noise. I avoid going to crowded places bcs they trigger a deep panic. I rehearsed my entire conversation in my head before saying a single word. My phone kept ringing but I let it go to voicemail every time.","I simply do not care about these performance milestones anymore. I tried to read my book but the words just swam around w/o meaning. There is this deep ache in my chest that refuses to lift.","Remembering old failures and worrying that history is bound to repeat itself today. I look at old photos of me smiling and wonder who that person was. Thinking back to last year when I had motivation and drive. Thinking back to last year when I had motivation and drive.","Woke up at 2 PM and lay in bed staring at the wall until dark. Another meeting that could have been an email, wasting my remaining energy. I feel incredibly guilty for wasting another entire day doing nothing. It feels like I am carrying a mountain on my back just to walk to the kitchen. I felt incredibly hypervigilant sensory responses all day, constantly checking behind my back.","Cancelling plans has become my favorite hobby lately bcs of my exhaustion. Sarah invited me out for drinks but I ignored her text message. I just want to be left alone in a dark room w/ absolutely zero noise. I rehearsed my entire conversation in my head before saying a single word. I feel completely existential alienation to the world, and maybe that's for the best. I sat w/ my back to the wall at the restaurant, scanning the exit doors. My phone kept ringing but I let it go to voicemail every time. I feel completely existential alienation to the world, and maybe that's for the best. I interrupted my friend three times today bcs I was excited about an idea. Sarah invited me out for drinks but I ignored her text message.",Depression
P016,21,Female,"Quantitative Analyst",PhD,abbreviated,minimal,No,academic,"I have checked my locked door five times already tonight. I feel this constant, generalized somatic hyperarousal in the pit of my stomach. There is this deep ache in my chest that refuses to lift. Everything feels incredibly urgent and I am constantly anticipatory panic cycles. The silence in my apartment is deafening, yet I don't want to break it.","My heart is pounding against my ribs for absolutely no reason. I feel incredibly dizzy and nauseous from this constant state of alertness. I forgot to eat lunch today, honestly food just tastes like cardboard lately. Drinking my fourth cup of coffee today just to keep my eyes open. I am profound somatic fatigue but as soon as my head hits the pillow, my brain stays awake. I forgot to eat lunch today, honestly food just tastes like cardboard lately. Sleeping for twelve hours didn't do anything to cure this tiredness. My chest feels incredibly tight, like someone is standing on it.","I don't have the emotional capacity to listen to anyone else's problems. My partner tried to talk about dinner and I completely snapped at them. I ended up leaving early because the crowded room felt suffocating. I feel so isolated, but the thought of talking to someone makes me shudder. I ended up leaving early because the crowded room felt suffocating.","Woke up staring at the ceiling, experiencing acute anticipatory occupational anxiety. My inbox is overflowing with urgent requests that aren't actually urgent. I felt a positive psychological orientation while drinking my tea and watching the rain.","My mind suddenly recalled a minor argument from five years ago and now I can't sleep. I keep playing back embarrassing moments in my head on repeat. I was remembering our summer trip and smiling at the memories. I keep playing back embarrassing moments in my head on repeat. Thinking back to last year when I had motivation and drive. Remembering old failures and worrying that history is bound to repeat itself today. I recalled some helpful advice my mentor gave me a few years ago. I look at old photos of me smiling and wonder who that person was. I keep playing back embarrassing moments in my head on repeat.","There is this deep ache in my chest that refuses to lift. I tried to read my book but the words just swam around without meaning. Everything feels incredibly urgent and I am constantly anticipatory panic cycles. Woke up staring at the ceiling, experiencing acute anticipatory occupational anxiety. I spent three hours overanalyzing a single text message from my colleague. I feel this constant, generalized somatic hyperarousal in the pit of my stomach. My brain is running at a hundred miles an hour but going nowhere. It feels like I am carrying a mountain on my back just to walk to the kitchen.","I don't have the emotional capacity to listen to anyone else's problems. I am terrified that I said something stupid and ruined my friendship. Everyone else is out living their lives while I am stuck in this depressive paralysis. I rehearsed my entire conversation in my head before saying a single word. Had an absolute blast hanging out with Marcus and Jenna at the local park. Everyone else is out living their lives while I am stuck in this depressive paralysis. I rehearsed my entire conversation in my head before saying a single word.",Anxiety
P017,62,Non-binary,"Astrophysicist",PhD,formal,ellipses,No,academic,"I felt incredibly hypervigilant sensory responses all day, constantly checking behind my back... I had a really productive morning and felt a nice sense of accomplishment... My inbox is overflowing with urgent requests that aren't actually urgent... I feel completely pronounced depersonalization/dissociation, like I'm watching myself from above... I tried to read my book but the words just swam around without meaning... My nervous system is stuck on high alert and I can't seem to turn it off... A sudden loud noise in the street made my heart shoot into my throat...","My chest feels incredibly tight, like someone is standing on it... I haven't had a full night of uninterrupted sleep in what feels like months...","I feel like an outsider who can't connect with normal human experiences... I sat with my back to the wall at the restaurant, scanning the exit doors... I feel like an outsider who can't connect with normal human experiences... I feel completely existential alienation to the world, and maybe that's for the best... I snapped at my brother when he startled me by walking into the kitchen...","My nervous system is stuck on high alert and I can't seem to turn it off... My nervous system is stuck on high alert and I can't seem to turn it off... A sudden loud noise in the street made my heart shoot into my throat... My thoughts are swirling around like a hurricane and I can't catch one... I feel so restless, like I need to run away but I don't know where... I feel completely pronounced depersonalization/dissociation, like I'm watching myself from above...","I keep remembering old mistakes and cringing at my younger self... I keep remembering that one presentation where my voice cracked... A specific smell today instantly transported me back to that the distressing index event in my past... I was thinking about how simple things used to be before this heaviness took over... My mind suddenly recalled a minor argument from five years ago and now I can't sleep... I was remembering our summer trip and smiling at the memories... Remembering old failures and worrying that history is bound to repeat itself today... I was thinking about how simple things used to be before this heaviness took over... A specific smell today instantly transported me back to that the distressing index event in my past... I was thinking about how simple things used to be before this heaviness took over...","I feel incredibly guilty for wasting another entire day doing nothing... My thoughts are swirling around like a hurricane and I can't catch one... A wave of intense, irrational anger washed over me out of nowhere...","My phone kept ringing but I let it go to voicemail every time... I sat with my back to the wall at the restaurant, scanning the exit doors... I sat with my back to the wall at the restaurant, scanning the exit doors...",PTSD
P018,59,Male,"Investment Banker",Master's,normal,standard,No,professional,"I spent five hours prolonged attentional focus a random Wikipedia article about history. Had some time to reflect on my personal goals and felt quite optimistic. My thoughts are swirling around like a hurricane and I can't catch one. I had a really productive morning and felt a nice sense of accomplishment. My mind feels like it's severe cognitive hyperactivity competing for space at once. I spent three hours overanalyzing a single text message from my colleague. I am constantly starting new tasks while my desk is covered in unfinished work. I dealt with a minor transient stressor today but managed to keep things in perspective. Today felt balanced, calm, and relatively straightforward.","Woke up gasping for air, drenched in sweat from another intense nightmare. Woke up with a massive burst of creative energy at 3 AM and started painting. Cooked a nutritious dinner with fresh vegetables and slept very soundly. My shoulders are permanently glued to my ears from pure tension. I forgot to eat lunch again because I was rearranging my bookshelf by color. I have been pacing around my room for an hour trying to remember what I was doing. I have been pacing around my room for an hour trying to remember what I was doing. I feel incredibly dizzy and nauseous from this constant state of alertness. Woke up with a massive burst of creative energy at 3 AM and started painting.","I feel completely existential alienation to the world, and maybe that's for the best. I went to a small gathering but felt like everyone was silently judging me. My friends asked me to choose a restaurant and my brain completely froze from pressure.","My mind feels like it's severe cognitive hyperactivity competing for space at once. I feel this intense restlessness and boredom that actually feels physically uncomfortable. My attention is constantly drifting off in the middle of standard conversations. My attention is constantly drifting off in the middle of standard conversations. Today felt balanced, calm, and relatively straightforward. I spent five hours prolonged attentional focus a random Wikipedia article about history. I am constantly starting new tasks while my desk is covered in unfinished work. My attention is constantly drifting off in the middle of standard conversations.","I recalled a random fact about space that I learned in school instead of working. Remembering old failures and worrying that history is bound to repeat itself today. I recalled some helpful advice my mentor gave me a few years ago. My brain is on a constant loop of recalling every friendship I've ruined. I recalled a random fact about space that I learned in school instead of working. I keep remembering all these great ideas I had but never actually finished. I keep remembering all these great ideas I had but never actually finished.","I feel so restless, like I need to run away but I don't know where. I cried in the shower this morning for no concrete reason. I feel so frustrated with my executive attention impairments and pay attention. My attention is constantly drifting off in the middle of standard conversations.","I interrupted my friend three times today because I was excited about an idea. My friends asked me to choose a restaurant and my brain completely froze from pressure. Had an absolute blast hanging out with Marcus and Jenna at the local park.",ADHD
P019,48,Non-binary,"AI Ethics Researcher",PhD,sarcastic,minimal,No,academic,"I have checked my locked door five times already tonight. My inbox is overflowing with urgent requests that aren't actually urgent. Had some time to reflect on my personal goals and felt quite optimistic.","Sleeping for twelve hours didn't do anything to cure this tiredness. I forgot to eat lunch today, honestly food just tastes like cardboard lately. Sleeping for twelve hours didn't do anything to cure this tiredness. My hands are shaking so much that typing is becoming a struggle. My shoulders are permanently glued to my ears from pure tension. My body feels heavy, sluggish, and constantly on the verge of collapsing.","Spoiler alert: i interrupted my friend three times today because I was excited about an idea. I rehearsed my entire conversation in my head before saying a single word. I went to a small gathering but felt like everyone was silently judging me. Fabulous, just fabulous. i cancelled our weekend plans because I can't pretend to be happy. I just want to be left alone in a dark room with absolutely zero noise.","There is this deep ache in my chest that refuses to lift. I feel this constant, generalized somatic hyperarousal in the pit of my stomach. I feel so restless, like I need to run away but I don't know where. They keep asking for more deliverables but my tank has been empty for weeks. I am completely paralyzed by the fear of making a terrible mistake. I simply do not care about these performance milestones anymore. Every single email from my manager feels like a personal attack. Fabulous, just fabulous. i have checked my locked door five times already tonight.","My mind suddenly recalled a minor argument from five years ago and now I can't sleep. Stumbled upon an old project folder and couldn't believe how much effort I used to put in. Another day, another masterpiece of timing. my brain is on a constant loop of recalling every friendship I've ruined. Thinking back to last year when I had motivation and drive. Another day, another masterpiece of timing. i recalled how excited I was on my first day here, which feels like a comedy now.","Had some time to reflect on my personal goals and felt quite optimistic. In a shocking turn of events, there is this deep ache in my chest that refuses to lift. I dealt with a minor transient stressor today but managed to keep things in perspective.","Spoiler alert: sarah invited me out for drinks but I ignored her text message. Because why not, i don't have the emotional capacity to listen to anyone else's problems. I just want to be left alone in a dark room with absolutely zero noise. In a shocking turn of events, i am terrified that I said something stupid and ruined my friendship.",Burnout
P020,33,Non-binary,"Marketing Specialist",Bachelor's,disorganized,minimal,No,colloquial,"I feel content and at peace with where things are headed right now. A sudden loud noise in the street made my heart shoot into my throat. I felt a wave of gratitude while drinking my tea and watching the rain. I felt a wave of gratitude while drinking my tea and watching the rain. I had a really productive morning and felt a nice sense of accomplishment. I feel content and at peace with where things are headed right now. I felt a wave of gratitude while drinking my tea and watching the rain. I dealt with a minor setback today but managed to keep things in perspective.","My hands are shaking so much that typing is becoming a struggle. Woke up feeling refreshed and ready to take on the day's tasks. My limbs feel like they are filled with lead blocks. Woke up feeling refreshed and ready to take on the day's tasks. Woke up feeling refreshed and ready to take on the day's tasks. My stomach is in knots and I am constantly on edge. Took a nice afternoon stretch and drank plenty of water today. My chest feels incredibly tight, like someone is standing on it. Woke up feeling refreshed and ready to take on the day's tasks.","I had a really honest, supportive conversation with my mom on the phone. We went out to a new Italian bistro in town and laughed for hours. Everyone else is out living their lives while I am stuck in this quicksand. Had an absolute blast hanging out with Marcus and Jenna at the local park. Had an absolute blast hanging out with Marcus and Jenna at the local park. Spent a quiet evening playing board games with my family, which was lovely. We went out to a new Italian bistro in town and laughed for hours. I totally forgot to reply to ten text messages that I opened this morning. I snapped at my brother when he startled me by walking into the kitchen.","I feel this intense restlessness and boredom that actually feels physically uncomfortable. I feel this profound sense of unsafety even in my own locked home. I dealt with a minor setback today but managed to keep things in perspective. My thoughts are swirling around like a hurricane and I can't catch one. I feel so restless, like I need to run away but I don't know where. I felt a wave of gratitude while drinking my tea and watching the rain. I dealt with a minor setback today but managed to keep things in perspective. I had a really productive morning and felt a nice sense of accomplishment. Today felt balanced, calm, and relatively straightforward. I feel content and at peace with where things are headed right now.","Thought about that chore I started this morning and realized it is still half-done. I was remembering our summer trip and smiling at the memories. I keep remembering all these great ideas I had but never actually finished. Thought about how much I've grown over the last few years and felt proud. I recalled some helpful advice my mentor gave me a few years ago. Thought about how much I've grown over the last few years and felt proud. I recalled some helpful advice my mentor gave me a few years ago. Suddenly remembered that bill I was supposed to pay three weeks ago. I was remembering our summer trip and smiling at the memories. Thought about how much I've grown over the last few years and felt proud.","I feel content and at peace with where things are headed right now. I had a really productive morning and felt a nice sense of accomplishment. I feel so frustrated with my inability to just settle down and pay attention. The cynic in me is completely taking over at this point. I felt a wave of gratitude while drinking my tea and watching the rain. A wave of intense, irrational anger washed over me out of nowhere. I dealt with a minor setback today but managed to keep things in perspective.","I avoid going to crowded places because they trigger a deep panic. Had an absolute blast hanging out with Marcus and Jenna at the local park.",Healthy
P021,62,Female,"Receptionist",High School,normal,standard,No,simple,"My inbox is overflowing with urgent requests that aren't actually urgent. I am so tired of feeling like an absolute burden to everyone around me. I feel this constant, buzzing dread in the pit of my stomach. Nothing seems to bring even a flicker of interest or pleasure anymore.","My heart is pounding against my ribs for absolutely no reason. I have been pacing around my room for an hour trying to remember what I was doing. My throat feels tight and it feels like I am struggling to get enough oxygen. Even taking a shower felt like an Olympian task that required days of planning. My limbs feel like they are filled with lead blocks. I am constantly fidgeting, tapping my feet, and chewing on my pen. Cooked a nutritious dinner with fresh vegetables and slept very soundly. Cooked a nutritious dinner with fresh vegetables and slept very soundly. I feel incredibly dizzy and nauseous from this constant state of alertness.","I feel completely invisible to the world, and maybe that's for the best. My phone kept ringing but I let it go to voicemail every time. I feel so isolated, but the thought of talking to someone makes me shudder. I feel so isolated, but the thought of talking to someone makes me shudder. Sarah invited me out for drinks but I ignored her text message. My friends asked me to choose a restaurant and my brain completely froze from pressure. My friends asked me to choose a restaurant and my brain completely froze from pressure. I feel so isolated, but the thought of talking to someone makes me shudder.","Nothing seems to bring even a flicker of interest or pleasure anymore. Woke up staring at the ceiling, dreading the morning standup.","I was thinking about how simple things used to be before this heaviness took over. My brain is on a constant loop of recalling every friendship I've ruined. I keep remembering old mistakes and cringing at my younger self. My mind suddenly recalled a minor argument from five years ago and now I can't sleep. I look at old photos of me smiling and wonder who that person was. My mind suddenly recalled a minor argument from five years ago and now I can't sleep. I keep remembering old mistakes and cringing at my younger self. I keep remembering old mistakes and cringing at my younger self. I keep remembering old mistakes and cringing at my younger self.","I am completely paralyzed by the fear of making a terrible mistake. I had a really productive morning and felt a nice sense of accomplishment. Every single email from my manager feels like a personal attack. I feel incredibly guilty for wasting another entire day doing nothing. There is this deep ache in my chest that refuses to lift. There is a persistent, heavy grey fog sitting over everything today. Nothing seems to bring even a flicker of interest or pleasure anymore.","My phone kept ringing but I let it go to voicemail every time. I ended up leaving early because the crowded room felt suffocating. Everyone else is out living their lives while I am stuck in this quicksand. My friends asked me to choose a restaurant and my brain completely froze from pressure. I just want to be left alone in a dark room with absolutely zero noise. My phone kept ringing but I let it go to voicemail every time. I feel completely invisible to the world, and maybe that's for the best. My friends asked me to choose a restaurant and my brain completely froze from pressure.",Depression
P022,59,Male,"Urban Planner",Master's,highly-emotional,exclamations,No,colloquial,"Every minor detail feels like a massive crisis waiting to happen!!! A wave of intense, irrational anger washed over me out of nowhere! I am completely paralyzed by the fear of making a terrible mistake! My mind is on an absolute loop of 'catastrophic cognitive distortions' that I cannot shut down! Everything feels incredibly urgent and I am constantly anticipatory panic cycles! My thoughts are swirling around like a hurricane and I can't catch one! I am constantly starting new tasks while my desk is covered in unfinished work! I feel so restless, like I need to run away but I don't know where! I am completely paralyzed by the fear of making a terrible mistake!","My chest feels incredibly tight, like someone is standing on it! I went for a long run after work and felt a great release of tension! My hands are shaking so much that typing is becoming a struggle! My heart is pounding against my ribs for absolutely no reason! My body feels heavy, sluggish, and constantly on the verge of collapsing!","Spent a quiet evening playing board games with my family, which was lovely! I rehearsed my entire conversation in my head before saying a single word! I just want to be left alone in a dark room with absolutely zero noise! My partner tried to talk about dinner and I completely snapped at them! I rehearsed my entire conversation in my head before saying a single word! I totally forgot to reply to ten text messages that I opened this morning! We went out to a new Italian bistro in town and laughed for hours! I went to a small gathering but felt like everyone was silently judging me! Cancelling plans has become my favorite hobby lately because of my exhaustion! I went to a small gathering but felt like everyone was silently judging me!","I simply do not care about these performance milestones anymore! I had a really productive morning and felt a nice sense of accomplishment! I feel completely emotional blunting, as if all my emotions have been drained out!","I recalled how excited I was on my first day here, which feels like a comedy now! I keep remembering that one presentation where my voice cracked! I was thinking about how simple things used to be before this heaviness took over! I remember when I actually used to be passionate about this job!!! I keep remembering old mistakes and cringing at my younger self! I keep playing back embarrassing moments in my head on repeat!","The existential disillusionment in me is completely taking over at this point!!! I feel so restless, like I need to run away but I don't know where!","I ended up leaving early because the crowded room felt suffocating! My phone kept ringing but I let it go to voicemail every time! I rehearsed my entire conversation in my head before saying a single word! I am terrified that I said something stupid and ruined my friendship!!! My friends asked me to choose a restaurant and my brain completely froze from pressure! I am terrified that I said something stupid and ruined my friendship!!!",Anxiety
P023,44,Female,"Investment Banker",Master's,abbreviated,standard,Yes,professional,"My brain is running at a hundred miles an hour but going nowhere. My nervous system is stuck on high alert and I can't seem to turn it off. I am so tired of feeling like an absolute psychological liability to everyone around me. I felt incredibly hypervigilant sensory responses all day, constantly checking behind my back. I spent three hours overanalyzing a single text message from my colleague. I feel completely pronounced depersonalization/dissociation, like I'm watching myself from above. There is this deep ache in my chest that refuses to lift.","My throat feels tight and it feels like I am struggling to get enough oxygen. I have zero energy left to even brush my hair or change my clothes. My hands are shaking so much that typing is becoming a struggle. My body is exhausted from being in a perpetual state of fight-or-flight. My stomach is in knots and I am constantly on edge. I feel incredibly dizzy and nauseous from this constant state of alertness. I have zero energy left to even brush my hair or change my clothes. Woke up gasping for air, drenched in sweat from another intense nightmare. I have zero energy left to even brush my hair or change my clothes.","I rehearsed my entire conversation in my head before saying a single word. My phone kept ringing but I let it go to voicemail every time. My phone kept ringing but I let it go to voicemail every time. I am terrified that I said sth stupid and ruined my friendship. My partner tried to talk about dinner and I completely snapped at them. Everyone else is out living their lives while I am stuck in this depressive paralysis.","I feel this profound sense of persistent threat-appraisal bias even in my own locked home. I felt incredibly hypervigilant sensory responses all day, constantly checking behind my back.","I spent the afternoon trying to push down images of past experiences that kept resurfacing. I keep playing back embarrassing moments in my head on repeat. I was thinking about how simple things used to be before this heaviness took over. I keep remembering old mistakes and cringing at my younger self.","I feel completely pronounced depersonalization/dissociation, like I'm watching myself from above. I felt incredibly hypervigilant sensory responses all day, constantly checking behind my back. I have been sitting at my desk for nine hours and demonstrated negligible cognitive productivity. My brain is running at a hundred miles an hour but going nowhere. Everything feels incredibly urgent and I am constantly anticipatory panic cycles. I feel completely pronounced depersonalization/dissociation, like I'm watching myself from above. I felt a positive psychological orientation while drinking my tea and watching the rain. My nervous system is stuck on high alert and I can't seem to turn it off. The silence in my apartment is deafening, yet I don't want to break it. A sudden loud noise in the street made my heart shoot into my throat.","I am putting up massive walls to keep ppl from getting too close to me. I rehearsed my entire conversation in my head before saying a single word. I went to a small gathering but felt like everyone was silently judging me. I went to a small gathering but felt like everyone was silently judging me. I am terrified that I said sth stupid and ruined my friendship. I rehearsed my entire conversation in my head before saying a single word.",PTSD
P024,19,Female,"Receptionist",High School,disorganized,minimal,Yes,simple,"I feel so frustrated w/ my inability to just settle down and pay attention. I spent five hours completely lost in reading a random Wikipedia article about history.","I have been pacing around my room for an hour trying to remember what I was doing. My chest feels incredibly tight, like someone is standing on it. I went for a long run after work and felt a great release of tension. My hands are shaking so much that typing is becoming a struggle. Woke up feeling refreshed and ready to take on the day's tasks. My chest feels incredibly tight, like someone is standing on it.","My partner tried to talk about dinner and I completely snapped at them. I interrupted my friend three times today bcs I was excited about an idea. I am terrified that I said sth stupid and ruined my friendship. I lost my car keys twice today and was late meeting my friends, again. I totally forgot to reply to ten text messages that I opened this morning. I lost my car keys twice today and was late meeting my friends, again. I interrupted my friend three times today bcs I was excited about an idea. I interrupted my friend three times today bcs I was excited about an idea.","I feel this intense restlessness and boredom that actually feels physically uncomfortable. Today felt balanced, calm, and relatively straightforward. I am constantly starting new tasks while my desk is covered in unfinished work. I spent five hours completely lost in reading a random Wikipedia article about history. I feel this constant, buzzing dread in the pit of my stomach.","I recalled a random fact about space that I learned in school instead of working. I keep remembering old mistakes and cringing at my younger self. I look at old photos of me smiling and wonder who that person was. Suddenly remembered that bill I was supposed to pay three weeks ago. My mind suddenly recalled a minor argument from five years ago and now I can't sleep. Thought about how much I've grown over the last few years and felt proud. I spent the afternoon trying to push down images of past experiences that kept resurfacing. My brain is on a constant loop of recalling every friendship I've ruined. I keep playing back embarrassing moments in my head on repeat.","I felt a wave of gratitude while drinking my tea and watching the rain. My mind feels like it's racing w/ twenty different thoughts competing for space at once. I felt a wave of gratitude while drinking my tea and watching the rain. It feels like I am carrying a mountain on my back just to walk to the kitchen. I spent five hours completely lost in reading a random Wikipedia article about history. I spent three hours overanalyzing a single text message from my colleague. I feel so frustrated w/ my inability to just settle down and pay attention. Every minor detail feels like a massive crisis waiting to happen.","I totally forgot to reply to ten text messages that I opened this morning. I cancelled our weekend plans bcs I can't pretend to be happy.",ADHD
P025,60,Male,"AI Ethics Researcher",PhD,formal,ellipses,No,academic,"I tried to read my book but the words just swam around without meaning... I feel optimal affective equilibrium and at peace with where things are headed right now... They keep asking for more deliverables but my tank has been empty for weeks... Woke up staring at the ceiling, experiencing acute anticipatory occupational anxiety... My brain is running at a hundred miles an hour but going nowhere... I have been sitting at my desk for nine hours and demonstrated negligible cognitive productivity... I cried in the shower this morning for no concrete reason... The existential disillusionment in me is completely taking over at this point... Every minor detail feels like a massive crisis waiting to happen... I feel so frustrated with my executive attention impairments and pay attention...","I forgot to eat lunch today, honestly food just tastes like cardboard lately... My limbs feel like they are filled with lead blocks...","I don't have the emotional capacity to listen to anyone else's problems... I feel so isolated, but the thought of talking to someone makes me shudder... I just want to be left alone in a dark room with absolutely zero noise... My friends asked me to choose a restaurant and my brain completely froze from pressure... Sarah invited me out for drinks but I ignored her text message... My friends asked me to choose a restaurant and my brain completely froze from pressure... I sat with my back to the wall at the restaurant, scanning the exit doors... I cancelled our weekend plans because I can't pretend to be happy... I cancelled our weekend plans because I can't pretend to be happy...","It feels like I am carrying a mountain on my back just to walk to the kitchen... Woke up at 2 PM and lay in bed staring at the wall until dark... My clients are complaining and I feel completely disconnected from the outcomes... A sudden loud noise in the street made my heart shoot into my throat... I am so tired of feeling like an absolute psychological liability to everyone around me... They keep asking for more deliverables but my tank has been empty for weeks...","I recalled how excited I was on my first day here, which feels like a comedy now... Remembering old failures and worrying that history is bound to repeat itself today... I recalled how excited I was on my first day here, which feels like a comedy now... I was thinking about how simple things used to be before this heaviness took over... A specific smell today instantly transported me back to that the distressing index event in my past... Remembering old times with high school friends made me text them to catch up... I keep remembering that one presentation where my voice cracked... I was thinking about how simple things used to be before this heaviness took over... I was thinking about how simple things used to be before this heaviness took over...","Woke up at 2 PM and lay in bed staring at the wall until dark... Another meeting that could have been an email, wasting my remaining energy... I spent five hours prolonged attentional focus a random Wikipedia article about history... Every single email from my manager feels like a personal attack... My brain is running at a hundred miles an hour but going nowhere... I simply do not care about these performance milestones anymore... Everything feels incredibly urgent and I am constantly anticipatory panic cycles... I simply do not care about these performance milestones anymore... I had a really productive morning and felt a nice sense of accomplishment...","I don't have the emotional capacity to listen to anyone else's problems... Cancelling plans has become my favorite hobby lately because of my exhaustion... My partner tried to talk about dinner and I completely snapped at them... I just want to be left alone in a dark room with absolutely zero noise... My partner tried to talk about dinner and I completely snapped at them... I feel completely existential alienation to the world, and maybe that's for the best... I feel so isolated, but the thought of talking to someone makes me shudder... I interrupted my friend three times today because I was excited about an idea... I don't have the emotional capacity to listen to anyone else's problems... My partner tried to talk about dinner and I completely snapped at them...",Burnout
P026,19,Male,"Astrophysicist",PhD,formal,minimal,No,academic,"It feels like I am carrying a mountain on my back just to walk to the kitchen. I felt a positive psychological orientation while drinking my tea and watching the rain. Every single email from my manager feels like a personal attack. My clients are complaining and I feel completely disconnected from the outcomes. I felt a positive psychological orientation while drinking my tea and watching the rain. It feels like I am carrying a mountain on my back just to walk to the kitchen. I feel optimal affective equilibrium and at peace with where things are headed right now. They keep asking for more deliverables but my tank has been empty for weeks. My attention is constantly drifting off in the middle of standard conversations.","I am constantly fidgeting, tapping my feet, and chewing on my pen. Even taking a shower felt like an Olympian task that required days of planning. My hands are shaking so much that typing is becoming a struggle. I forgot to eat lunch today, honestly food just tastes like cardboard lately. I feel like a severe depersonalization state of myself, just going through the motions. Woke up feeling refreshed and ready to take on the day's tasks. I forgot to eat lunch today, honestly food just tastes like cardboard lately. I feel physically energetic, healthy, and in tune with my body's needs. Drinking my fourth cup of coffee today just to keep my eyes open. Took a nice afternoon stretch and drank plenty of water today.","Had an absolute blast hanging out with Marcus and Jenna at the local park. I was able to support my coworker through a difficult issue today. I sat with my back to the wall at the restaurant, scanning the exit doors. Had an absolute blast hanging out with Marcus and Jenna at the local park. Everyone else is out living their lives while I am stuck in this depressive paralysis.","I dealt with a minor transient stressor today but managed to keep things in perspective. I spent five hours prolonged attentional focus a random Wikipedia article about history.","I was remembering our summer trip and smiling at the memories. Thought about how much I've grown over the last few years and felt proud. My mind suddenly recalled a minor argument from five years ago and now I can't sleep. Remembering old times with high school friends made me text them to catch up. I was remembering our summer trip and smiling at the memories.","I felt a positive psychological orientation while drinking my tea and watching the rain. Today felt balanced, calm, and relatively straightforward.","We went out to a new Italian bistro in town and laughed for hours. I went to a small gathering but felt like everyone was silently judging me. I totally forgot to reply to ten text messages that I opened this morning. I had a really honest, supportive conversation with my mom on the phone. I had a really honest, supportive conversation with my mom on the phone. I was able to support my coworker through a difficult issue today. Had an absolute blast hanging out with Marcus and Jenna at the local park. We went out to a new Italian bistro in town and laughed for hours. I went to a small gathering but felt like everyone was silently judging me.",Healthy
P027,51,Male,"Clinical Neuropsychologist",PhD,formal,standard,No,academic,"My attention is constantly drifting off in the middle of standard conversations. My thoughts are swirling around like a hurricane and I can't catch one. My brain is running at a hundred miles an hour but going nowhere. I am so incredibly overwhelmed by the sheer volume of my own thoughts. I cried in the shower this morning for no concrete reason. I spent the afternoon copy-pasting numbers on a spreadsheet while feeling like a zombie. My clients are complaining and I feel completely disconnected from the outcomes.","My chest feels incredibly tight, like someone is standing on it. Sleeping for twelve hours didn't do anything to cure this tiredness. I forgot to eat lunch today, honestly food just tastes like cardboard lately. I have been pacing around my room for an hour trying to remember what I was doing.","We went out but my mind drifted and I missed the entire punchline of the story. I cancelled our weekend plans because I can't pretend to be happy. My friends asked me to choose a restaurant and my brain completely froze from pressure. I feel so isolated, but the thought of talking to someone makes me shudder. My phone kept ringing but I let it go to voicemail every time. My phone kept ringing but I let it go to voicemail every time. I ended up leaving early because the crowded room felt suffocating. I feel completely existential alienation to the world, and maybe that's for the best. I rehearsed my entire conversation in my head before saying a single word.","There is this deep ache in my chest that refuses to lift. I feel incredibly guilty for wasting another entire day doing nothing. A sudden loud noise in the street made my heart shoot into my throat. There is this deep ache in my chest that refuses to lift. It feels like I am carrying a mountain on my back just to walk to the kitchen. The silence in my apartment is deafening, yet I don't want to break it. My attention is constantly drifting off in the middle of standard conversations. Nothing seems to bring even a flicker of interest or pleasure anymore.","I keep playing back embarrassing moments in my head on repeat. I look at old photos of me smiling and wonder who that person was. Thought about that chore I started this morning and realized it is still half-done.","I am so incredibly overwhelmed by the sheer volume of my own thoughts. My thoughts are swirling around like a hurricane and I can't catch one. I feel completely emotional blunting, as if all my emotions have been drained out. My thoughts are swirling around like a hurricane and I can't catch one. I spent five hours prolonged attentional focus a random Wikipedia article about history.","Everyone else is out living their lives while I am stuck in this depressive paralysis. My phone kept ringing but I let it go to voicemail every time. I feel completely existential alienation to the world, and maybe that's for the best. I just want to be left alone in a dark room with absolutely zero noise. I don't have the emotional capacity to listen to anyone else's problems. My partner tried to talk about dinner and I completely snapped at them. I had a really honest, supportive conversation with my mom on the phone.",Depression
P028,60,Male,"Marketing Specialist",Bachelor's,narrative,standard,No,colloquial,"Everything feels incredibly urgent and I am constantly waiting for the other shoe to drop. Everything feels incredibly urgent and I am constantly waiting for the other shoe to drop. I spent three hours overanalyzing a single text message from my colleague.","I have zero energy left to even brush my hair or change my clothes. My shoulders are permanently glued to my ears from pure tension. I forgot to eat lunch today, honestly food just tastes like cardboard lately. Sleeping for twelve hours didn't do anything to cure this tiredness. My heart is pounding against my ribs for absolutely no reason. My chest feels incredibly tight, like someone is standing on it. I feel incredibly dizzy and nauseous from this constant state of alertness. My heart is pounding against my ribs for absolutely no reason. My body feels heavy, sluggish, and constantly on the verge of collapsing.","Everyone else is out living their lives while I am stuck in this quicksand. Sarah invited me out for drinks but I ignored her text message. My friends asked me to choose a restaurant and my brain completely froze from pressure. I cancelled our weekend plans because I can't pretend to be happy. I just want to be left alone in a dark room with absolutely zero noise. My friends asked me to choose a restaurant and my brain completely froze from pressure. I am terrified that I said something stupid and ruined my friendship.","I feel completely numb, as if all my emotions have been drained out. Everything feels incredibly urgent and I am constantly waiting for the other shoe to drop. I feel this constant, buzzing dread in the pit of my stomach. I have checked my locked door five times already tonight. I spent three hours overanalyzing a single text message from my colleague. I am constantly starting new tasks while my desk is covered in unfinished work. I am completely paralyzed by the fear of making a terrible mistake.","My mind suddenly recalled a minor argument from five years ago and now I can't sleep. I keep remembering that one presentation where my voice cracked. I was thinking about how simple things used to be before this heaviness took over. My mind suddenly recalled a minor argument from five years ago and now I can't sleep. Suddenly remembered that bill I was supposed to pay three weeks ago. I was remembering our summer trip and smiling at the memories. My mind suddenly recalled a minor argument from five years ago and now I can't sleep.","I cried in the shower this morning for no concrete reason. My thoughts are swirling around like a hurricane and I can't catch one. Nothing seems to bring even a flicker of interest or pleasure anymore. I feel so frustrated with my inability to just settle down and pay attention. I feel content and at peace with where things are headed right now. My brain is running at a hundred miles an hour but going nowhere.","I cancelled our weekend plans because I can't pretend to be happy. I just want to be left alone in a dark room with absolutely zero noise. I am terrified that I said something stupid and ruined my friendship. I feel completely invisible to the world, and maybe that's for the best. My friends asked me to choose a restaurant and my brain completely froze from pressure. I ended up leaving early because the crowded room felt suffocating. My friends asked me to choose a restaurant and my brain completely froze from pressure. I feel completely invisible to the world, and maybe that's for the best. I am terrified that I said something stupid and ruined my friendship.",Anxiety
P029,61,Female,"Construction Worker",High School,disorganized,exclamations,Yes,colloquial,"My mind is on an absolute loop of 'what-ifs' that I cannot shut down! I feel completely detached from my body, like I'm watching myself from above!!! A sudden loud noise in the street made my heart shoot into my throat! My thoughts are swirling around like a hurricane and I can't catch one! I feel completely detached from my body, like I'm watching myself from above! Every single email from my manager feels like a personal attack!!! My nervous system is stuck on high alert and I can't seem to turn it off! Nothing seems to bring even a flicker of interest or pleasure anymore! I feel this profound sense of unsafety even in my own locked home!!!","I feel incredibly dizzy and nauseous from this constant state of alertness! My chest feels incredibly tight, like someone is standing on it!!! I feel incredibly dizzy and nauseous from this constant state of alertness! My throat feels tight and it feels like I am struggling to get enough oxygen!","I avoid going to crowded places bcs they trigger a deep panic! Sarah invited me out for drinks but I ignored her text message!","My brain is running at a hundred miles an hour but going nowhere! I feel this profound sense of unsafety even in my own locked home! I feel this profound sense of unsafety even in my own locked home! I spent three hours overanalyzing a single text message from my colleague! I have checked my locked door five times already tonight!","I keep remembering that one presentation where my voice cracked! I keep remembering that one presentation where my voice cracked! My brain is on a constant loop of recalling every friendship I've ruined!","I felt incredibly jumpy all day, constantly checking behind my back! I am so incredibly overwhelmed by the sheer volume of my own thoughts! I tried to read my book but the words just swam around w/o meaning! My mind is on an absolute loop of 'what-ifs' that I cannot shut down! A sudden loud noise in the street made my heart shoot into my throat!","I was able to support my coworker through a difficult issue today! I sat w/ my back to the wall at the restaurant, scanning the exit doors! I feel like an outsider who can't connect w/ normal human experiences!",PTSD
P030,31,Non-binary,"Astrophysicist",PhD,disorganized,minimal,Yes,academic,"I feel this constant, generalized somatic hyperarousal in the pit of my stomach. I feel incredibly guilty for wasting another entire day doing nothing. Woke up at 2 PM and lay in bed staring at the wall until dark. I feel optimal affective equilibrium and at peace w/ where things are headed right now. My mind feels like it's severe cognitive hyperactivity competing for space at once. There is a persistent, heavy severe anhedonic state sitting over everything today.","My hands are always busy w/ sth, I simply cannot sit quiet. My heart is pounding against my ribs for absolutely no reason. Cooked a nutritious dinner w/ fresh vegetables and slept very soundly. My hands are always busy w/ sth, I simply cannot sit quiet. I have zero energy left to even brush my hair or change my clothes. My hands are shaking so much that typing is becoming a struggle.","I cancelled our weekend plans bcs I can't pretend to be happy. I interrupted my friend three times today bcs I was excited about an idea. I interrupted my friend three times today bcs I was excited about an idea. We went out but my mind drifted and I missed the entire punchline of the story. Had an absolute blast hanging out w/ Marcus and Jenna at the local park. We went out to a new Italian bistro in town and laughed for hours. I snapped at my brother when he startled me by walking into the kitchen. My phone kept ringing but I let it go to voicemail every time.","I am constantly starting new tasks while my desk is covered in unfinished work. My mind feels like it's severe cognitive hyperactivity competing for space at once. My mind feels like it's severe cognitive hyperactivity competing for space at once. They keep asking for more deliverables but my tank has been empty for weeks.","I keep playing back embarrassing moments in my head on repeat. I recalled some helpful advice my mentor gave me a few years ago. I recalled a random fact about space that I learned in school instead of working. Suddenly remembered that bill I was supposed to pay three weeks ago. Thought about that chore I started this morning and realized it is still half-done. I keep remembering all these great ideas I had but never actually finished. I recalled a random fact about space that I learned in school instead of working. Suddenly remembered that bill I was supposed to pay three weeks ago. I keep remembering that one presentation where my voice cracked. Suddenly remembered that bill I was supposed to pay three weeks ago.","There is a persistent, heavy severe anhedonic state sitting over everything today. I feel so frustrated w/ my executive attention impairments and pay attention. My clients are complaining and I feel completely disconnected from the outcomes. I feel this intense restlessness and boredom that actually feels physically uncomfortable. My attention is constantly drifting off in the middle of standard conversations. I am completely paralyzed by the fear of making a terrible mistake. I feel incredibly guilty for wasting another entire day doing nothing.","I lost my car keys twice today and was late meeting my friends, again. I cancelled our weekend plans bcs I can't pretend to be happy. We went out but my mind drifted and I missed the entire punchline of the story. I totally forgot to reply to ten text messages that I opened this morning.",ADHD
P031,35,Non-binary,"Financial Analyst",Bachelor's,formal,ellipses,No,colloquial,"Woke up at 2 PM and lay in bed staring at the wall until dark... The silence in my apartment is deafening, yet I don't want to break it... I feel incredibly guilty for wasting another entire day doing nothing... I simply do not care about these performance milestones anymore... I am completely paralyzed by the fear of making a terrible mistake... My clients are complaining and I feel completely disconnected from the outcomes... Every minor detail feels like a massive crisis waiting to happen... I cried in the shower this morning for no concrete reason...","My throat feels tight and it feels like I am struggling to get enough oxygen... I feel like a hollow shell of myself, just going through the motions... My throat feels tight and it feels like I am struggling to get enough oxygen... Took a nice afternoon stretch and drank plenty of water today... My body feels heavy, sluggish, and constantly on the verge of collapsing... I am physically exhausted but as soon as my head hits the pillow, my brain stays awake... My shoulders are permanently glued to my ears from pure tension... Drinking my fourth cup of coffee today just to keep my eyes open... I forgot to eat lunch today, honestly food just tastes like cardboard lately...","I don't have the emotional capacity to listen to anyone else's problems... My phone kept ringing but I let it go to voicemail every time... I avoid going to crowded places because they trigger a deep panic... I went to a small gathering but felt like everyone was silently judging me... I rehearsed my entire conversation in my head before saying a single word... My partner tried to talk about dinner and I completely snapped at them... Cancelling plans has become my favorite hobby lately because of my exhaustion... I cancelled our weekend plans because I can't pretend to be happy... My partner tried to talk about dinner and I completely snapped at them... Spent a quiet evening playing board games with my family, which was lovely...","I spent three hours overanalyzing a single text message from my colleague... I looked at my computer screen and literally wanted to throw it out the window... Woke up at 2 PM and lay in bed staring at the wall until dark... Woke up staring at the ceiling, dreading the morning standup... I have checked my locked door five times already tonight...","Remembering old times with high school friends made me text them to catch up... I look at old photos of me smiling and wonder who that person was... My brain is on a constant loop of recalling every friendship I've ruined...","I spent five hours completely lost in reading a random Wikipedia article about history... I looked at my computer screen and literally wanted to throw it out the window... I spent the afternoon copy-pasting numbers on a spreadsheet while feeling like a zombie... Every single email from my manager feels like a personal attack... They keep asking for more deliverables but my tank has been empty for weeks... Today felt balanced, calm, and relatively straightforward... I looked at my computer screen and literally wanted to throw it out the window... I feel this constant, buzzing dread in the pit of my stomach...","Had an absolute blast hanging out with Marcus and Jenna at the local park... I ended up leaving early because the crowded room felt suffocating... I feel so isolated, but the thought of talking to someone makes me shudder... Spent a quiet evening playing board games with my family, which was lovely... Sarah invited me out for drinks but I ignored her text message... I don't have the emotional capacity to listen to anyone else's problems...",Burnout
P032,47,Female,"Receptionist",High School,highly-emotional,ellipses,No,simple,"I dealt with a minor setback today but managed to keep things in perspective... I dealt with a minor setback today but managed to keep things in perspective... I feel content and at peace with where things are headed right now... I dealt with a minor setback today but managed to keep things in perspective... A sudden loud noise in the street made my heart shoot into my throat... I dealt with a minor setback today but managed to keep things in perspective... Today felt balanced, calm, and relatively straightforward... Had some time to reflect on my personal goals and felt quite optimistic... I felt a wave of gratitude while drinking my tea and watching the rain... Today felt balanced, calm, and relatively straightforward...","Cooked a nutritious dinner with fresh vegetables and slept very soundly... I feel physically energetic, healthy, and in tune with my body's needs... I went for a long run after work and felt a great release of tension... Woke up feeling refreshed and ready to take on the day's tasks... Cooked a nutritious dinner with fresh vegetables and slept very soundly... My hands are always busy with something, I simply cannot sit quiet... Cooked a nutritious dinner with fresh vegetables and slept very soundly... Took a nice afternoon stretch and drank plenty of water today... I haven't had a full night of uninterrupted sleep in what feels like months...","I don't have the emotional capacity to listen to anyone else's problems... We went out to a new Italian bistro in town and laughed for hours... I was able to support my coworker through a difficult issue today... We went out to a new Italian bistro in town and laughed for hours... We went out to a new Italian bistro in town and laughed for hours... Spent a quiet evening playing board games with my family, which was lovely... I feel like an outsider who can't connect with normal human experiences... I rehearsed my entire conversation in my head before saying a single word...","I felt a wave of gratitude while drinking my tea and watching the rain... I had a really productive morning and felt a nice sense of accomplishment... I had a really productive morning and felt a nice sense of accomplishment... I had a really productive morning and felt a nice sense of accomplishment... I simply do not care about these performance milestones anymore...","I recalled some helpful advice my mentor gave me a few years ago... I was remembering our summer trip and smiling at the memories... Thought about how much I've grown over the last few years and felt proud... Remembering old times with high school friends made me text them to catch up...","The cynic in me is completely taking over at this point... Today felt balanced, calm, and relatively straightforward... I had a really productive morning and felt a nice sense of accomplishment... I feel completely detached from my body, like I'm watching myself from above... I had a really productive morning and felt a nice sense of accomplishment... I have been sitting at my desk for nine hours and accomplished absolutely nothing... I felt a wave of gratitude while drinking my tea and watching the rain... My clients are complaining and I feel completely disconnected from the outcomes... I feel content and at peace with where things are headed right now...","I had a really honest, supportive conversation with my mom on the phone... Spent a quiet evening playing board games with my family, which was lovely... Sarah invited me out for drinks but I ignored her text message... My phone kept ringing but I let it go to voicemail every time... We went out to a new Italian bistro in town and laughed for hours... We went out to a new Italian bistro in town and laughed for hours...",Healthy
P033,43,Male,"Senior Research Scientist",PhD,narrative,ellipses,No,academic,"It feels like I am carrying a mountain on my back just to walk to the kitchen... I feel incredibly guilty for wasting another entire day doing nothing... The silence in my apartment is deafening, yet I don't want to break it... I feel so restless, like I need to run away but I don't know where... Nothing seems to bring even a flicker of interest or pleasure anymore... Woke up at 2 PM and lay in bed staring at the wall until dark...","I feel like a severe depersonalization state of myself, just going through the motions... My limbs feel like they are filled with lead blocks... Woke up with a massive burst of creative energy at 3 AM and started painting... I have zero energy left to even brush my hair or change my clothes... My throat feels tight and it feels like I am struggling to get enough oxygen... Sleeping for twelve hours didn't do anything to cure this tiredness... I have zero energy left to even brush my hair or change my clothes...","I cancelled our weekend plans because I can't pretend to be happy... I had a really honest, supportive conversation with my mom on the phone... I just want to be left alone in a dark room with absolutely zero noise...","My inbox is overflowing with urgent requests that aren't actually urgent... Another meeting that could have been an email, wasting my remaining energy... I have been sitting at my desk for nine hours and demonstrated negligible cognitive productivity... I feel incredibly guilty for wasting another entire day doing nothing... They keep asking for more deliverables but my tank has been empty for weeks... My thoughts are swirling around like a hurricane and I can't catch one... My inbox is overflowing with urgent requests that aren't actually urgent... I spent three hours overanalyzing a single text message from my colleague...","Thought about how much I've grown over the last few years and felt proud... Remembering old failures and worrying that history is bound to repeat itself today... I remember when I actually used to be passionate about this job... I recalled how excited I was on my first day here, which feels like a comedy now... Thinking back to last year when I had motivation and drive... My brain is on a constant loop of recalling every friendship I've ruined... Remembering old failures and worrying that history is bound to repeat itself today... I was thinking about how simple things used to be before this heaviness took over...","My clients are complaining and I feel completely disconnected from the outcomes... I spent the afternoon copy-pasting numbers on a spreadsheet while feeling like a zombie... I spent the afternoon copy-pasting numbers on a spreadsheet while feeling like a zombie... I felt a positive psychological orientation while drinking my tea and watching the rain... I feel completely emotional blunting, as if all my emotions have been drained out... I am so incredibly overwhelmed by the sheer volume of my own thoughts... There is a persistent, heavy severe anhedonic state sitting over everything today... I am so tired of feeling like an absolute psychological liability to everyone around me... I am constantly starting new tasks while my desk is covered in unfinished work...","I feel completely existential alienation to the world, and maybe that's for the best... Cancelling plans has become my favorite hobby lately because of my exhaustion... My phone kept ringing but I let it go to voicemail every time... I cancelled our weekend plans because I can't pretend to be happy... Cancelling plans has become my favorite hobby lately because of my exhaustion...",Depression
P034,39,Male,"Graphic Designer",Bachelor's,highly-emotional,ellipses,No,colloquial,"My mind feels like it's racing with twenty different thoughts competing for space at once... Every minor detail feels like a massive crisis waiting to happen... I feel this constant, buzzing dread in the pit of my stomach... There is this deep ache in my chest that refuses to lift... The silence in my apartment is deafening, yet I don't want to break it... I feel this profound sense of unsafety even in my own locked home... I am completely paralyzed by the fear of making a terrible mistake... I spent three hours overanalyzing a single text message from my colleague... I am completely paralyzed by the fear of making a terrible mistake... I am so incredibly overwhelmed by the sheer volume of my own thoughts...","I have zero energy left to even brush my hair or change my clothes... I feel incredibly dizzy and nauseous from this constant state of alertness... I feel like a hollow shell of myself, just going through the motions... Sleeping for twelve hours didn't do anything to cure this tiredness...","I am terrified that I said something stupid and ruined my friendship... I feel bad for talking so fast that people struggle to keep up with me... Everyone else is out living their lives while I am stuck in this quicksand... I feel so isolated, but the thought of talking to someone makes me shudder... I went to a small gathering but felt like everyone was silently judging me... I feel so isolated, but the thought of talking to someone makes me shudder... I went to a small gathering but felt like everyone was silently judging me...","I feel so restless, like I need to run away but I don't know where... I simply do not care about these performance milestones anymore... A wave of intense, irrational anger washed over me out of nowhere... Every minor detail feels like a massive crisis waiting to happen... My attention is constantly drifting off in the middle of standard conversations... I feel this intense restlessness and boredom that actually feels physically uncomfortable... Another meeting that could have been an email, wasting my remaining energy... My mind is on an absolute loop of 'what-ifs' that I cannot shut down... Nothing seems to bring even a flicker of interest or pleasure anymore...","I look at old photos of me smiling and wonder who that person was... I was thinking about how simple things used to be before this heaviness took over... I keep remembering that one presentation where my voice cracked...","Everything feels incredibly urgent and I am constantly waiting for the other shoe to drop... I simply do not care about these performance milestones anymore... Every minor detail feels like a massive crisis waiting to happen...","I don't have the emotional capacity to listen to anyone else's problems... I ended up leaving early because the crowded room felt suffocating... Everyone else is out living their lives while I am stuck in this quicksand... Everyone else is out living their lives while I am stuck in this quicksand... I went to a small gathering but felt like everyone was silently judging me... I ended up leaving early because the crowded room felt suffocating...",Anxiety
P035,57,Female,"Senior Research Scientist",PhD,narrative,exclamations,Yes,academic,"A sudden loud noise in the street made my heart shoot into my throat! I have checked my locked door five times already tonight! A wave of intense, irrational anger washed over me out of nowhere! My nervous system is stuck on high alert and I can't seem to turn it off! My mind is on an absolute loop of 'catastrophic cognitive distortions' that I cannot shut down! I feel so frustrated w/ my executive attention impairments and pay attention! Every minor detail feels like a massive crisis waiting to happen!!!","My heart is pounding against my ribs for absolutely no reason! Woke up gasping for air, drenched in sweat from another intense nightmare! I feel incredibly dizzy and nauseous from this constant state of alertness!!! My stomach is in knots and I am constantly on edge! I have zero energy left to even brush my hair or change my clothes! My stomach is in knots and I am constantly on edge!","I sat w/ my back to the wall at the restaurant, scanning the exit doors! I just want to be left alone in a dark room w/ absolutely zero noise! I feel completely existential alienation to the world, and maybe that's for the best!!!","There is a persistent, heavy severe anhedonic state sitting over everything today! I felt incredibly hypervigilant sensory responses all day, constantly checking behind my back! Woke up at 2 PM and lay in bed staring at the wall until dark! A wave of intense, irrational anger washed over me out of nowhere!!! I felt incredibly hypervigilant sensory responses all day, constantly checking behind my back! Everything feels incredibly urgent and I am constantly anticipatory panic cycles! I feel completely pronounced depersonalization/dissociation, like I'm watching myself from above! I feel so frustrated w/ my executive attention impairments and pay attention!","I keep remembering that one presentation where my voice cracked! My mind suddenly recalled a minor argument from five years ago and now I can't sleep!!! Memories of what happened are crashing through my brain like uninvited ghosts! I was remembering our summer trip and smiling at the memories! I keep remembering that one presentation where my voice cracked! I keep remembering old mistakes and cringing at my younger self! I was thinking about how simple things used to be before this heaviness took over! I keep remembering all these great ideas I had but never actually finished! My mind suddenly recalled a minor argument from five years ago and now I can't sleep!","My nervous system is stuck on high alert and I can't seem to turn it off! My nervous system is stuck on high alert and I can't seem to turn it off! My brain is running at a hundred miles an hour but going nowhere! I felt incredibly hypervigilant sensory responses all day, constantly checking behind my back! My thoughts are swirling around like a hurricane and I can't catch one!!! I feel so restless, like I need to run away but idk where!!! I feel completely pronounced depersonalization/dissociation, like I'm watching myself from above!","I avoid going to crowded places bcs they trigger a deep panic! I rehearsed my entire conversation in my head before saying a single word! I cancelled our weekend plans bcs I can't pretend to be happy! I am putting up massive walls to keep ppl from getting too close to me! I avoid going to crowded places bcs they trigger a deep panic! I cancelled our weekend plans bcs I can't pretend to be happy!!! I feel so isolated, but the thought of talking to someone makes me shudder!",PTSD
P036,19,Non-binary,"Biotech Lead Investigator",PhD,disorganized,ellipses,No,academic,"I feel this intense restlessness and boredom that actually feels physically uncomfortable... My attention is constantly drifting off in the middle of standard conversations... I feel this constant, generalized somatic hyperarousal in the pit of my stomach... I feel this intense restlessness and boredom that actually feels physically uncomfortable... Everything feels incredibly urgent and I am constantly anticipatory panic cycles... I am constantly starting new tasks while my desk is covered in unfinished work... I dealt with a minor transient stressor today but managed to keep things in perspective... My clients are complaining and I feel completely disconnected from the outcomes... My thoughts are swirling around like a hurricane and I can't catch one...","I forgot to eat lunch again because I was rearranging my bookshelf by color... I feel incredibly dizzy and nauseous from this constant state of alertness... My body feels heavy, sluggish, and constantly on the verge of collapsing... I have zero energy left to even brush my hair or change my clothes... My limbs feel like they are filled with lead blocks... I feel incredibly dizzy and nauseous from this constant state of alertness... My hands are shaking so much that typing is becoming a struggle... My throat feels tight and it feels like I am struggling to get enough oxygen... My chest feels incredibly tight, like someone is standing on it... My hands are always busy with something, I simply cannot sit quiet...","I feel bad for talking so fast that people struggle to keep up with me... I interrupted my friend three times today because I was excited about an idea... I feel bad for talking so fast that people struggle to keep up with me... I interrupted my friend three times today because I was excited about an idea... My partner tried to talk about dinner and I completely snapped at them... I lost my car keys twice today and was late meeting my friends, again... I feel bad for talking so fast that people struggle to keep up with me...","I am constantly starting new tasks while my desk is covered in unfinished work... My mind feels like it's severe cognitive hyperactivity competing for space at once... My brain is running at a hundred miles an hour but going nowhere... The silence in my apartment is deafening, yet I don't want to break it... I have checked my locked door five times already tonight... I feel optimal affective equilibrium and at peace with where things are headed right now...","I keep remembering that one presentation where my voice cracked... I recalled a random fact about space that I learned in school instead of working... I keep remembering old mistakes and cringing at my younger self... I look at old photos of me smiling and wonder who that person was... I keep remembering that one presentation where my voice cracked... I keep playing back embarrassing moments in my head on repeat... Suddenly remembered that bill I was supposed to pay three weeks ago... I keep remembering that one presentation where my voice cracked... I remember when I actually used to be passionate about this job... I keep remembering that one presentation where my voice cracked...","My attention is constantly drifting off in the middle of standard conversations... I am constantly starting new tasks while my desk is covered in unfinished work... Everything feels incredibly urgent and I am constantly anticipatory panic cycles... There is a persistent, heavy severe anhedonic state sitting over everything today... I feel so frustrated with my executive attention impairments and pay attention... There is this deep ache in my chest that refuses to lift...","I totally forgot to reply to ten text messages that I opened this morning... I went to a small gathering but felt like everyone was silently judging me... We went out but my mind drifted and I missed the entire punchline of the story... I cancelled our weekend plans because I can't pretend to be happy... I am terrified that I said something stupid and ruined my friendship... I was able to support my coworker through a difficult issue today... I interrupted my friend three times today because I was excited about an idea... I am terrified that I said something stupid and ruined my friendship... Everyone else is out living their lives while I am stuck in this depressive paralysis... We went out but my mind drifted and I missed the entire punchline of the story...",ADHD
P037,39,Male,"AI Ethics Researcher",PhD,narrative,minimal,No,academic,"I spent the afternoon copy-pasting numbers on a spreadsheet while feeling like a zombie. My inbox is overflowing with urgent requests that aren't actually urgent. I feel so frustrated with my executive attention impairments and pay attention. Woke up at 2 PM and lay in bed staring at the wall until dark. Woke up at 2 PM and lay in bed staring at the wall until dark. I am completely paralyzed by the fear of making a terrible mistake. I simply do not care about these performance milestones anymore. My clients are complaining and I feel completely disconnected from the outcomes. Every minor detail feels like a massive crisis waiting to happen.","I feel like a severe depersonalization state of myself, just going through the motions. I forgot to eat lunch today, honestly food just tastes like cardboard lately. Sleeping for twelve hours didn't do anything to cure this tiredness. My throat feels tight and it feels like I am struggling to get enough oxygen. My throat feels tight and it feels like I am struggling to get enough oxygen. My shoulders are permanently glued to my ears from pure tension. My body feels heavy, sluggish, and constantly on the verge of collapsing. My throat feels tight and it feels like I am struggling to get enough oxygen. I am profound somatic fatigue but as soon as my head hits the pillow, my brain stays awake.","I feel bad for talking so fast that people struggle to keep up with me. I cancelled our weekend plans because I can't pretend to be happy. I avoid going to crowded places because they trigger a deep panic. I rehearsed my entire conversation in my head before saying a single word. I am terrified that I said something stupid and ruined my friendship. I feel so isolated, but the thought of talking to someone makes me shudder.","Woke up at 2 PM and lay in bed staring at the wall until dark. I feel this constant, generalized somatic hyperarousal in the pit of my stomach. I feel this constant, generalized somatic hyperarousal in the pit of my stomach.","Stumbled upon an old project folder and couldn't believe how much effort I used to put in. I keep remembering old mistakes and cringing at my younger self. I keep remembering old mistakes and cringing at my younger self. I remember when I actually used to be passionate about this job. Thinking back to last year when I had motivation and drive.","Nothing seems to bring even a flicker of interest or pleasure anymore. Everything feels incredibly urgent and I am constantly anticipatory panic cycles. Every single email from my manager feels like a personal attack. Another meeting that could have been an email, wasting my remaining energy. I dealt with a minor transient stressor today but managed to keep things in perspective. I feel completely emotional blunting, as if all my emotions have been drained out. Another meeting that could have been an email, wasting my remaining energy.","I don't have the emotional capacity to listen to anyone else's problems. I don't have the emotional capacity to listen to anyone else's problems. We went out but my mind drifted and I missed the entire punchline of the story. I just want to be left alone in a dark room with absolutely zero noise.",Burnout
P038,33,Female,"Journalist",Bachelor's,disorganized,standard,No,professional,"My clients are complaining and I feel completely disconnected from the outcomes. Today felt balanced, calm, and relatively straightforward. The cynic in me is completely taking over at this point. I had a really productive morning and felt a nice sense of accomplishment.","My hands are shaking so much that typing is becoming a struggle. I feel physically energetic, healthy, and in tune with my body's needs. My stomach is in knots and I am constantly on edge. I feel physically energetic, healthy, and in tune with my body's needs. Cooked a nutritious dinner with fresh vegetables and slept very soundly. Cooked a nutritious dinner with fresh vegetables and slept very soundly. Cooked a nutritious dinner with fresh vegetables and slept very soundly. I forgot to eat lunch today, honestly food just tastes like cardboard lately.","I feel so isolated, but the thought of talking to someone makes me shudder. We went out to a new Italian bistro in town and laughed for hours. I was able to support my coworker through a difficult issue today. I just want to be left alone in a dark room with absolutely zero noise. Had an absolute blast hanging out with Marcus and Jenna at the local park. Spent a quiet evening playing board games with my family, which was lovely. I had a really honest, supportive conversation with my mom on the phone. I feel bad for talking so fast that people struggle to keep up with me. I had a really honest, supportive conversation with my mom on the phone. I was able to support my coworker through a difficult issue today.","I feel content and at peace with where things are headed right now. I felt a wave of gratitude while drinking my tea and watching the rain. I had a really productive morning and felt a nice sense of accomplishment.","Stumbled upon an old project folder and couldn't believe how much effort I used to put in. I keep remembering old mistakes and cringing at my younger self. I recalled some helpful advice my mentor gave me a few years ago. Stumbled upon an old project folder and couldn't believe how much effort I used to put in. Stumbled upon an old project folder and couldn't believe how much effort I used to put in. I recalled some helpful advice my mentor gave me a few years ago.","My attention is constantly drifting off in the middle of standard conversations. Had some time to reflect on my personal goals and felt quite optimistic. Today felt balanced, calm, and relatively straightforward. I dealt with a minor setback today but managed to keep things in perspective. I dealt with a minor setback today but managed to keep things in perspective. Woke up at 2 PM and lay in bed staring at the wall until dark. I had a really productive morning and felt a nice sense of accomplishment. Had some time to reflect on my personal goals and felt quite optimistic. I felt a wave of gratitude while drinking my tea and watching the rain.","I had a really honest, supportive conversation with my mom on the phone. Everyone else is out living their lives while I am stuck in this quicksand. Spent a quiet evening playing board games with my family, which was lovely. I snapped at my brother when he startled me by walking into the kitchen. We went out to a new Italian bistro in town and laughed for hours. I feel completely invisible to the world, and maybe that's for the best. I avoid going to crowded places because they trigger a deep panic.",Healthy
P039,29,Male,"Clinical Psychologist",Master's,formal,standard,No,professional,"My thoughts are swirling around like a hurricane and I can't catch one. I cried in the shower this morning for no concrete reason. I looked at my computer screen and literally wanted to throw it out the window. I feel completely emotional blunting, as if all my emotions have been drained out.","My hands are shaking so much that typing is becoming a struggle. My body feels heavy, sluggish, and constantly on the verge of collapsing. My hands are shaking so much that typing is becoming a struggle.","My friends asked me to choose a restaurant and my brain completely froze from pressure. I cancelled our weekend plans because I can't pretend to be happy. I feel completely existential alienation to the world, and maybe that's for the best. I cancelled our weekend plans because I can't pretend to be happy. Everyone else is out living their lives while I am stuck in this depressive paralysis. My phone kept ringing but I let it go to voicemail every time.","Woke up staring at the ceiling, experiencing acute anticipatory occupational anxiety. I am so tired of feeling like an absolute psychological liability to everyone around me. It feels like I am carrying a mountain on my back just to walk to the kitchen.","My brain is on a constant loop of recalling every friendship I've ruined. I keep remembering that one presentation where my voice cracked. My brain is on a constant loop of recalling every friendship I've ruined.","I feel incredibly guilty for wasting another entire day doing nothing. I feel incredibly guilty for wasting another entire day doing nothing.","I feel so isolated, but the thought of talking to someone makes me shudder. I cancelled our weekend plans because I can't pretend to be happy. Everyone else is out living their lives while I am stuck in this depressive paralysis. I feel so isolated, but the thought of talking to someone makes me shudder. I ended up leaving early because the crowded room felt suffocating. I feel so isolated, but the thought of talking to someone makes me shudder.",Depression
P040,34,Male,"Economist",PhD,formal,standard,Yes,academic,"The existential disillusionment in me is completely taking over at this point. My clients are complaining and I feel completely disconnected from the outcomes. Everything feels incredibly urgent and I am constantly anticipatory panic cycles. I feel so restless, like I need to run away but idk where. I looked at my computer screen and literally wanted to throw it out the window.","My limbs feel like they are filled w/ lead blocks. My heart is pounding against my ribs for absolutely no reason. I feel incredibly dizzy and nauseous from this constant state of alertness. My hands are shaking so much that typing is becoming a struggle. My heart is pounding against my ribs for absolutely no reason. My heart is pounding against my ribs for absolutely no reason.","I feel completely existential alienation to the world, and maybe that's for the best. I feel so isolated, but the thought of talking to someone makes me shudder. Spent a quiet evening playing board games w/ my family, which was lovely. I feel completely existential alienation to the world, and maybe that's for the best. I feel completely existential alienation to the world, and maybe that's for the best. My friends asked me to choose a restaurant and my brain completely froze from pressure. I rehearsed my entire conversation in my head before saying a single word. I sat w/ my back to the wall at the restaurant, scanning the exit doors. I sat w/ my back to the wall at the restaurant, scanning the exit doors. I ended up leaving early bcs the crowded room felt suffocating.","They keep asking for more deliverables but my tank has been empty for weeks. They keep asking for more deliverables but my tank has been empty for weeks. It feels like I am carrying a mountain on my back just to walk to the kitchen. My attention is constantly drifting off in the middle of standard conversations. I have checked my locked door five times already tonight. The silence in my apartment is deafening, yet I don't want to break it. I feel this constant, generalized somatic hyperarousal in the pit of my stomach. They keep asking for more deliverables but my tank has been empty for weeks. Every single email from my manager feels like a personal attack.","My brain is on a constant loop of recalling every friendship I've ruined. A specific smell today instantly transported me back to that the distressing index event in my past.","Everything feels incredibly urgent and I am constantly anticipatory panic cycles. I had a rly productive morning and felt a nice sense of accomplishment.","I was able to support my coworker through a difficult issue today. My friends asked me to choose a restaurant and my brain completely froze from pressure. I am terrified that I said sth stupid and ruined my friendship. I rehearsed my entire conversation in my head before saying a single word. My friends asked me to choose a restaurant and my brain completely froze from pressure.",Anxiety
P041,36,Male,"Sales Associate",High School,narrative,ellipses,Yes,simple,"It feels like I am carrying a mountain on my back just to walk to the kitchen... I felt incredibly jumpy all day, constantly checking behind my back... I am so tired of feeling like an absolute burden to everyone around me...","I feel incredibly dizzy and nauseous from this constant state of alertness... My stomach is in knots and I am constantly on edge... My throat feels tight and it feels like I am struggling to get enough oxygen... My limbs feel like they are filled w/ lead blocks... My throat feels tight and it feels like I am struggling to get enough oxygen... My body is exhausted from being in a perpetual state of fight-or-flight... I feel incredibly dizzy and nauseous from this constant state of alertness... My chest feels incredibly tight, like someone is standing on it...","Everyone else is out living their lives while I am stuck in this quicksand... I cancelled our weekend plans bcs I can't pretend to be happy... I am terrified that I said sth stupid and ruined my friendship... I ended up leaving early bcs the crowded room felt suffocating... I rehearsed my entire conversation in my head before saying a single word... My friends asked me to choose a restaurant and my brain completely froze from pressure... I feel so isolated, but the thought of talking to someone makes me shudder...","Everything feels incredibly urgent and I am constantly waiting for the other shoe to drop... There is this deep ache in my chest that refuses to lift... I feel this profound sense of unsafety even in my own locked home... I feel completely detached from my body, like I'm watching myself from above... I feel completely detached from my body, like I'm watching myself from above...","Thinking back to last year when I had motivation and drive... I had a sudden, vivid memory of that night that felt so real I forgot where I actually was... Remembering old failures and worrying that history is bound to repeat itself today... A specific smell today instantly transported me back to that difficult moment in my past... Memories of what happened are crashing through my brain like uninvited ghosts... I keep playing back embarrassing moments in my head on repeat... My brain is on a constant loop of recalling every friendship I've ruined... Memories of what happened are crashing through my brain like uninvited ghosts...","I had a rly productive morning and felt a nice sense of accomplishment... I am completely paralyzed by the fear of making a terrible mistake... I felt a wave of gratitude while drinking my tea and watching the rain... I tried to read my book but the words just swam around w/o meaning... I am completely paralyzed by the fear of making a terrible mistake... My brain is running at a hundred miles an hour but going nowhere... I had a rly productive morning and felt a nice sense of accomplishment... I feel completely detached from my body, like I'm watching myself from above...","My friends asked me to choose a restaurant and my brain completely froze from pressure... I feel so isolated, but the thought of talking to someone makes me shudder... I feel completely invisible to the world, and maybe that's for the best... I am terrified that I said sth stupid and ruined my friendship... I rehearsed my entire conversation in my head before saying a single word... I rehearsed my entire conversation in my head before saying a single word...",PTSD
P042,31,Female,"AI Ethics Researcher",PhD,disorganized,standard,Yes,academic,"Had some time to reflect on my personal goals and felt quite optimistic. I feel this intense restlessness and boredom that actually feels physically uncomfortable. Woke up at 2 PM and lay in bed staring at the wall until dark. My attention is constantly drifting off in the middle of standard conversations. I felt a positive psychological orientation while drinking my tea and watching the rain. My attention is constantly drifting off in the middle of standard conversations. I spent five hours prolonged attentional focus a random Wikipedia article about history. I had a rly productive morning and felt a nice sense of accomplishment. I feel this intense restlessness and boredom that actually feels physically uncomfortable.","I have zero energy left to even brush my hair or change my clothes. I have been pacing around my room for an hour trying to remember what I was doing. My heart is pounding against my ribs for absolutely no reason. My hands are shaking so much that typing is becoming a struggle. I have been pacing around my room for an hour trying to remember what I was doing. I have been pacing around my room for an hour trying to remember what I was doing. I am constantly fidgeting, tapping my feet, and chewing on my pen. I have zero energy left to even brush my hair or change my clothes. My heart is pounding against my ribs for absolutely no reason.","We went out but my mind drifted and I missed the entire punchline of the story. I lost my car keys twice today and was late meeting my friends, again. I cancelled our weekend plans bcs I can't pretend to be happy.","My attention is constantly drifting off in the middle of standard conversations. There is this deep ache in my chest that refuses to lift. I feel so frustrated w/ my executive attention impairments and pay attention. I feel optimal affective equilibrium and at peace w/ where things are headed right now. Had some time to reflect on my personal goals and felt quite optimistic. My thoughts are swirling around like a hurricane and I can't catch one. The silence in my apartment is deafening, yet I don't want to break it. I cried in the shower this morning for no concrete reason. My thoughts are swirling around like a hurricane and I can't catch one.","My brain is on a constant loop of recalling every friendship I've ruined. I was remembering our summer trip and smiling at the memories. I keep remembering all these great ideas I had but never actually finished. I recalled a random fact about space that I learned in school instead of working. I look at old photos of me smiling and wonder who that person was. Thought about that chore I started this morning and realized it is still half-done. My brain is on a constant loop of recalling every friendship I've ruined.","I spent three hours overanalyzing a single text message from my colleague. I dealt w/ a minor transient stressor today but managed to keep things in perspective.","I totally forgot to reply to ten text messages that I opened this morning. I lost my car keys twice today and was late meeting my friends, again. I feel bad for talking so fast that ppl struggle to keep up w/ me. I feel bad for talking so fast that ppl struggle to keep up w/ me. I interrupted my friend three times today bcs I was excited about an idea. We went out but my mind drifted and I missed the entire punchline of the story. My phone kept ringing but I let it go to voicemail every time.",ADHD
P043,29,Non-binary,"Delivery Driver",High School,disorganized,minimal,No,simple,"My mind is on an absolute loop of 'what-ifs' that I cannot shut down. I looked at my computer screen and literally wanted to throw it out the window. My mind feels like it's racing with twenty different thoughts competing for space at once. My inbox is overflowing with urgent requests that aren't actually urgent. Woke up staring at the ceiling, dreading the morning standup. I spent three hours overanalyzing a single text message from my colleague. There is this deep ache in my chest that refuses to lift.","I feel like a hollow shell of myself, just going through the motions. My limbs feel like they are filled with lead blocks. I forgot to eat lunch today, honestly food just tastes like cardboard lately. I feel like a hollow shell of myself, just going through the motions. I have zero energy left to even brush my hair or change my clothes. My shoulders are permanently glued to my ears from pure tension. I feel like a hollow shell of myself, just going through the motions. My hands are always busy with something, I simply cannot sit quiet. Even taking a shower felt like an Olympian task that required days of planning.","Sarah invited me out for drinks but I ignored her text message. I just want to be left alone in a dark room with absolutely zero noise. I went to a small gathering but felt like everyone was silently judging me. Sarah invited me out for drinks but I ignored her text message. I sat with my back to the wall at the restaurant, scanning the exit doors. I just want to be left alone in a dark room with absolutely zero noise.","I tried to read my book but the words just swam around without meaning. Woke up staring at the ceiling, dreading the morning standup. I cried in the shower this morning for no concrete reason. The cynic in me is completely taking over at this point. I simply do not care about these performance milestones anymore. There is a persistent, heavy grey fog sitting over everything today. They keep asking for more deliverables but my tank has been empty for weeks.","I was thinking about how simple things used to be before this heaviness took over. I remember when I actually used to be passionate about this job.","I simply do not care about these performance milestones anymore. I feel this constant, buzzing dread in the pit of my stomach. I feel incredibly guilty for wasting another entire day doing nothing. I have checked my locked door five times already tonight. A sudden loud noise in the street made my heart shoot into my throat. I spent the afternoon copy-pasting numbers on a spreadsheet while feeling like a zombie. Woke up at 2 PM and lay in bed staring at the wall until dark.","Everyone else is out living their lives while I am stuck in this quicksand. Spent a quiet evening playing board games with my family, which was lovely. I lost my car keys twice today and was late meeting my friends, again. Sarah invited me out for drinks but I ignored her text message. I don't have the emotional capacity to listen to anyone else's problems. My phone kept ringing but I let it go to voicemail every time. I feel completely invisible to the world, and maybe that's for the best. Everyone else is out living their lives while I am stuck in this quicksand. My partner tried to talk about dinner and I completely snapped at them.",Burnout
P044,22,Male,"Graphic Designer",Bachelor's,formal,ellipses,No,colloquial,"I dealt with a minor setback today but managed to keep things in perspective... Had some time to reflect on my personal goals and felt quite optimistic... I felt a wave of gratitude while drinking my tea and watching the rain... A wave of intense, irrational anger washed over me out of nowhere... Nothing seems to bring even a flicker of interest or pleasure anymore... I spent three hours overanalyzing a single text message from my colleague...","I went for a long run after work and felt a great release of tension... I went for a long run after work and felt a great release of tension... My body feels heavy, sluggish, and constantly on the verge of collapsing... Woke up feeling refreshed and ready to take on the day's tasks... Cooked a nutritious dinner with fresh vegetables and slept very soundly... Woke up feeling refreshed and ready to take on the day's tasks... I feel physically energetic, healthy, and in tune with my body's needs... Woke up feeling refreshed and ready to take on the day's tasks...","I was able to support my coworker through a difficult issue today... We went out but my mind drifted and I missed the entire punchline of the story... I cancelled our weekend plans because I can't pretend to be happy... Spent a quiet evening playing board games with my family, which was lovely... I feel so isolated, but the thought of talking to someone makes me shudder... I was able to support my coworker through a difficult issue today... Spent a quiet evening playing board games with my family, which was lovely... I was able to support my coworker through a difficult issue today... Had an absolute blast hanging out with Marcus and Jenna at the local park...","I felt a wave of gratitude while drinking my tea and watching the rain... Woke up at 2 PM and lay in bed staring at the wall until dark... I feel this profound sense of unsafety even in my own locked home... Today felt balanced, calm, and relatively straightforward... Woke up staring at the ceiling, dreading the morning standup... My brain is running at a hundred miles an hour but going nowhere... My nervous system is stuck on high alert and I can't seem to turn it off... Today felt balanced, calm, and relatively straightforward...","I was remembering our summer trip and smiling at the memories... Memories of what happened are crashing through my brain like uninvited ghosts... I recalled some helpful advice my mentor gave me a few years ago... I look at old photos of me smiling and wonder who that person was...","Had some time to reflect on my personal goals and felt quite optimistic... Today felt balanced, calm, and relatively straightforward... I dealt with a minor setback today but managed to keep things in perspective... Had some time to reflect on my personal goals and felt quite optimistic... I feel content and at peace with where things are headed right now... I tried to read my book but the words just swam around without meaning...","I was able to support my coworker through a difficult issue today... Had an absolute blast hanging out with Marcus and Jenna at the local park...",Healthy
P045,48,Female,"Registered Nurse",Bachelor's,formal,standard,No,professional,"Every minor detail feels like a massive crisis waiting to happen. The silence in my apartment is deafening, yet I don't want to break it.","My chest feels incredibly tight, like someone is standing on it. My chest feels incredibly tight, like someone is standing on it. My chest feels incredibly tight, like someone is standing on it. Drinking my fourth cup of coffee today just to keep my eyes open.","I feel so isolated, but the thought of talking to someone makes me shudder. My friends asked me to choose a restaurant and my brain completely froze from pressure. I feel completely invisible to the world, and maybe that's for the best. I snapped at my brother when he startled me by walking into the kitchen.","Nothing seems to bring even a flicker of interest or pleasure anymore. My brain is running at a hundred miles an hour but going nowhere. There is a persistent, heavy grey fog sitting over everything today. My thoughts are swirling around like a hurricane and I can't catch one. I have checked my locked door five times already tonight. Nothing seems to bring even a flicker of interest or pleasure anymore. Every minor detail feels like a massive crisis waiting to happen. Every minor detail feels like a massive crisis waiting to happen.","Stumbled upon an old project folder and couldn't believe how much effort I used to put in. I keep remembering old mistakes and cringing at my younger self. I keep remembering that one presentation where my voice cracked. I was thinking about how simple things used to be before this heaviness took over.","I am completely paralyzed by the fear of making a terrible mistake. I spent three hours overanalyzing a single text message from my colleague. They keep asking for more deliverables but my tank has been empty for weeks. The silence in my apartment is deafening, yet I don't want to break it. There is this deep ache in my chest that refuses to lift. I tried to read my book but the words just swam around without meaning. I am completely paralyzed by the fear of making a terrible mistake. It feels like I am carrying a mountain on my back just to walk to the kitchen. I feel this constant, buzzing dread in the pit of my stomach. Nothing seems to bring even a flicker of interest or pleasure anymore.","Everyone else is out living their lives while I am stuck in this quicksand. Sarah invited me out for drinks but I ignored her text message. I went to a small gathering but felt like everyone was silently judging me. I just want to be left alone in a dark room with absolutely zero noise. I totally forgot to reply to ten text messages that I opened this morning. I ended up leaving early because the crowded room felt suffocating. I lost my car keys twice today and was late meeting my friends, again. We went out to a new Italian bistro in town and laughed for hours. I feel so isolated, but the thought of talking to someone makes me shudder.",Depression
P046,48,Female,"Economist",PhD,formal,exclamations,Yes,academic,"There is this deep ache in my chest that refuses to lift!!! I am so incredibly overwhelmed by the sheer volume of my own thoughts!!!","Drinking my fourth cup of coffee today just to keep my eyes open!!! My chest feels incredibly tight, like someone is standing on it! My hands are shaking so much that typing is becoming a struggle! I am profound somatic fatigue but as soon as my head hits the pillow, my brain stays awake! My limbs feel like they are filled w/ lead blocks!!! Drinking my fourth cup of coffee today just to keep my eyes open! My throat feels tight and it feels like I am struggling to get enough oxygen!","I went to a small gathering but felt like everyone was silently judging me! Cancelling plans has become my favorite hobby lately bcs of my exhaustion!","Every single email from my manager feels like a personal attack! There is a persistent, heavy severe anhedonic state sitting over everything today! I have checked my locked door five times already tonight! My thoughts are swirling around like a hurricane and I can't catch one!!! I have been sitting at my desk for nine hours and demonstrated negligible cognitive productivity!","I was thinking about how simple things used to be before this heaviness took over!!! Remembering old failures and worrying that history is bound to repeat itself today!","I have been sitting at my desk for nine hours and demonstrated negligible cognitive productivity!!! The silence in my apartment is deafening, yet I don't want to break it! My brain is running at a hundred miles an hour but going nowhere! I feel so restless, like I need to run away but idk where! I feel so restless, like I need to run away but idk where! I feel so restless, like I need to run away but idk where! Another meeting that could have been an email, wasting my remaining energy! I feel this intense restlessness and boredom that actually feels physically uncomfortable!","I feel completely existential alienation to the world, and maybe that's for the best! My friends asked me to choose a restaurant and my brain completely froze from pressure! I am terrified that I said sth stupid and ruined my friendship! Sarah invited me out for drinks but I ignored her text message!",Anxiety
P047,59,Female,"Quantitative Analyst",PhD,narrative,ellipses,No,academic,"I feel completely pronounced depersonalization/dissociation, like I'm watching myself from above... My thoughts are swirling around like a hurricane and I can't catch one... Everything feels incredibly urgent and I am constantly anticipatory panic cycles... My nervous system is stuck on high alert and I can't seem to turn it off... I feel this profound sense of persistent threat-appraisal bias even in my own locked home... I felt incredibly hypervigilant sensory responses all day, constantly checking behind my back... I feel completely pronounced depersonalization/dissociation, like I'm watching myself from above...","I feel like a severe depersonalization state of myself, just going through the motions... I feel incredibly dizzy and nauseous from this constant state of alertness... I haven't had a full night of uninterrupted sleep in what feels like months... I feel incredibly dizzy and nauseous from this constant state of alertness... Sleeping for twelve hours didn't do anything to cure this tiredness...","I am putting up massive walls to keep people from getting too close to me... I rehearsed my entire conversation in my head before saying a single word... I am terrified that I said something stupid and ruined my friendship... I feel like an outsider who can't connect with normal human experiences... I am terrified that I said something stupid and ruined my friendship...","I feel this profound sense of persistent threat-appraisal bias even in my own locked home... I feel this constant, generalized somatic hyperarousal in the pit of my stomach... There is a persistent, heavy severe anhedonic state sitting over everything today... Nothing seems to bring even a flicker of interest or pleasure anymore... My mind is on an absolute loop of 'catastrophic cognitive distortions' that I cannot shut down... Every minor detail feels like a massive crisis waiting to happen... I feel this profound sense of persistent threat-appraisal bias even in my own locked home... My clients are complaining and I feel completely disconnected from the outcomes... I have checked my locked door five times already tonight...","I keep playing back embarrassing moments in my head on repeat... I spent the afternoon trying to push down images of past experiences that kept resurfacing... My mind suddenly recalled a minor argument from five years ago and now I can't sleep... I keep remembering that one presentation where my voice cracked... Thought about how much I've grown over the last few years and felt proud... I keep playing back embarrassing moments in my head on repeat...","My nervous system is stuck on high alert and I can't seem to turn it off... My nervous system is stuck on high alert and I can't seem to turn it off... A sudden loud noise in the street made my heart shoot into my throat... My nervous system is stuck on high alert and I can't seem to turn it off... My mind is on an absolute loop of 'catastrophic cognitive distortions' that I cannot shut down... My thoughts are swirling around like a hurricane and I can't catch one... I felt incredibly hypervigilant sensory responses all day, constantly checking behind my back... I felt incredibly hypervigilant sensory responses all day, constantly checking behind my back... I felt incredibly hypervigilant sensory responses all day, constantly checking behind my back... My mind is on an absolute loop of 'catastrophic cognitive distortions' that I cannot shut down...","My phone kept ringing but I let it go to voicemail every time... I avoid going to crowded places because they trigger a deep panic... Cancelling plans has become my favorite hobby lately because of my exhaustion...",PTSD
P048,27,Non-binary,"Investment Banker",Master's,disorganized,standard,Yes,professional,"I spent five hours prolonged attentional focus a random Wikipedia article about history. A sudden loud noise in the street made my heart shoot into my throat. Every minor detail feels like a massive crisis waiting to happen. My attention is constantly drifting off in the middle of standard conversations. I spent five hours prolonged attentional focus a random Wikipedia article about history.","I have been pacing around my room for an hour trying to remember what I was doing. My hands are always busy w/ sth, I simply cannot sit quiet. My hands are shaking so much that typing is becoming a struggle. Took a nice afternoon stretch and drank plenty of water today. I forgot to eat lunch again bcs I was rearranging my bookshelf by color. My throat feels tight and it feels like I am struggling to get enough oxygen. Took a nice afternoon stretch and drank plenty of water today. Even taking a shower felt like an Olympian task that required days of planning. Even taking a shower felt like an Olympian task that required days of planning.","My partner tried to talk about dinner and I completely snapped at them. I feel bad for talking so fast that ppl struggle to keep up w/ me. I had a rly honest, supportive conversation w/ my mom on the phone. We went out but my mind drifted and I missed the entire punchline of the story. We went out but my mind drifted and I missed the entire punchline of the story. Had an absolute blast hanging out w/ Marcus and Jenna at the local park.","I feel this constant, generalized somatic hyperarousal in the pit of my stomach. I feel so frustrated w/ my executive attention impairments and pay attention. Woke up at 2 PM and lay in bed staring at the wall until dark. I am constantly starting new tasks while my desk is covered in unfinished work. My mind feels like it's severe cognitive hyperactivity competing for space at once.","Suddenly remembered that bill I was supposed to pay three weeks ago. I remember when I actually used to be passionate about this job. I recalled some helpful advice my mentor gave me a few years ago. I keep playing back embarrassing moments in my head on repeat. I keep playing back embarrassing moments in my head on repeat. My brain is on a constant loop of recalling every friendship I've ruined.","I spent three hours overanalyzing a single text message from my colleague. I feel so restless, like I need to run away but idk where. I feel so restless, like I need to run away but idk where. Every minor detail feels like a massive crisis waiting to happen. I feel so restless, like I need to run away but idk where.","I am terrified that I said sth stupid and ruined my friendship. Spent a quiet evening playing board games w/ my family, which was lovely. My friends asked me to choose a restaurant and my brain completely froze from pressure. I feel bad for talking so fast that ppl struggle to keep up w/ me. I feel like an outsider who can't connect w/ normal human experiences. I am terrified that I said sth stupid and ruined my friendship. My friends asked me to choose a restaurant and my brain completely froze from pressure. Everyone else is out living their lives while I am stuck in this depressive paralysis. Had an absolute blast hanging out w/ Marcus and Jenna at the local park. I went to a small gathering but felt like everyone was silently judging me.",ADHD
P049,44,Female,"Graphic Designer",Bachelor's,sarcastic,ellipses,Yes,colloquial,"The cynic in me is completely taking over at this point... Fabulous, just fabulous... my thoughts are swirling around like a hurricane and I can't catch one... Every minor detail feels like a massive crisis waiting to happen...","I am physically exhausted but as soon as my head hits the pillow, my brain stays awake... I am physically exhausted but as soon as my head hits the pillow, my brain stays awake... I feel like a hollow shell of myself, just going through the motions... My body feels heavy, sluggish, and constantly on the verge of collapsing... My limbs feel like they are filled w/ lead blocks... Sleeping for twelve hours didn't do anything to cure this tiredness... Took a nice afternoon stretch and drank plenty of water today... I feel like a hollow shell of myself, just going through the motions...","I am terrified that I said sth stupid and ruined my friendship... Exactly what I needed... sarah invited me out for drinks but I ignored her text message...","I tried to read my book but the words just swam around w/o meaning... Spoiler alert: i cried in the shower this morning for no concrete reason... Exactly what I needed... my clients are complaining and I feel completely disconnected from the outcomes... I cried in the shower this morning for no concrete reason... Fabulous, just fabulous... the cynic in me is completely taking over at this point... My clients are complaining and I feel completely disconnected from the outcomes... Another meeting that could have been an email, wasting my remaining energy... It feels like I am carrying a mountain on my back just to walk to the kitchen... Another meeting that could have been an email, wasting my remaining energy... I feel so frustrated w/ my inability to just settle down and pay attention...","Stumbled upon an old project folder and couldn't believe how much effort I used to put in... I keep playing back embarrassing moments in my head on repeat... My brain is on a constant loop of recalling every friendship I've ruined... I keep playing back embarrassing moments in my head on repeat... Fabulous, just fabulous... i was thinking about how simple things used to be before this heaviness took over... I keep remembering that one presentation where my voice cracked... I was thinking about how simple things used to be before this heaviness took over... I remember when I actually used to be passionate about this job...","My mind feels like it's racing w/ twenty different thoughts competing for space at once... Woke up staring at the ceiling, dreading the morning standup... I spent three hours overanalyzing a single text message from my colleague... Fabulous, just fabulous... i feel so restless, like I need to run away but idk where... Fabulous, just fabulous... i spent the afternoon copy-pasting numbers on a spreadsheet while feeling like a zombie... Oh, absolutely brilliant... woke up at 2 PM and lay in bed staring at the wall until dark... I feel this constant, buzzing dread in the pit of my stomach...","My friends asked me to choose a restaurant and my brain completely froze from pressure... My phone kept ringing but I let it go to voicemail every time... Living the dream as usual... i feel completely invisible to the world, and maybe that's for the best... Spoiler alert: i feel so isolated, but the thought of talking to someone makes me shudder... Fabulous, just fabulous... my phone kept ringing but I let it go to voicemail every time...",Burnout
P050,52,Non-binary,"Historian & Archivist",PhD,formal,exclamations,No,academic,"I feel optimal affective equilibrium and at peace with where things are headed right now! I dealt with a minor transient stressor today but managed to keep things in perspective! Had some time to reflect on my personal goals and felt quite optimistic! Today felt balanced, calm, and relatively straightforward! I felt a positive psychological orientation while drinking my tea and watching the rain!","I feel physically energetic, healthy, and in tune with my body's needs! I have zero energy left to even brush my hair or change my clothes! My hands are always busy with something, I simply cannot sit quiet! I have zero energy left to even brush my hair or change my clothes! I went for a long run after work and felt a great release of tension! Cooked a nutritious dinner with fresh vegetables and slept very soundly! Cooked a nutritious dinner with fresh vegetables and slept very soundly!!! I feel like a severe depersonalization state of myself, just going through the motions! Took a nice afternoon stretch and drank plenty of water today! Woke up gasping for air, drenched in sweat from another intense nightmare!","I feel bad for talking so fast that people struggle to keep up with me! We went out to a new Italian bistro in town and laughed for hours!!! Spent a quiet evening playing board games with my family, which was lovely! I was able to support my coworker through a difficult issue today! I feel completely existential alienation to the world, and maybe that's for the best! Had an absolute blast hanging out with Marcus and Jenna at the local park! I interrupted my friend three times today because I was excited about an idea! Spent a quiet evening playing board games with my family, which was lovely! We went out to a new Italian bistro in town and laughed for hours! My phone kept ringing but I let it go to voicemail every time!","They keep asking for more deliverables but my tank has been empty for weeks! I dealt with a minor transient stressor today but managed to keep things in perspective! I had a really productive morning and felt a nice sense of accomplishment! I had a really productive morning and felt a nice sense of accomplishment!!! I have been sitting at my desk for nine hours and demonstrated negligible cognitive productivity! My attention is constantly drifting off in the middle of standard conversations!","Remembering old failures and worrying that history is bound to repeat itself today! I recalled some helpful advice my mentor gave me a few years ago! Stumbled upon an old project folder and couldn't believe how much effort I used to put in!!!","My brain is running at a hundred miles an hour but going nowhere! I feel this intense restlessness and boredom that actually feels physically uncomfortable! Had some time to reflect on my personal goals and felt quite optimistic!!!","I had a really honest, supportive conversation with my mom on the phone! Spent a quiet evening playing board games with my family, which was lovely! I was able to support my coworker through a difficult issue today!!! Everyone else is out living their lives while I am stuck in this depressive paralysis! I don't have the emotional capacity to listen to anyone else's problems! I snapped at my brother when he startled me by walking into the kitchen! Spent a quiet evening playing board games with my family, which was lovely!!!",Healthy
P051,52,Non-binary,"Receptionist",High School,sarcastic,exclamations,Yes,simple,"Nothing seems to bring even a flicker of interest or pleasure anymore! I tried to read my book but the words just swam around w/o meaning!","I have been pacing around my room for an hour trying to remember what I was doing!!! I feel like a hollow shell of myself, just going through the motions!!! My throat feels tight and it feels like I am struggling to get enough oxygen! Oh, absolutely brilliant! even taking a shower felt like an Olympian task that required days of planning! Fabulous, just fabulous! i feel incredibly dizzy and nauseous from this constant state of alertness!!!","My phone kept ringing but I let it go to voicemail every time! In a shocking turn of events, my partner tried to talk about dinner and I completely snapped at them!!! I cancelled our weekend plans bcs I can't pretend to be happy! Another day, another masterpiece of timing! i rehearsed my entire conversation in my head before saying a single word! I feel completely invisible to the world, and maybe that's for the best! Living the dream as usual! i was able to support my coworker through a difficult issue today!!! I just want to be left alone in a dark room w/ absolutely zero noise! I just want to be left alone in a dark room w/ absolutely zero noise!","Another day, another masterpiece of timing! it feels like I am carrying a mountain on my back just to walk to the kitchen! Another day, another masterpiece of timing! woke up at 2 PM and lay in bed staring at the wall until dark! bcs why not, i simply do not care about these performance milestones anymore! My attention is constantly drifting off in the middle of standard conversations! I feel this constant, buzzing dread in the pit of my stomach!","I look at old photos of me smiling and wonder who that person was! Living the dream as usual! stumbled upon an old project folder and couldn't believe how much effort I used to put in!!! I keep playing back embarrassing moments in my head on repeat! Spoiler alert: my brain is on a constant loop of recalling every friendship I've ruined!!! Spoiler alert: i remember when I actually used to be passionate about this job! I keep remembering old mistakes and cringing at my younger self! I recalled how excited I was on my first day here, which feels like a comedy now!!! I look at old photos of me smiling and wonder who that person was!","Fabulous, just fabulous! the silence in my apartment is deafening, yet I don't want to break it! My inbox is overflowing w/ urgent requests that aren't actually urgent! My inbox is overflowing w/ urgent requests that aren't actually urgent! Woke up at 2 PM and lay in bed staring at the wall until dark! Oh, absolutely brilliant! they keep asking for more deliverables but my tank has been empty for weeks! I spent the afternoon copy-pasting numbers on a spreadsheet while feeling like a zombie! Oh, absolutely brilliant! the cynic in me is completely taking over at this point! Spoiler alert: my attention is constantly drifting off in the middle of standard conversations!","Exactly what I needed! i totally forgot to reply to ten text messages that I opened this morning! Cancelling plans has become my favorite hobby lately bcs of my exhaustion! Cancelling plans has become my favorite hobby lately bcs of my exhaustion! I feel so isolated, but the thought of talking to someone makes me shudder! I feel completely invisible to the world, and maybe that's for the best!!! My phone kept ringing but I let it go to voicemail every time! Oh, absolutely brilliant! i am terrified that I said sth stupid and ruined my friendship!",Depression
P052,23,Non-binary,"Quantitative Analyst",PhD,highly-emotional,ellipses,No,academic,"I spent the afternoon copy-pasting numbers on a spreadsheet while feeling like a zombie... My clients are complaining and I feel completely disconnected from the outcomes... I am so tired of feeling like an absolute psychological liability to everyone around me...","Sleeping for twelve hours didn't do anything to cure this tiredness... I feel incredibly dizzy and nauseous from this constant state of alertness... I am profound somatic fatigue but as soon as my head hits the pillow, my brain stays awake...","I ended up leaving early because the crowded room felt suffocating... I am terrified that I said something stupid and ruined my friendship... I was able to support my coworker through a difficult issue today...","I am so tired of feeling like an absolute psychological liability to everyone around me... Every single email from my manager feels like a personal attack...","I keep playing back embarrassing moments in my head on repeat... My brain is on a constant loop of recalling every friendship I've ruined... Thinking back to last year when I had motivation and drive... Thinking back to last year when I had motivation and drive... I keep playing back embarrassing moments in my head on repeat... I recalled some helpful advice my mentor gave me a few years ago... I look at old photos of me smiling and wonder who that person was... Remembering old failures and worrying that history is bound to repeat itself today... I keep remembering old mistakes and cringing at my younger self... A specific smell today instantly transported me back to that the distressing index event in my past...","There is a persistent, heavy severe anhedonic state sitting over everything today... I am so tired of feeling like an absolute psychological liability to everyone around me... I dealt with a minor transient stressor today but managed to keep things in perspective... They keep asking for more deliverables but my tank has been empty for weeks... Everything feels incredibly urgent and I am constantly anticipatory panic cycles... My mind is on an absolute loop of 'catastrophic cognitive distortions' that I cannot shut down... I feel incredibly guilty for wasting another entire day doing nothing... Every single email from my manager feels like a personal attack...","Everyone else is out living their lives while I am stuck in this depressive paralysis... We went out to a new Italian bistro in town and laughed for hours... I had a really honest, supportive conversation with my mom on the phone... I feel so isolated, but the thought of talking to someone makes me shudder...",Anxiety
P053,23,Female,"Security Guard",High School,normal,minimal,No,simple,"I feel completely detached from my body, like I'm watching myself from above. I feel this profound sense of unsafety even in my own locked home. The silence in my apartment is deafening, yet I don't want to break it. I have checked my locked door five times already tonight. I am so incredibly overwhelmed by the sheer volume of my own thoughts. I feel so restless, like I need to run away but I don't know where. I feel so frustrated with my inability to just settle down and pay attention.","Woke up gasping for air, drenched in sweat from another intense nightmare. I feel tense, rigid, and my muscles are aching from constant bracing. My heart is pounding against my ribs for absolutely no reason.","I went to a small gathering but felt like everyone was silently judging me. I feel completely invisible to the world, and maybe that's for the best. My friends asked me to choose a restaurant and my brain completely froze from pressure. I ended up leaving early because the crowded room felt suffocating. I avoid going to crowded places because they trigger a deep panic. I snapped at my brother when he startled me by walking into the kitchen. I am putting up massive walls to keep people from getting too close to me. I avoid going to crowded places because they trigger a deep panic.","I felt incredibly jumpy all day, constantly checking behind my back. I am so tired of feeling like an absolute burden to everyone around me. I feel so frustrated with my inability to just settle down and pay attention. I feel completely detached from my body, like I'm watching myself from above. My nervous system is stuck on high alert and I can't seem to turn it off. A wave of intense, irrational anger washed over me out of nowhere. Everything feels incredibly urgent and I am constantly waiting for the other shoe to drop.","Remembering old failures and worrying that history is bound to repeat itself today. I keep playing back embarrassing moments in my head on repeat. I look at old photos of me smiling and wonder who that person was.","I feel incredibly guilty for wasting another entire day doing nothing. The silence in my apartment is deafening, yet I don't want to break it. A sudden loud noise in the street made my heart shoot into my throat. My brain is running at a hundred miles an hour but going nowhere. I spent three hours overanalyzing a single text message from my colleague. I feel content and at peace with where things are headed right now. I tried to read my book but the words just swam around without meaning. A sudden loud noise in the street made my heart shoot into my throat. I have checked my locked door five times already tonight.","I feel like an outsider who can't connect with normal human experiences. I sat with my back to the wall at the restaurant, scanning the exit doors. My phone kept ringing but I let it go to voicemail every time. Everyone else is out living their lives while I am stuck in this quicksand. I rehearsed my entire conversation in my head before saying a single word. Everyone else is out living their lives while I am stuck in this quicksand. I avoid going to crowded places because they trigger a deep panic.",PTSD
P054,36,Non-binary,"Senior Research Scientist",PhD,sarcastic,exclamations,Yes,academic,"I am constantly starting new tasks while my desk is covered in unfinished work! I am constantly starting new tasks while my desk is covered in unfinished work!","My heart is pounding against my ribs for absolutely no reason! Another day, another masterpiece of timing! i have been pacing around my room for an hour trying to remember what I was doing! Oh, absolutely brilliant! sleeping for twelve hours didn't do anything to cure this tiredness!!! I am constantly fidgeting, tapping my feet, and chewing on my pen! I have been pacing around my room for an hour trying to remember what I was doing! Woke up w/ a massive burst of creative energy at 3 AM and started painting!!! My chest feels incredibly tight, like someone is standing on it! I have zero energy left to even brush my hair or change my clothes! I feel incredibly dizzy and nauseous from this constant state of alertness! Cooked a nutritious dinner w/ fresh vegetables and slept very soundly!","I totally forgot to reply to ten text messages that I opened this morning! I interrupted my friend three times today bcs I was excited about an idea! I interrupted my friend three times today bcs I was excited about an idea! My friends asked me to choose a restaurant and my brain completely froze from pressure! I totally forgot to reply to ten text messages that I opened this morning!!! Exactly what I needed! i interrupted my friend three times today bcs I was excited about an idea!!! I interrupted my friend three times today bcs I was excited about an idea! I interrupted my friend three times today bcs I was excited about an idea!!!","I am so tired of feeling like an absolute psychological liability to everyone around me!!! My attention is constantly drifting off in the middle of standard conversations! I feel this intense restlessness and boredom that actually feels physically uncomfortable! Had some time to reflect on my personal goals and felt quite optimistic! Nothing seems to bring even a flicker of interest or pleasure anymore! I feel incredibly guilty for wasting another entire day doing nothing!","I keep remembering all these great ideas I had but never actually finished! Memories of what happened are crashing through my brain like uninvited ghosts! Thought about that chore I started this morning and realized it is still half-done!!! Thought about that chore I started this morning and realized it is still half-done! Remembering old times w/ high school friends made me text them to catch up! I keep remembering that one presentation where my voice cracked!!! Thinking back to last year when I had motivation and drive! Suddenly remembered that bill I was supposed to pay three weeks ago! My brain is on a constant loop of recalling every friendship I've ruined! Thought about that chore I started this morning and realized it is still half-done!","Today felt balanced, calm, and relatively straightforward! My mind feels like it's severe cognitive hyperactivity competing for space at once!!! bcs why not, every minor detail feels like a massive crisis waiting to happen! My attention is constantly drifting off in the middle of standard conversations! Today felt balanced, calm, and relatively straightforward! I have checked my locked door five times already tonight! I spent five hours prolonged attentional focus a random Wikipedia article about history! Spoiler alert: nothing seems to bring even a flicker of interest or pleasure anymore! Every minor detail feels like a massive crisis waiting to happen!!! I feel completely pronounced depersonalization/dissociation, like I'm watching myself from above!","I feel so isolated, but the thought of talking to someone makes me shudder! bcs why not, i totally forgot to reply to ten text messages that I opened this morning! I avoid going to crowded places bcs they trigger a deep panic! I interrupted my friend three times today bcs I was excited about an idea! I ended up leaving early bcs the crowded room felt suffocating!!!",ADHD
P055,32,Female,"Economist",PhD,formal,minimal,No,academic,"I spent the afternoon copy-pasting numbers on a spreadsheet while feeling like a zombie. My clients are complaining and I feel completely disconnected from the outcomes. I simply do not care about these performance milestones anymore. I spent three hours overanalyzing a single text message from my colleague. A sudden loud noise in the street made my heart shoot into my throat.","Even taking a shower felt like an Olympian task that required days of planning. Even taking a shower felt like an Olympian task that required days of planning. My limbs feel like they are filled with lead blocks.","My phone kept ringing but I let it go to voicemail every time. I just want to be left alone in a dark room with absolutely zero noise.","The silence in my apartment is deafening, yet I don't want to break it. I spent the afternoon copy-pasting numbers on a spreadsheet while feeling like a zombie. My nervous system is stuck on high alert and I can't seem to turn it off. Every single email from my manager feels like a personal attack. My thoughts are swirling around like a hurricane and I can't catch one. They keep asking for more deliverables but my tank has been empty for weeks. I am constantly starting new tasks while my desk is covered in unfinished work.","I keep playing back embarrassing moments in my head on repeat. Suddenly remembered that bill I was supposed to pay three weeks ago. I was thinking about how simple things used to be before this heaviness took over. Stumbled upon an old project folder and couldn't believe how much effort I used to put in. Thought about how much I've grown over the last few years and felt proud. I remember when I actually used to be passionate about this job.","I spent the afternoon copy-pasting numbers on a spreadsheet while feeling like a zombie. They keep asking for more deliverables but my tank has been empty for weeks. I cried in the shower this morning for no concrete reason. I feel completely emotional blunting, as if all my emotions have been drained out. Everything feels incredibly urgent and I am constantly anticipatory panic cycles. Woke up staring at the ceiling, experiencing acute anticipatory occupational anxiety. My inbox is overflowing with urgent requests that aren't actually urgent. I spent the afternoon copy-pasting numbers on a spreadsheet while feeling like a zombie.","I was able to support my coworker through a difficult issue today. Sarah invited me out for drinks but I ignored her text message. My partner tried to talk about dinner and I completely snapped at them. Cancelling plans has become my favorite hobby lately because of my exhaustion.",Burnout
P056,39,Male,"Project Manager",Bachelor's,abbreviated,standard,Yes,professional,"I had a rly productive morning and felt a nice sense of accomplishment. Had some time to reflect on my personal goals and felt quite optimistic. Today felt balanced, calm, and relatively straightforward. Today felt balanced, calm, and relatively straightforward.","Woke up feeling refreshed and ready to take on the day's tasks. I feel tense, rigid, and my muscles are aching from constant bracing. Sleeping for twelve hours didn't do anything to cure this tiredness. I forgot to eat lunch again bcs I was rearranging my bookshelf by color. My limbs feel like they are filled w/ lead blocks.","We went out to a new Italian bistro in town and laughed for hours. I had a rly honest, supportive conversation w/ my mom on the phone. I went to a small gathering but felt like everyone was silently judging me. We went out to a new Italian bistro in town and laughed for hours. Had an absolute blast hanging out w/ Marcus and Jenna at the local park. My friends asked me to choose a restaurant and my brain completely froze from pressure.","Had some time to reflect on my personal goals and felt quite optimistic. I feel content and at peace w/ where things are headed right now. Today felt balanced, calm, and relatively straightforward. I felt a wave of gratitude while drinking my tea and watching the rain. I felt a wave of gratitude while drinking my tea and watching the rain. I had a rly productive morning and felt a nice sense of accomplishment. I feel content and at peace w/ where things are headed right now.","My brain is on a constant loop of recalling every friendship I've ruined. Thought about how much I've grown over the last few years and felt proud. Remembering old times w/ high school friends made me text them to catch up. Thought about how much I've grown over the last few years and felt proud. I was remembering our summer trip and smiling at the memories. I look at old photos of me smiling and wonder who that person was. Remembering old times w/ high school friends made me text them to catch up. Thought about how much I've grown over the last few years and felt proud. Remembering old times w/ high school friends made me text them to catch up. I was remembering our summer trip and smiling at the memories.","I felt a wave of gratitude while drinking my tea and watching the rain. I felt a wave of gratitude while drinking my tea and watching the rain. I cried in the shower this morning for no concrete reason. I feel so frustrated w/ my inability to just settle down and pay attention. My mind feels like it's racing w/ twenty different thoughts competing for space at once. I spent five hours completely lost in reading a random Wikipedia article about history. Had some time to reflect on my personal goals and felt quite optimistic. I feel this intense restlessness and boredom that actually feels physically uncomfortable. A sudden loud noise in the street made my heart shoot into my throat. I am constantly starting new tasks while my desk is covered in unfinished work.","I feel so isolated, but the thought of talking to someone makes me shudder. Had an absolute blast hanging out w/ Marcus and Jenna at the local park. I had a rly honest, supportive conversation w/ my mom on the phone. I lost my car keys twice today and was late meeting my friends, again. I feel so isolated, but the thought of talking to someone makes me shudder. I had a rly honest, supportive conversation w/ my mom on the phone.",Healthy
P057,35,Female,"Biotech Lead Investigator",PhD,narrative,standard,No,academic,"There is this deep ache in my chest that refuses to lift. I looked at my computer screen and literally wanted to throw it out the window. I tried to read my book but the words just swam around without meaning.","I forgot to eat lunch today, honestly food just tastes like cardboard lately. I forgot to eat lunch again because I was rearranging my bookshelf by color. Sleeping for twelve hours didn't do anything to cure this tiredness. I feel like a severe depersonalization state of myself, just going through the motions. I am constantly fidgeting, tapping my feet, and chewing on my pen. I am profound somatic fatigue but as soon as my head hits the pillow, my brain stays awake. I feel incredibly dizzy and nauseous from this constant state of alertness. I forgot to eat lunch today, honestly food just tastes like cardboard lately. My heart is pounding against my ribs for absolutely no reason. I am profound somatic fatigue but as soon as my head hits the pillow, my brain stays awake.","My phone kept ringing but I let it go to voicemail every time. I feel completely existential alienation to the world, and maybe that's for the best.","My nervous system is stuck on high alert and I can't seem to turn it off. I feel so frustrated with my executive attention impairments and pay attention. My thoughts are swirling around like a hurricane and I can't catch one. There is this deep ache in my chest that refuses to lift. Another meeting that could have been an email, wasting my remaining energy. I am so tired of feeling like an absolute psychological liability to everyone around me. My brain is running at a hundred miles an hour but going nowhere. It feels like I am carrying a mountain on my back just to walk to the kitchen. They keep asking for more deliverables but my tank has been empty for weeks. There is this deep ache in my chest that refuses to lift.","My mind suddenly recalled a minor argument from five years ago and now I can't sleep. I look at old photos of me smiling and wonder who that person was. My mind suddenly recalled a minor argument from five years ago and now I can't sleep. I was thinking about how simple things used to be before this heaviness took over. Thinking back to last year when I had motivation and drive. I keep playing back embarrassing moments in my head on repeat. Thinking back to last year when I had motivation and drive. I had a sudden, intrusive cognitive recall of that night that felt so real I forgot where I actually was. I was thinking about how simple things used to be before this heaviness took over.","It feels like I am carrying a mountain on my back just to walk to the kitchen. Every minor detail feels like a massive crisis waiting to happen. My inbox is overflowing with urgent requests that aren't actually urgent. Every minor detail feels like a massive crisis waiting to happen. My mind is on an absolute loop of 'catastrophic cognitive distortions' that I cannot shut down. They keep asking for more deliverables but my tank has been empty for weeks. Everything feels incredibly urgent and I am constantly anticipatory panic cycles.","I cancelled our weekend plans because I can't pretend to be happy. I am terrified that I said something stupid and ruined my friendship. My partner tried to talk about dinner and I completely snapped at them. I don't have the emotional capacity to listen to anyone else's problems. I am terrified that I said something stupid and ruined my friendship. I feel completely existential alienation to the world, and maybe that's for the best. My phone kept ringing but I let it go to voicemail every time. I went to a small gathering but felt like everyone was silently judging me.",Depression
P058,36,Non-binary,"Speech Pathologist",Master's,normal,exclamations,No,colloquial,"Woke up staring at the ceiling, experiencing acute anticipatory occupational anxiety! I am so incredibly overwhelmed by the sheer volume of my own thoughts! Woke up staring at the ceiling, experiencing acute anticipatory occupational anxiety! I spent three hours overanalyzing a single text message from my colleague! I spent the afternoon copy-pasting numbers on a spreadsheet while feeling like a zombie!!! I am so incredibly overwhelmed by the sheer volume of my own thoughts! I spent three hours overanalyzing a single text message from my colleague! I feel so restless, like I need to run away but I don't know where! I feel this intense restlessness and boredom that actually feels physically uncomfortable!!! Everything feels incredibly urgent and I am constantly anticipatory panic cycles!","I forgot to eat lunch today, honestly food just tastes like cardboard lately!!! I am profound somatic fatigue but as soon as my head hits the pillow, my brain stays awake! I feel incredibly dizzy and nauseous from this constant state of alertness! My hands are shaking so much that typing is becoming a struggle!!! Drinking my fourth cup of coffee today just to keep my eyes open! My heart is pounding against my ribs for absolutely no reason!!! My throat feels tight and it feels like I am struggling to get enough oxygen! I feel physically energetic, healthy, and in tune with my body's needs! My hands are shaking so much that typing is becoming a struggle! Drinking my fourth cup of coffee today just to keep my eyes open!","I don't have the emotional capacity to listen to anyone else's problems!!! I went to a small gathering but felt like everyone was silently judging me! My friends asked me to choose a restaurant and my brain completely froze from pressure! I just want to be left alone in a dark room with absolutely zero noise! I had a really honest, supportive conversation with my mom on the phone! I rehearsed my entire conversation in my head before saying a single word! I rehearsed my entire conversation in my head before saying a single word!!! I rehearsed my entire conversation in my head before saying a single word! I lost my car keys twice today and was late meeting my friends, again! I don't have the emotional capacity to listen to anyone else's problems!","There is this deep ache in my chest that refuses to lift! I feel so restless, like I need to run away but I don't know where! I spent the afternoon copy-pasting numbers on a spreadsheet while feeling like a zombie!!! I had a really productive morning and felt a nice sense of accomplishment! My brain is running at a hundred miles an hour but going nowhere! My brain is running at a hundred miles an hour but going nowhere! My clients are complaining and I feel completely disconnected from the outcomes!","Suddenly remembered that bill I was supposed to pay three weeks ago! Thinking back to last year when I had motivation and drive! I remember when I actually used to be passionate about this job! My mind suddenly recalled a minor argument from five years ago and now I can't sleep! My mind suddenly recalled a minor argument from five years ago and now I can't sleep! I remember when I actually used to be passionate about this job! Stumbled upon an old project folder and couldn't believe how much effort I used to put in!!! I was thinking about how simple things used to be before this heaviness took over!!!","I feel this intense restlessness and boredom that actually feels physically uncomfortable! I have been sitting at my desk for nine hours and demonstrated negligible cognitive productivity! I feel this constant, generalized somatic hyperarousal in the pit of my stomach!!! Every minor detail feels like a massive crisis waiting to happen! They keep asking for more deliverables but my tank has been empty for weeks! Everything feels incredibly urgent and I am constantly anticipatory panic cycles! Every minor detail feels like a massive crisis waiting to happen!!! Woke up at 2 PM and lay in bed staring at the wall until dark!","I went to a small gathering but felt like everyone was silently judging me! I cancelled our weekend plans because I can't pretend to be happy!!!",Anxiety
P059,40,Non-binary,"Architect",Master's,disorganized,exclamations,Yes,professional,"My nervous system is stuck on high alert and I can't seem to turn it off! I have checked my locked door five times already tonight!","My limbs feel like they are filled w/ lead blocks! I have zero energy left to even brush my hair or change my clothes! My heart is pounding against my ribs for absolutely no reason! I feel incredibly dizzy and nauseous from this constant state of alertness! Woke up gasping for air, drenched in sweat from another intense nightmare!!! I feel tense, rigid, and my muscles are aching from constant bracing! I have zero energy left to even brush my hair or change my clothes! Even taking a shower felt like an Olympian task that required days of planning!!!","I sat w/ my back to the wall at the restaurant, scanning the exit doors! I am putting up massive walls to keep ppl from getting too close to me!!! Everyone else is out living their lives while I am stuck in this depressive paralysis! I avoid going to crowded places bcs they trigger a deep panic! I avoid going to crowded places bcs they trigger a deep panic! I am putting up massive walls to keep ppl from getting too close to me! I feel completely existential alienation to the world, and maybe that's for the best!!!","I simply do not care about these performance milestones anymore! My thoughts are swirling around like a hurricane and I can't catch one! A sudden loud noise in the street made my heart shoot into my throat! Woke up at 2 PM and lay in bed staring at the wall until dark! I feel this constant, generalized somatic hyperarousal in the pit of my stomach! There is a persistent, heavy severe anhedonic state sitting over everything today! A wave of intense, irrational anger washed over me out of nowhere! My nervous system is stuck on high alert and I can't seem to turn it off!","I look at old photos of me smiling and wonder who that person was! I recalled some helpful advice my mentor gave me a few years ago! Thinking back to last year when I had motivation and drive!!! I look at old photos of me smiling and wonder who that person was! Remembering old failures and worrying that history is bound to repeat itself today! I was thinking about how simple things used to be before this heaviness took over! I keep remembering old mistakes and cringing at my younger self! I spent the afternoon trying to push down images of past experiences that kept resurfacing!!! I spent the afternoon trying to push down images of past experiences that kept resurfacing!!! Memories of what happened are crashing through my brain like uninvited ghosts!","I have been sitting at my desk for nine hours and demonstrated negligible cognitive productivity! I feel this profound sense of persistent threat-appraisal bias even in my own locked home! I feel this profound sense of persistent threat-appraisal bias even in my own locked home! My brain is running at a hundred miles an hour but going nowhere!!! I feel completely pronounced depersonalization/dissociation, like I'm watching myself from above!!! The silence in my apartment is deafening, yet I don't want to break it! I am completely paralyzed by the fear of making a terrible mistake! The silence in my apartment is deafening, yet I don't want to break it! I have checked my locked door five times already tonight! My thoughts are swirling around like a hurricane and I can't catch one!!!","I rehearsed my entire conversation in my head before saying a single word! I interrupted my friend three times today bcs I was excited about an idea!",PTSD
P060,21,Non-binary,"Construction Worker",High School,disorganized,ellipses,Yes,simple,"It feels like I am carrying a mountain on my back just to walk to the kitchen... My brain is running at a hundred miles an hour but going nowhere... I felt a wave of gratitude while drinking my tea and watching the rain... My mind feels like it's racing w/ twenty different thoughts competing for space at once... My attention is constantly drifting off in the middle of standard conversations... My thoughts are swirling around like a hurricane and I can't catch one... My brain is running at a hundred miles an hour but going nowhere...","My hands are always busy w/ sth, I simply cannot sit quiet... My chest feels incredibly tight, like someone is standing on it... My hands are shaking so much that typing is becoming a struggle... I went for a long run after work and felt a great release of tension... Woke up w/ a massive burst of creative energy at 3 AM and started painting... My heart is pounding against my ribs for absolutely no reason...","I ended up leaving early bcs the crowded room felt suffocating... I went to a small gathering but felt like everyone was silently judging me... I totally forgot to reply to ten text messages that I opened this morning... I feel bad for talking so fast that ppl struggle to keep up w/ me... We went out but my mind drifted and I missed the entire punchline of the story... I feel bad for talking so fast that ppl struggle to keep up w/ me... We went out but my mind drifted and I missed the entire punchline of the story... I feel bad for talking so fast that ppl struggle to keep up w/ me... I interrupted my friend three times today bcs I was excited about an idea...","I spent three hours overanalyzing a single text message from my colleague... I dealt w/ a minor setback today but managed to keep things in perspective...","Thought about that chore I started this morning and realized it is still half-done... Remembering old failures and worrying that history is bound to repeat itself today... I look at old photos of me smiling and wonder who that person was... I keep remembering all these great ideas I had but never actually finished... My mind suddenly recalled a minor argument from five years ago and now I can't sleep... I keep remembering all these great ideas I had but never actually finished... Suddenly remembered that bill I was supposed to pay three weeks ago... I recalled a random fact about space that I learned in school instead of working... Thought about that chore I started this morning and realized it is still half-done...","My attention is constantly drifting off in the middle of standard conversations... My mind feels like it's racing w/ twenty different thoughts competing for space at once... My attention is constantly drifting off in the middle of standard conversations... I am so tired of feeling like an absolute burden to everyone around me... I am constantly starting new tasks while my desk is covered in unfinished work... My attention is constantly drifting off in the middle of standard conversations...","I was able to support my coworker through a difficult issue today... I totally forgot to reply to ten text messages that I opened this morning... I interrupted my friend three times today bcs I was excited about an idea... We went out to a new Italian bistro in town and laughed for hours... I feel completely invisible to the world, and maybe that's for the best... I interrupted my friend three times today bcs I was excited about an idea... I cancelled our weekend plans bcs I can't pretend to be happy...",ADHD
P061,20,Non-binary,"Software Engineer",Bachelor's,normal,standard,No,colloquial,"I spent the afternoon copy-pasting numbers on a spreadsheet while feeling like a zombie. My brain is running at a hundred miles an hour but going nowhere. My mind feels like it's racing with twenty different thoughts competing for space at once. I feel this constant, buzzing dread in the pit of my stomach. My clients are complaining and I feel completely disconnected from the outcomes.","Drinking my fourth cup of coffee today just to keep my eyes open. Woke up with a massive burst of creative energy at 3 AM and started painting. My heart is pounding against my ribs for absolutely no reason. I am physically exhausted but as soon as my head hits the pillow, my brain stays awake. My heart is pounding against my ribs for absolutely no reason. My throat feels tight and it feels like I am struggling to get enough oxygen. I have been pacing around my room for an hour trying to remember what I was doing. My chest feels incredibly tight, like someone is standing on it. My chest feels incredibly tight, like someone is standing on it.","We went out but my mind drifted and I missed the entire punchline of the story. I just want to be left alone in a dark room with absolutely zero noise. I don't have the emotional capacity to listen to anyone else's problems. My friends asked me to choose a restaurant and my brain completely froze from pressure. I feel so isolated, but the thought of talking to someone makes me shudder. Cancelling plans has become my favorite hobby lately because of my exhaustion. I feel completely invisible to the world, and maybe that's for the best. My partner tried to talk about dinner and I completely snapped at them. I am terrified that I said something stupid and ruined my friendship. I feel bad for talking so fast that people struggle to keep up with me.","I felt a wave of gratitude while drinking my tea and watching the rain. I spent the afternoon copy-pasting numbers on a spreadsheet while feeling like a zombie. My inbox is overflowing with urgent requests that aren't actually urgent. I feel so restless, like I need to run away but I don't know where.","Stumbled upon an old project folder and couldn't believe how much effort I used to put in. My brain is on a constant loop of recalling every friendship I've ruined.","I spent five hours completely lost in reading a random Wikipedia article about history. The silence in my apartment is deafening, yet I don't want to break it. I feel this profound sense of unsafety even in my own locked home. Every minor detail feels like a massive crisis waiting to happen. My inbox is overflowing with urgent requests that aren't actually urgent. I have checked my locked door five times already tonight. The cynic in me is completely taking over at this point. They keep asking for more deliverables but my tank has been empty for weeks. The silence in my apartment is deafening, yet I don't want to break it.","Cancelling plans has become my favorite hobby lately because of my exhaustion. I rehearsed my entire conversation in my head before saying a single word. I ended up leaving early because the crowded room felt suffocating. My partner tried to talk about dinner and I completely snapped at them.",Burnout
P062,28,Male,"Economist",PhD,formal,minimal,No,academic,"I felt a positive psychological orientation while drinking my tea and watching the rain. I spent the afternoon copy-pasting numbers on a spreadsheet while feeling like a zombie. The existential disillusionment in me is completely taking over at this point. I dealt with a minor transient stressor today but managed to keep things in perspective. I spent the afternoon copy-pasting numbers on a spreadsheet while feeling like a zombie. I simply do not care about these performance milestones anymore.","I forgot to eat lunch today, honestly food just tastes like cardboard lately. Cooked a nutritious dinner with fresh vegetables and slept very soundly. Took a nice afternoon stretch and drank plenty of water today. Cooked a nutritious dinner with fresh vegetables and slept very soundly. My body feels heavy, sluggish, and constantly on the verge of collapsing.","I cancelled our weekend plans because I can't pretend to be happy. We went out to a new Italian bistro in town and laughed for hours. We went out to a new Italian bistro in town and laughed for hours. We went out to a new Italian bistro in town and laughed for hours.","I feel optimal affective equilibrium and at peace with where things are headed right now. I feel completely emotional blunting, as if all my emotions have been drained out. I had a really productive morning and felt a nice sense of accomplishment. I had a really productive morning and felt a nice sense of accomplishment.","I was remembering our summer trip and smiling at the memories. I recalled some helpful advice my mentor gave me a few years ago. Thought about how much I've grown over the last few years and felt proud. I recalled a random fact about space that I learned in school instead of working. Thought about how much I've grown over the last few years and felt proud. I recalled some helpful advice my mentor gave me a few years ago.","There is this deep ache in my chest that refuses to lift. I feel optimal affective equilibrium and at peace with where things are headed right now. I feel optimal affective equilibrium and at peace with where things are headed right now. Today felt balanced, calm, and relatively straightforward. I had a really productive morning and felt a nice sense of accomplishment. I feel optimal affective equilibrium and at peace with where things are headed right now. Today felt balanced, calm, and relatively straightforward. I feel incredibly guilty for wasting another entire day doing nothing. Woke up staring at the ceiling, experiencing acute anticipatory occupational anxiety.","I feel bad for talking so fast that people struggle to keep up with me. Spent a quiet evening playing board games with my family, which was lovely. Cancelling plans has become my favorite hobby lately because of my exhaustion. We went out to a new Italian bistro in town and laughed for hours. I feel so isolated, but the thought of talking to someone makes me shudder. I was able to support my coworker through a difficult issue today. My phone kept ringing but I let it go to voicemail every time. I snapped at my brother when he startled me by walking into the kitchen.",Healthy
P063,39,Male,"Sales Associate",High School,abbreviated,exclamations,No,simple,"There is this deep ache in my chest that refuses to lift! I spent three hours overanalyzing a single text message from my colleague! I am so incredibly overwhelmed by the sheer volume of my own thoughts! They keep asking for more deliverables but my tank has been empty for weeks! The silence in my apartment is deafening, yet I don't want to break it! I feel incredibly guilty for wasting another entire day doing nothing!!! I am completely paralyzed by the fear of making a terrible mistake!","My throat feels tight and it feels like I am struggling to get enough oxygen! I forgot to eat lunch today, honestly food just tastes like cardboard lately! My limbs feel like they are filled with lead blocks!!! Even taking a shower felt like an Olympian task that required days of planning! My hands are shaking so much that typing is becoming a struggle!","My friends asked me to choose a restaurant and my brain completely froze from pressure! We went out but my mind drifted and I missed the entire punchline of the story! I avoid going to crowded places because they trigger a deep panic! I feel bad for talking so fast that people struggle to keep up with me! I cancelled our weekend plans because I can't pretend to be happy! I feel completely invisible to the world, and maybe that's for the best!","I cried in the shower this morning for no concrete reason! It feels like I am carrying a mountain on my back just to walk to the kitchen! Another meeting that could have been an email, wasting my remaining energy!!!","Thinking back to last year when I had motivation and drive! I keep playing back embarrassing moments in my head on repeat! Remembering old failures and worrying that history is bound to repeat itself today! I recalled how excited I was on my first day here, which feels like a comedy now!!! I was thinking about how simple things used to be before this heaviness took over! My brain is on a constant loop of recalling every friendship I've ruined! I was thinking about how simple things used to be before this heaviness took over! I recalled how excited I was on my first day here, which feels like a comedy now! I look at old photos of me smiling and wonder who that person was!","Nothing seems to bring even a flicker of interest or pleasure anymore! I spent three hours overanalyzing a single text message from my colleague!","Sarah invited me out for drinks but I ignored her text message! I cancelled our weekend plans because I can't pretend to be happy! I cancelled our weekend plans because I can't pretend to be happy! Everyone else is out living their lives while I am stuck in this quicksand!",Depression
P064,21,Female,"Barista",High School,sarcastic,standard,No,simple,"Today felt balanced, calm, and relatively straightforward. My mind is on an absolute loop of 'what-ifs' that I cannot shut down. Oh, absolutely brilliant. my clients are complaining and I feel completely disconnected from the outcomes.","I feel incredibly dizzy and nauseous from this constant state of alertness. I feel physically energetic, healthy, and in tune with my body's needs. I am physically exhausted but as soon as my head hits the pillow, my brain stays awake. Spoiler alert: i feel like a hollow shell of myself, just going through the motions. My hands are shaking so much that typing is becoming a struggle. My limbs feel like they are filled with lead blocks. My heart is pounding against my ribs for absolutely no reason. I feel incredibly dizzy and nauseous from this constant state of alertness. My chest feels incredibly tight, like someone is standing on it.","Living the dream as usual. i cancelled our weekend plans because I can't pretend to be happy. I rehearsed my entire conversation in my head before saying a single word. I cancelled our weekend plans because I can't pretend to be happy. I feel so isolated, but the thought of talking to someone makes me shudder. I feel so isolated, but the thought of talking to someone makes me shudder. Fabulous, just fabulous. i feel completely invisible to the world, and maybe that's for the best. My friends asked me to choose a restaurant and my brain completely froze from pressure.","I had a really productive morning and felt a nice sense of accomplishment. Exactly what I needed. woke up at 2 PM and lay in bed staring at the wall until dark. The cynic in me is completely taking over at this point. My thoughts are swirling around like a hurricane and I can't catch one. Another day, another masterpiece of timing. i feel so restless, like I need to run away but I don't know where.","My mind suddenly recalled a minor argument from five years ago and now I can't sleep. I keep remembering that one presentation where my voice cracked.","The cynic in me is completely taking over at this point. I had a really productive morning and felt a nice sense of accomplishment. Oh, absolutely brilliant. there is this deep ache in my chest that refuses to lift. I am completely paralyzed by the fear of making a terrible mistake. The cynic in me is completely taking over at this point. I feel completely numb, as if all my emotions have been drained out. I feel this constant, buzzing dread in the pit of my stomach.","Exactly what I needed. i went to a small gathering but felt like everyone was silently judging me. I went to a small gathering but felt like everyone was silently judging me. My friends asked me to choose a restaurant and my brain completely froze from pressure. Because why not, my friends asked me to choose a restaurant and my brain completely froze from pressure. Everyone else is out living their lives while I am stuck in this quicksand.",Anxiety
P065,64,Female,"Astrophysicist",PhD,formal,standard,No,academic,"My inbox is overflowing with urgent requests that aren't actually urgent. A sudden loud noise in the street made my heart shoot into my throat. A sudden loud noise in the street made my heart shoot into my throat. Every minor detail feels like a massive crisis waiting to happen.","I feel incredibly dizzy and nauseous from this constant state of alertness. I have zero energy left to even brush my hair or change my clothes.","I ended up leaving early because the crowded room felt suffocating. Everyone else is out living their lives while I am stuck in this depressive paralysis. I feel like an outsider who can't connect with normal human experiences. I avoid going to crowded places because they trigger a deep panic. I avoid going to crowded places because they trigger a deep panic. My phone kept ringing but I let it go to voicemail every time. I feel like an outsider who can't connect with normal human experiences. I feel completely existential alienation to the world, and maybe that's for the best.","A sudden loud noise in the street made my heart shoot into my throat. A sudden loud noise in the street made my heart shoot into my throat. My nervous system is stuck on high alert and I can't seem to turn it off. A sudden loud noise in the street made my heart shoot into my throat. I spent five hours prolonged attentional focus a random Wikipedia article about history.","I had a sudden, intrusive cognitive recall of that night that felt so real I forgot where I actually was. My brain is on a constant loop of recalling every friendship I've ruined. I was thinking about how simple things used to be before this heaviness took over. Stumbled upon an old project folder and couldn't believe how much effort I used to put in. Remembering old failures and worrying that history is bound to repeat itself today. I look at old photos of me smiling and wonder who that person was.","There is this deep ache in my chest that refuses to lift. My nervous system is stuck on high alert and I can't seem to turn it off.","My phone kept ringing but I let it go to voicemail every time. I sat with my back to the wall at the restaurant, scanning the exit doors. My phone kept ringing but I let it go to voicemail every time. I cancelled our weekend plans because I can't pretend to be happy. I avoid going to crowded places because they trigger a deep panic. I went to a small gathering but felt like everyone was silently judging me. I ended up leaving early because the crowded room felt suffocating. I avoid going to crowded places because they trigger a deep panic.",PTSD
P066,27,Male,"Nurse Practitioner",Master's,normal,standard,Yes,professional,"I am so tired of feeling like an absolute psychological liability to everyone around me. Everything feels incredibly urgent and I am constantly anticipatory panic cycles. Every single email from my manager feels like a personal attack. I am so incredibly overwhelmed by the sheer volume of my own thoughts. My attention is constantly drifting off in the middle of standard conversations.","My hands are always busy w/ sth, I simply cannot sit quiet. Even taking a shower felt like an Olympian task that required days of planning. My hands are shaking so much that typing is becoming a struggle. I feel physically energetic, healthy, and in tune w/ my body's needs. Cooked a nutritious dinner w/ fresh vegetables and slept very soundly. My stomach is in knots and I am constantly on edge. Sleeping for twelve hours didn't do anything to cure this tiredness.","I ended up leaving early bcs the crowded room felt suffocating. I totally forgot to reply to ten text messages that I opened this morning.","I feel so frustrated w/ my executive attention impairments and pay attention. I feel optimal affective equilibrium and at peace w/ where things are headed right now.","Suddenly remembered that bill I was supposed to pay three weeks ago. My brain is on a constant loop of recalling every friendship I've ruined. I was thinking about how simple things used to be before this heaviness took over. I keep playing back embarrassing moments in my head on repeat.","I spent three hours overanalyzing a single text message from my colleague. I feel so frustrated w/ my executive attention impairments and pay attention. I am so tired of feeling like an absolute psychological liability to everyone around me. My attention is constantly drifting off in the middle of standard conversations. My mind is on an absolute loop of 'catastrophic cognitive distortions' that I cannot shut down. The silence in my apartment is deafening, yet I don't want to break it. I feel so frustrated w/ my executive attention impairments and pay attention.","I totally forgot to reply to ten text messages that I opened this morning. My friends asked me to choose a restaurant and my brain completely froze from pressure. I feel bad for talking so fast that ppl struggle to keep up w/ me. We went out to a new Italian bistro in town and laughed for hours. I cancelled our weekend plans bcs I can't pretend to be happy. Had an absolute blast hanging out w/ Marcus and Jenna at the local park. We went out but my mind drifted and I missed the entire punchline of the story.",ADHD
P067,37,Male,"Clinical Neuropsychologist",PhD,highly-emotional,minimal,Yes,academic,"They keep asking for more deliverables but my tank has been empty for weeks. They keep asking for more deliverables but my tank has been empty for weeks. Every single email from my manager feels like a personal attack. My nervous system is stuck on high alert and I can't seem to turn it off. I simply do not care about these performance milestones anymore.","I feel incredibly dizzy and nauseous from this constant state of alertness. I forgot to eat lunch today, honestly food just tastes like cardboard lately. I have zero energy left to even brush my hair or change my clothes. I have zero energy left to even brush my hair or change my clothes.","Cancelling plans has become my favorite hobby lately bcs of my exhaustion. Cancelling plans has become my favorite hobby lately bcs of my exhaustion. I rehearsed my entire conversation in my head before saying a single word.","I feel completely emotional blunting, as if all my emotions have been drained out. Every single email from my manager feels like a personal attack. Woke up at 2 PM and lay in bed staring at the wall until dark. I feel incredibly guilty for wasting another entire day doing nothing. I spent three hours overanalyzing a single text message from my colleague. I simply do not care about these performance milestones anymore. I feel this constant, generalized somatic hyperarousal in the pit of my stomach. Every single email from my manager feels like a personal attack. I feel completely emotional blunting, as if all my emotions have been drained out. It feels like I am carrying a mountain on my back just to walk to the kitchen.","I remember when I actually used to be passionate about this job. My brain is on a constant loop of recalling every friendship I've ruined. I keep playing back embarrassing moments in my head on repeat. Stumbled upon an old project folder and couldn't believe how much effort I used to put in. I was thinking about how simple things used to be before this heaviness took over. My brain is on a constant loop of recalling every friendship I've ruined. I keep playing back embarrassing moments in my head on repeat. Remembering old failures and worrying that history is bound to repeat itself today.","I looked at my computer screen and literally wanted to throw it out the window. My mind is on an absolute loop of 'catastrophic cognitive distortions' that I cannot shut down. I am completely paralyzed by the fear of making a terrible mistake. I felt a positive psychological orientation while drinking my tea and watching the rain. I am so incredibly overwhelmed by the sheer volume of my own thoughts. My clients are complaining and I feel completely disconnected from the outcomes.","I don't have the emotional capacity to listen to anyone else's problems. I ended up leaving early bcs the crowded room felt suffocating. Cancelling plans has become my favorite hobby lately bcs of my exhaustion.",Burnout
P068,48,Non-binary,"Architect",Master's,formal,exclamations,No,professional,"Today felt balanced, calm, and relatively straightforward! Had some time to reflect on my personal goals and felt quite optimistic! I had a really productive morning and felt a nice sense of accomplishment! I felt a positive psychological orientation while drinking my tea and watching the rain! I had a really productive morning and felt a nice sense of accomplishment!","I forgot to eat lunch again because I was rearranging my bookshelf by color! Cooked a nutritious dinner with fresh vegetables and slept very soundly!!! I went for a long run after work and felt a great release of tension! Cooked a nutritious dinner with fresh vegetables and slept very soundly! I feel incredibly dizzy and nauseous from this constant state of alertness! I am profound somatic fatigue but as soon as my head hits the pillow, my brain stays awake!","I just want to be left alone in a dark room with absolutely zero noise! I don't have the emotional capacity to listen to anyone else's problems! Had an absolute blast hanging out with Marcus and Jenna at the local park! Spent a quiet evening playing board games with my family, which was lovely! We went out to a new Italian bistro in town and laughed for hours!","My clients are complaining and I feel completely disconnected from the outcomes! I have checked my locked door five times already tonight!!! Had some time to reflect on my personal goals and felt quite optimistic! I feel optimal affective equilibrium and at peace with where things are headed right now! I feel optimal affective equilibrium and at peace with where things are headed right now! I felt a positive psychological orientation while drinking my tea and watching the rain!","I was remembering our summer trip and smiling at the memories!!! I was remembering our summer trip and smiling at the memories!!! I recalled some helpful advice my mentor gave me a few years ago!","Had some time to reflect on my personal goals and felt quite optimistic! I felt a positive psychological orientation while drinking my tea and watching the rain! I felt a positive psychological orientation while drinking my tea and watching the rain! I felt a positive psychological orientation while drinking my tea and watching the rain! Today felt balanced, calm, and relatively straightforward!","I was able to support my coworker through a difficult issue today! I cancelled our weekend plans because I can't pretend to be happy!",Healthy
P069,25,Male,"Delivery Driver",High School,highly-emotional,exclamations,Yes,colloquial,"Every single email from my manager feels like a personal attack! I spent five hours completely lost in reading a random Wikipedia article about history! I feel incredibly guilty for wasting another entire day doing nothing!!! I am completely paralyzed by the fear of making a terrible mistake! I spent five hours completely lost in reading a random Wikipedia article about history! I looked at my computer screen and literally wanted to throw it out the window! Every single email from my manager feels like a personal attack! I tried to read my book but the words just swam around w/o meaning!!! My clients are complaining and I feel completely disconnected from the outcomes! The silence in my apartment is deafening, yet I don't want to break it!","I have zero energy left to even brush my hair or change my clothes! Sleeping for twelve hours didn't do anything to cure this tiredness!!! I forgot to eat lunch today, honestly food just tastes like cardboard lately!!! My chest feels incredibly tight, like someone is standing on it!!!","Cancelling plans has become my favorite hobby lately bcs of my exhaustion!!! I feel so isolated, but the thought of talking to someone makes me shudder! My friends asked me to choose a restaurant and my brain completely froze from pressure! My friends asked me to choose a restaurant and my brain completely froze from pressure! I cancelled our weekend plans bcs I can't pretend to be happy!","There is this deep ache in my chest that refuses to lift! I feel so restless, like I need to run away but idk where!","Thinking back to last year when I had motivation and drive! Stumbled upon an old project folder and couldn't believe how much effort I used to put in! I look at old photos of me smiling and wonder who that person was!!! I look at old photos of me smiling and wonder who that person was! Thinking back to last year when I had motivation and drive! I recalled how excited I was on my first day here, which feels like a comedy now!","I am completely paralyzed by the fear of making a terrible mistake! The silence in my apartment is deafening, yet I don't want to break it! My mind is on an absolute loop of 'what-ifs' that I cannot shut down! I feel so restless, like I need to run away but idk where!!! Another meeting that could have been an email, wasting my remaining energy! The silence in my apartment is deafening, yet I don't want to break it! I cried in the shower this morning for no concrete reason! I spent three hours overanalyzing a single text message from my colleague! There is this deep ache in my chest that refuses to lift!!!","My phone kept ringing but I let it go to voicemail every time!!! Sarah invited me out for drinks but I ignored her text message! My partner tried to talk about dinner and I completely snapped at them! I just want to be left alone in a dark room w/ absolutely zero noise!!! I feel completely invisible to the world, and maybe that's for the best! My friends asked me to choose a restaurant and my brain completely froze from pressure!!! I ended up leaving early bcs the crowded room felt suffocating! My friends asked me to choose a restaurant and my brain completely froze from pressure!!!",Depression
P070,31,Female,"HR Generalist",Bachelor's,sarcastic,exclamations,No,professional,"I am completely paralyzed by the fear of making a terrible mistake! My brain is running at a hundred miles an hour but going nowhere! I am so incredibly overwhelmed by the sheer volume of my own thoughts! I spent three hours overanalyzing a single text message from my colleague!!!","My hands are shaking so much that typing is becoming a struggle! My limbs feel like they are filled with lead blocks! My stomach is in knots and I am constantly on edge! I have been pacing around my room for an hour trying to remember what I was doing! I feel tense, rigid, and my muscles are aching from constant bracing! My chest feels incredibly tight, like someone is standing on it!!! My limbs feel like they are filled with lead blocks! My hands are shaking so much that typing is becoming a struggle! Living the dream as usual! i am physically exhausted but as soon as my head hits the pillow, my brain stays awake!!!","I ended up leaving early because the crowded room felt suffocating! I feel so isolated, but the thought of talking to someone makes me shudder! Cancelling plans has become my favorite hobby lately because of my exhaustion! My phone kept ringing but I let it go to voicemail every time! I rehearsed my entire conversation in my head before saying a single word! I rehearsed my entire conversation in my head before saying a single word! Oh, absolutely brilliant! i am terrified that I said something stupid and ruined my friendship! Exactly what I needed! i just want to be left alone in a dark room with absolutely zero noise!","I feel content and at peace with where things are headed right now!!! Fabulous, just fabulous! woke up staring at the ceiling, dreading the morning standup! I am so incredibly overwhelmed by the sheer volume of my own thoughts! I spent three hours overanalyzing a single text message from my colleague!","I keep remembering old mistakes and cringing at my younger self! I keep remembering that one presentation where my voice cracked! I recalled a random fact about space that I learned in school instead of working!","My nervous system is stuck on high alert and I can't seem to turn it off! Every minor detail feels like a massive crisis waiting to happen!!! I have checked my locked door five times already tonight! I am so incredibly overwhelmed by the sheer volume of my own thoughts!","I am terrified that I said something stupid and ruined my friendship! My friends asked me to choose a restaurant and my brain completely froze from pressure! I ended up leaving early because the crowded room felt suffocating! My friends asked me to choose a restaurant and my brain completely froze from pressure!",Anxiety
P071,35,Male,"School Principal",Master's,narrative,minimal,No,colloquial,"Woke up at 2 PM and lay in bed staring at the wall until dark. I feel completely pronounced depersonalization/dissociation, like I'm watching myself from above.","I feel tense, rigid, and my muscles are aching from constant bracing. I haven't had a full night of uninterrupted sleep in what feels like months. My heart is pounding against my ribs for absolutely no reason.","I totally forgot to reply to ten text messages that I opened this morning. I rehearsed my entire conversation in my head before saying a single word.","There is a persistent, heavy severe anhedonic state sitting over everything today. I feel this profound sense of persistent threat-appraisal bias even in my own locked home. I feel completely pronounced depersonalization/dissociation, like I'm watching myself from above. The existential disillusionment in me is completely taking over at this point. I feel this profound sense of persistent threat-appraisal bias even in my own locked home. I feel this profound sense of persistent threat-appraisal bias even in my own locked home. My mind is on an absolute loop of 'catastrophic cognitive distortions' that I cannot shut down. A wave of intense, irrational anger washed over me out of nowhere. A sudden loud noise in the street made my heart shoot into my throat.","I had a sudden, intrusive cognitive recall of that night that felt so real I forgot where I actually was. I was remembering our summer trip and smiling at the memories. I keep remembering that one presentation where my voice cracked. I had a sudden, intrusive cognitive recall of that night that felt so real I forgot where I actually was. Memories of what happened are crashing through my brain like uninvited ghosts. Memories of what happened are crashing through my brain like uninvited ghosts. Remembering old failures and worrying that history is bound to repeat itself today. My mind suddenly recalled a minor argument from five years ago and now I can't sleep.","My nervous system is stuck on high alert and I can't seem to turn it off. I spent the afternoon copy-pasting numbers on a spreadsheet while feeling like a zombie. I am completely paralyzed by the fear of making a terrible mistake. My mind is on an absolute loop of 'catastrophic cognitive distortions' that I cannot shut down. A wave of intense, irrational anger washed over me out of nowhere. I feel optimal affective equilibrium and at peace with where things are headed right now. A wave of intense, irrational anger washed over me out of nowhere. I felt incredibly hypervigilant sensory responses all day, constantly checking behind my back. I feel incredibly guilty for wasting another entire day doing nothing. I looked at my computer screen and literally wanted to throw it out the window.","I sat with my back to the wall at the restaurant, scanning the exit doors. I feel so isolated, but the thought of talking to someone makes me shudder. Sarah invited me out for drinks but I ignored her text message. My phone kept ringing but I let it go to voicemail every time. I sat with my back to the wall at the restaurant, scanning the exit doors.",PTSD
P072,40,Female,"Construction Worker",High School,sarcastic,minimal,No,colloquial,"Exactly what I needed. the silence in my apartment is deafening, yet I don't want to break it. Because why not, today felt balanced, calm, and relatively straightforward. Exactly what I needed. it feels like I am carrying a mountain on my back just to walk to the kitchen. My mind is on an absolute loop of 'what-ifs' that I cannot shut down. I have checked my locked door five times already tonight. I spent five hours completely lost in reading a random Wikipedia article about history. My clients are complaining and I feel completely disconnected from the outcomes.","I feel incredibly dizzy and nauseous from this constant state of alertness. I have been pacing around my room for an hour trying to remember what I was doing.","I went to a small gathering but felt like everyone was silently judging me. I went to a small gathering but felt like everyone was silently judging me. I totally forgot to reply to ten text messages that I opened this morning.","It feels like I am carrying a mountain on my back just to walk to the kitchen. My thoughts are swirling around like a hurricane and I can't catch one. My attention is constantly drifting off in the middle of standard conversations. The silence in my apartment is deafening, yet I don't want to break it. Had some time to reflect on my personal goals and felt quite optimistic.","I recalled a random fact about space that I learned in school instead of working. Suddenly remembered that bill I was supposed to pay three weeks ago. I was remembering our summer trip and smiling at the memories.","I cried in the shower this morning for no concrete reason. Living the dream as usual. i feel content and at peace with where things are headed right now. My attention is constantly drifting off in the middle of standard conversations.","I lost my car keys twice today and was late meeting my friends, again. I feel completely invisible to the world, and maybe that's for the best. Spent a quiet evening playing board games with my family, which was lovely. I ended up leaving early because the crowded room felt suffocating. I feel bad for talking so fast that people struggle to keep up with me.",ADHD
P073,54,Female,"Warehouse Staff",High School,abbreviated,ellipses,No,simple,"My thoughts are swirling around like a hurricane and I can't catch one... Woke up staring at the ceiling, dreading the morning standup... The cynic in me is completely taking over at this point... I cried in the shower this morning for no concrete reason... I feel so restless, like I need to run away but I don't know where...","Even taking a shower felt like an Olympian task that required days of planning... My throat feels tight and it feels like I am struggling to get enough oxygen... My hands are always busy with something, I simply cannot sit quiet...","Cancelling plans has become my favorite hobby lately because of my exhaustion... I don't have the emotional capacity to listen to anyone else's problems... I ended up leaving early because the crowded room felt suffocating... I don't have the emotional capacity to listen to anyone else's problems... I just want to be left alone in a dark room with absolutely zero noise... I feel completely invisible to the world, and maybe that's for the best... I ended up leaving early because the crowded room felt suffocating... I ended up leaving early because the crowded room felt suffocating... I am terrified that I said something stupid and ruined my friendship...","Woke up at 2 PM and lay in bed staring at the wall until dark... The cynic in me is completely taking over at this point... I am so tired of feeling like an absolute burden to everyone around me...","Remembering old failures and worrying that history is bound to repeat itself today... A specific smell today instantly transported me back to that difficult moment in my past...","Another meeting that could have been an email, wasting my remaining energy... I feel this profound sense of unsafety even in my own locked home... My brain is running at a hundred miles an hour but going nowhere... I spent five hours completely lost in reading a random Wikipedia article about history... I am so incredibly overwhelmed by the sheer volume of my own thoughts...","My friends asked me to choose a restaurant and my brain completely froze from pressure... I cancelled our weekend plans because I can't pretend to be happy... I ended up leaving early because the crowded room felt suffocating... I snapped at my brother when he startled me by walking into the kitchen... My partner tried to talk about dinner and I completely snapped at them...",Burnout
P074,62,Male,"Management Consultant",Master's,normal,minimal,Yes,professional,"I feel optimal affective equilibrium and at peace w/ where things are headed right now. I felt a positive psychological orientation while drinking my tea and watching the rain. I am so incredibly overwhelmed by the sheer volume of my own thoughts. I looked at my computer screen and literally wanted to throw it out the window. Had some time to reflect on my personal goals and felt quite optimistic. I had a rly productive morning and felt a nice sense of accomplishment.","I went for a long run after work and felt a great release of tension. Woke up feeling refreshed and ready to take on the day's tasks. I went for a long run after work and felt a great release of tension. I haven't had a full night of uninterrupted sleep in what feels like months. Woke up feeling refreshed and ready to take on the day's tasks. Took a nice afternoon stretch and drank plenty of water today. Took a nice afternoon stretch and drank plenty of water today. Took a nice afternoon stretch and drank plenty of water today. Woke up feeling refreshed and ready to take on the day's tasks. Took a nice afternoon stretch and drank plenty of water today.","Cancelling plans has become my favorite hobby lately bcs of my exhaustion. Spent a quiet evening playing board games w/ my family, which was lovely. I feel completely existential alienation to the world, and maybe that's for the best.","I am constantly starting new tasks while my desk is covered in unfinished work. I dealt w/ a minor transient stressor today but managed to keep things in perspective. I dealt w/ a minor transient stressor today but managed to keep things in perspective. Woke up staring at the ceiling, experiencing acute anticipatory occupational anxiety. I spent five hours prolonged attentional focus a random Wikipedia article about history. I dealt w/ a minor transient stressor today but managed to keep things in perspective.","Remembering old times w/ high school friends made me text them to catch up. Thought about that chore I started this morning and realized it is still half-done. I recalled some helpful advice my mentor gave me a few years ago. I recalled some helpful advice my mentor gave me a few years ago. I recalled how excited I was on my first day here, which feels like a comedy now. Remembering old times w/ high school friends made me text them to catch up.","Had some time to reflect on my personal goals and felt quite optimistic. Today felt balanced, calm, and relatively straightforward. They keep asking for more deliverables but my tank has been empty for weeks. Had some time to reflect on my personal goals and felt quite optimistic. I am constantly starting new tasks while my desk is covered in unfinished work. Today felt balanced, calm, and relatively straightforward. It feels like I am carrying a mountain on my back just to walk to the kitchen. I dealt w/ a minor transient stressor today but managed to keep things in perspective. I had a rly productive morning and felt a nice sense of accomplishment. My clients are complaining and I feel completely disconnected from the outcomes.","I totally forgot to reply to ten text messages that I opened this morning. I was able to support my coworker through a difficult issue today. Spent a quiet evening playing board games w/ my family, which was lovely. I don't have the emotional capacity to listen to anyone else's problems. We went out to a new Italian bistro in town and laughed for hours. I was able to support my coworker through a difficult issue today.",Healthy
P075,62,Female,"Receptionist",High School,disorganized,exclamations,No,simple,"I feel so frustrated with my inability to just settle down and pay attention! My thoughts are swirling around like a hurricane and I can't catch one!!! Woke up at 2 PM and lay in bed staring at the wall until dark! There is this deep ache in my chest that refuses to lift! I feel this intense restlessness and boredom that actually feels physically uncomfortable!!! There is this deep ache in my chest that refuses to lift!!! My brain is running at a hundred miles an hour but going nowhere! I tried to read my book but the words just swam around without meaning!","I forgot to eat lunch today, honestly food just tastes like cardboard lately! Sleeping for twelve hours didn't do anything to cure this tiredness! I forgot to eat lunch today, honestly food just tastes like cardboard lately! My body feels heavy, sluggish, and constantly on the verge of collapsing!!! My throat feels tight and it feels like I am struggling to get enough oxygen! I forgot to eat lunch today, honestly food just tastes like cardboard lately! I forgot to eat lunch today, honestly food just tastes like cardboard lately! My limbs feel like they are filled with lead blocks! I forgot to eat lunch today, honestly food just tastes like cardboard lately! Sleeping for twelve hours didn't do anything to cure this tiredness!!!","I cancelled our weekend plans because I can't pretend to be happy! Everyone else is out living their lives while I am stuck in this quicksand! Cancelling plans has become my favorite hobby lately because of my exhaustion! My partner tried to talk about dinner and I completely snapped at them! I rehearsed my entire conversation in my head before saying a single word! I am terrified that I said something stupid and ruined my friendship! Sarah invited me out for drinks but I ignored her text message!","The silence in my apartment is deafening, yet I don't want to break it! I tried to read my book but the words just swam around without meaning!!! My nervous system is stuck on high alert and I can't seem to turn it off! I feel incredibly guilty for wasting another entire day doing nothing! I tried to read my book but the words just swam around without meaning! I had a really productive morning and felt a nice sense of accomplishment! I looked at my computer screen and literally wanted to throw it out the window! I dealt with a minor setback today but managed to keep things in perspective! My brain is running at a hundred miles an hour but going nowhere! Every minor detail feels like a massive crisis waiting to happen!","I was thinking about how simple things used to be before this heaviness took over! I keep remembering that one presentation where my voice cracked! I keep playing back embarrassing moments in my head on repeat!!! I look at old photos of me smiling and wonder who that person was! My mind suddenly recalled a minor argument from five years ago and now I can't sleep! I keep playing back embarrassing moments in my head on repeat!!! My brain is on a constant loop of recalling every friendship I've ruined! Remembering old failures and worrying that history is bound to repeat itself today! I remember when I actually used to be passionate about this job!!! I recalled how excited I was on my first day here, which feels like a comedy now!!!","I felt a wave of gratitude while drinking my tea and watching the rain!!! Nothing seems to bring even a flicker of interest or pleasure anymore! My mind feels like it's racing with twenty different thoughts competing for space at once! There is this deep ache in my chest that refuses to lift! I simply do not care about these performance milestones anymore! There is this deep ache in my chest that refuses to lift!!! Nothing seems to bring even a flicker of interest or pleasure anymore!","We went out but my mind drifted and I missed the entire punchline of the story! I cancelled our weekend plans because I can't pretend to be happy! My phone kept ringing but I let it go to voicemail every time! Sarah invited me out for drinks but I ignored her text message! I am terrified that I said something stupid and ruined my friendship! I lost my car keys twice today and was late meeting my friends, again! My phone kept ringing but I let it go to voicemail every time! I cancelled our weekend plans because I can't pretend to be happy! My phone kept ringing but I let it go to voicemail every time!",Depression
P076,28,Non-binary,"University Professor",PhD,disorganized,ellipses,Yes,academic,"I am constantly starting new tasks while my desk is covered in unfinished work... I am completely paralyzed by the fear of making a terrible mistake... Had some time to reflect on my personal goals and felt quite optimistic... I have been sitting at my desk for nine hours and demonstrated negligible cognitive productivity... I spent three hours overanalyzing a single text message from my colleague... The silence in my apartment is deafening, yet I don't want to break it... I am so tired of feeling like an absolute psychological liability to everyone around me... I spent three hours overanalyzing a single text message from my colleague... There is this deep ache in my chest that refuses to lift... My mind is on an absolute loop of 'catastrophic cognitive distortions' that I cannot shut down...","Sleeping for twelve hours didn't do anything to cure this tiredness... I forgot to eat lunch today, honestly food just tastes like cardboard lately...","I ended up leaving early bcs the crowded room felt suffocating... I cancelled our weekend plans bcs I can't pretend to be happy... I ended up leaving early bcs the crowded room felt suffocating... Everyone else is out living their lives while I am stuck in this depressive paralysis... My friends asked me to choose a restaurant and my brain completely froze from pressure... I just want to be left alone in a dark room w/ absolutely zero noise... I rehearsed my entire conversation in my head before saying a single word...","I feel so frustrated w/ my executive attention impairments and pay attention... I spent five hours prolonged attentional focus a random Wikipedia article about history... My thoughts are swirling around like a hurricane and I can't catch one... I feel optimal affective equilibrium and at peace w/ where things are headed right now... There is this deep ache in my chest that refuses to lift... I spent the afternoon copy-pasting numbers on a spreadsheet while feeling like a zombie...","Suddenly remembered that bill I was supposed to pay three weeks ago... I remember when I actually used to be passionate about this job...","I feel so restless, like I need to run away but idk where... Every minor detail feels like a massive crisis waiting to happen... My mind is on an absolute loop of 'catastrophic cognitive distortions' that I cannot shut down... I had a rly productive morning and felt a nice sense of accomplishment... I have checked my locked door five times already tonight... I feel this intense restlessness and boredom that actually feels physically uncomfortable... I spent three hours overanalyzing a single text message from my colleague... I spent three hours overanalyzing a single text message from my colleague... My thoughts are swirling around like a hurricane and I can't catch one... The existential disillusionment in me is completely taking over at this point...","I went to a small gathering but felt like everyone was silently judging me... Sarah invited me out for drinks but I ignored her text message... I went to a small gathering but felt like everyone was silently judging me...",Anxiety
P077,33,Female,"Receptionist",High School,normal,standard,No,simple,"I feel so restless, like I need to run away but I don't know where. I felt incredibly jumpy all day, constantly checking behind my back. Every minor detail feels like a massive crisis waiting to happen. I feel so restless, like I need to run away but I don't know where. I feel completely detached from my body, like I'm watching myself from above. My mind is on an absolute loop of 'what-ifs' that I cannot shut down. I feel this constant, buzzing dread in the pit of my stomach. A sudden loud noise in the street made my heart shoot into my throat. I feel content and at peace with where things are headed right now.","I have been pacing around my room for an hour trying to remember what I was doing. I feel physically energetic, healthy, and in tune with my body's needs. I forgot to eat lunch again because I was rearranging my bookshelf by color. My hands are always busy with something, I simply cannot sit quiet. Sleeping for twelve hours didn't do anything to cure this tiredness. Woke up gasping for air, drenched in sweat from another intense nightmare. My hands are shaking so much that typing is becoming a struggle.","I went to a small gathering but felt like everyone was silently judging me. I sat with my back to the wall at the restaurant, scanning the exit doors. My friends asked me to choose a restaurant and my brain completely froze from pressure. My phone kept ringing but I let it go to voicemail every time. I rehearsed my entire conversation in my head before saying a single word.","My mind is on an absolute loop of 'what-ifs' that I cannot shut down. I feel so restless, like I need to run away but I don't know where. Nothing seems to bring even a flicker of interest or pleasure anymore. A wave of intense, irrational anger washed over me out of nowhere. A sudden loud noise in the street made my heart shoot into my throat. I feel so restless, like I need to run away but I don't know where. Every minor detail feels like a massive crisis waiting to happen. A sudden loud noise in the street made my heart shoot into my throat.","A specific smell today instantly transported me back to that difficult moment in my past. I keep remembering that one presentation where my voice cracked. I was thinking about how simple things used to be before this heaviness took over. I spent the afternoon trying to push down images of past experiences that kept resurfacing. Remembering old times with high school friends made me text them to catch up. Memories of what happened are crashing through my brain like uninvited ghosts. I keep remembering old mistakes and cringing at my younger self. My mind suddenly recalled a minor argument from five years ago and now I can't sleep. I was thinking about how simple things used to be before this heaviness took over. My mind suddenly recalled a minor argument from five years ago and now I can't sleep.","I feel so restless, like I need to run away but I don't know where. My nervous system is stuck on high alert and I can't seem to turn it off. I spent three hours overanalyzing a single text message from my colleague. A sudden loud noise in the street made my heart shoot into my throat. Every minor detail feels like a massive crisis waiting to happen. I simply do not care about these performance milestones anymore.","Sarah invited me out for drinks but I ignored her text message. My friends asked me to choose a restaurant and my brain completely froze from pressure.",PTSD
P078,39,Male,"Project Manager",Bachelor's,formal,ellipses,No,professional,"Nothing seems to bring even a flicker of interest or pleasure anymore... I feel this intense restlessness and boredom that actually feels physically uncomfortable... I spent five hours completely lost in reading a random Wikipedia article about history...","Cooked a nutritious dinner with fresh vegetables and slept very soundly... Woke up with a massive burst of creative energy at 3 AM and started painting...","I don't have the emotional capacity to listen to anyone else's problems... We went out to a new Italian bistro in town and laughed for hours... Sarah invited me out for drinks but I ignored her text message... I feel bad for talking so fast that people struggle to keep up with me...","I am constantly starting new tasks while my desk is covered in unfinished work... Nothing seems to bring even a flicker of interest or pleasure anymore... I spent five hours completely lost in reading a random Wikipedia article about history... I am constantly starting new tasks while my desk is covered in unfinished work... My clients are complaining and I feel completely disconnected from the outcomes... Every minor detail feels like a massive crisis waiting to happen... It feels like I am carrying a mountain on my back just to walk to the kitchen... I had a really productive morning and felt a nice sense of accomplishment...","Thought about that chore I started this morning and realized it is still half-done... I keep remembering that one presentation where my voice cracked... Suddenly remembered that bill I was supposed to pay three weeks ago... I recalled a random fact about space that I learned in school instead of working... I remember when I actually used to be passionate about this job... Suddenly remembered that bill I was supposed to pay three weeks ago... I recalled a random fact about space that I learned in school instead of working... Thinking back to last year when I had motivation and drive... Thought about that chore I started this morning and realized it is still half-done... Remembering old failures and worrying that history is bound to repeat itself today...","I tried to read my book but the words just swam around without meaning... My mind feels like it's racing with twenty different thoughts competing for space at once... My brain is running at a hundred miles an hour but going nowhere... My attention is constantly drifting off in the middle of standard conversations... I felt a wave of gratitude while drinking my tea and watching the rain... I spent three hours overanalyzing a single text message from my colleague... I am completely paralyzed by the fear of making a terrible mistake... My mind feels like it's racing with twenty different thoughts competing for space at once... I spent five hours completely lost in reading a random Wikipedia article about history...","I avoid going to crowded places because they trigger a deep panic... I was able to support my coworker through a difficult issue today... I was able to support my coworker through a difficult issue today... I had a really honest, supportive conversation with my mom on the phone... I interrupted my friend three times today because I was excited about an idea... I lost my car keys twice today and was late meeting my friends, again... I feel so isolated, but the thought of talking to someone makes me shudder... I totally forgot to reply to ten text messages that I opened this morning...",ADHD
P079,29,Male,"HR Generalist",Bachelor's,disorganized,minimal,No,colloquial,"My mind is on an absolute loop of 'what-ifs' that I cannot shut down. I spent the afternoon copy-pasting numbers on a spreadsheet while feeling like a zombie. I feel this intense restlessness and boredom that actually feels physically uncomfortable. My mind feels like it's racing with twenty different thoughts competing for space at once.","I forgot to eat lunch again because I was rearranging my bookshelf by color. My hands are shaking so much that typing is becoming a struggle. My limbs feel like they are filled with lead blocks. My chest feels incredibly tight, like someone is standing on it. My body feels heavy, sluggish, and constantly on the verge of collapsing.","I don't have the emotional capacity to listen to anyone else's problems. I just want to be left alone in a dark room with absolutely zero noise. I don't have the emotional capacity to listen to anyone else's problems. My partner tried to talk about dinner and I completely snapped at them. My phone kept ringing but I let it go to voicemail every time. Cancelling plans has become my favorite hobby lately because of my exhaustion.","My mind feels like it's racing with twenty different thoughts competing for space at once. I looked at my computer screen and literally wanted to throw it out the window. They keep asking for more deliverables but my tank has been empty for weeks. My inbox is overflowing with urgent requests that aren't actually urgent. I feel so restless, like I need to run away but I don't know where. I am so tired of feeling like an absolute burden to everyone around me.","My brain is on a constant loop of recalling every friendship I've ruined. I keep playing back embarrassing moments in my head on repeat. I was thinking about how simple things used to be before this heaviness took over. Thought about that chore I started this morning and realized it is still half-done. I keep playing back embarrassing moments in my head on repeat. I look at old photos of me smiling and wonder who that person was. I keep remembering that one presentation where my voice cracked. I keep remembering old mistakes and cringing at my younger self. My brain is on a constant loop of recalling every friendship I've ruined.","I dealt with a minor setback today but managed to keep things in perspective. I am so tired of feeling like an absolute burden to everyone around me. I cried in the shower this morning for no concrete reason.","My partner tried to talk about dinner and I completely snapped at them. I rehearsed my entire conversation in my head before saying a single word. Everyone else is out living their lives while I am stuck in this quicksand. I cancelled our weekend plans because I can't pretend to be happy. I feel completely invisible to the world, and maybe that's for the best. I am terrified that I said something stupid and ruined my friendship. Everyone else is out living their lives while I am stuck in this quicksand. I rehearsed my entire conversation in my head before saying a single word. My partner tried to talk about dinner and I completely snapped at them.",Burnout
P080,24,Male,"Administrative Assistant",High School,disorganized,exclamations,Yes,colloquial,"Today felt balanced, calm, and relatively straightforward! I feel content and at peace w/ where things are headed right now! I felt a wave of gratitude while drinking my tea and watching the rain! I dealt w/ a minor setback today but managed to keep things in perspective!","Took a nice afternoon stretch and drank plenty of water today! I feel incredibly dizzy and nauseous from this constant state of alertness! Woke up w/ a massive burst of creative energy at 3 AM and started painting! Sleeping for twelve hours didn't do anything to cure this tiredness! I forgot to eat lunch today, honestly food just tastes like cardboard lately! Took a nice afternoon stretch and drank plenty of water today! Woke up feeling refreshed and ready to take on the day's tasks! Took a nice afternoon stretch and drank plenty of water today!","Spent a quiet evening playing board games w/ my family, which was lovely! I was able to support my coworker through a difficult issue today! Spent a quiet evening playing board games w/ my family, which was lovely!!!","I dealt w/ a minor setback today but managed to keep things in perspective! I feel this profound sense of unsafety even in my own locked home! My mind feels like it's racing w/ twenty different thoughts competing for space at once!!! I dealt w/ a minor setback today but managed to keep things in perspective!","I was remembering our summer trip and smiling at the memories!!! Remembering old times w/ high school friends made me text them to catch up!!! I recalled some helpful advice my mentor gave me a few years ago!!! Thought about how much I've grown over the last few years and felt proud! Remembering old times w/ high school friends made me text them to catch up! I recalled a random fact about space that I learned in school instead of working!!! Thought about how much I've grown over the last few years and felt proud!","I feel this intense restlessness and boredom that actually feels physically uncomfortable!!! Had some time to reflect on my personal goals and felt quite optimistic! My brain is running at a hundred miles an hour but going nowhere! Today felt balanced, calm, and relatively straightforward! I feel this constant, buzzing dread in the pit of my stomach!!!","We went out to a new Italian bistro in town and laughed for hours! Had an absolute blast hanging out w/ Marcus and Jenna at the local park! Had an absolute blast hanging out w/ Marcus and Jenna at the local park!!!",Healthy
P081,63,Female,"Quantitative Analyst",PhD,highly-emotional,standard,Yes,academic,"My thoughts are swirling around like a hurricane and I can't catch one. Nothing seems to bring even a flicker of interest or pleasure anymore. There is this deep ache in my chest that refuses to lift. Today felt balanced, calm, and relatively straightforward. I spent three hours overanalyzing a single text message from my colleague. There is this deep ache in my chest that refuses to lift. The existential disillusionment in me is completely taking over at this point. There is this deep ache in my chest that refuses to lift. I feel this intense restlessness and boredom that actually feels physically uncomfortable. There is this deep ache in my chest that refuses to lift.","My limbs feel like they are filled w/ lead blocks. Even taking a shower felt like an Olympian task that required days of planning. Even taking a shower felt like an Olympian task that required days of planning. My heart is pounding against my ribs for absolutely no reason. Drinking my fourth cup of coffee today just to keep my eyes open. I forgot to eat lunch today, honestly food just tastes like cardboard lately. My hands are shaking so much that typing is becoming a struggle. I forgot to eat lunch today, honestly food just tastes like cardboard lately. Even taking a shower felt like an Olympian task that required days of planning.","I went to a small gathering but felt like everyone was silently judging me. I feel completely existential alienation to the world, and maybe that's for the best. I just want to be left alone in a dark room w/ absolutely zero noise. Everyone else is out living their lives while I am stuck in this depressive paralysis. I am terrified that I said sth stupid and ruined my friendship. Everyone else is out living their lives while I am stuck in this depressive paralysis. I cancelled our weekend plans bcs I can't pretend to be happy. I cancelled our weekend plans bcs I can't pretend to be happy. I cancelled our weekend plans bcs I can't pretend to be happy. I feel completely existential alienation to the world, and maybe that's for the best.","I feel incredibly guilty for wasting another entire day doing nothing. They keep asking for more deliverables but my tank has been empty for weeks. Woke up at 2 PM and lay in bed staring at the wall until dark. I felt incredibly hypervigilant sensory responses all day, constantly checking behind my back. Every minor detail feels like a massive crisis waiting to happen. I feel incredibly guilty for wasting another entire day doing nothing.","Stumbled upon an old project folder and couldn't believe how much effort I used to put in. My mind suddenly recalled a minor argument from five years ago and now I can't sleep. My brain is on a constant loop of recalling every friendship I've ruined. I recalled how excited I was on my first day here, which feels like a comedy now. My mind suddenly recalled a minor argument from five years ago and now I can't sleep. I keep remembering old mistakes and cringing at my younger self. Stumbled upon an old project folder and couldn't believe how much effort I used to put in.","I feel this constant, generalized somatic hyperarousal in the pit of my stomach. There is a persistent, heavy severe anhedonic state sitting over everything today. There is this deep ache in my chest that refuses to lift.","I feel completely existential alienation to the world, and maybe that's for the best. I feel completely existential alienation to the world, and maybe that's for the best. I rehearsed my entire conversation in my head before saying a single word. I am terrified that I said sth stupid and ruined my friendship. I feel completely existential alienation to the world, and maybe that's for the best. We went out but my mind drifted and I missed the entire punchline of the story. My friends asked me to choose a restaurant and my brain completely froze from pressure. I cancelled our weekend plans bcs I can't pretend to be happy. I cancelled our weekend plans bcs I can't pretend to be happy.",Depression
P082,53,Male,"Registered Nurse",Bachelor's,highly-emotional,exclamations,No,colloquial,"My thoughts are swirling around like a hurricane and I can't catch one! I have checked my locked door five times already tonight!!! Had some time to reflect on my personal goals and felt quite optimistic!","I feel incredibly dizzy and nauseous from this constant state of alertness! My chest feels incredibly tight, like someone is standing on it! I feel like a hollow shell of myself, just going through the motions! Drinking my fourth cup of coffee today just to keep my eyes open! Even taking a shower felt like an Olympian task that required days of planning! Drinking my fourth cup of coffee today just to keep my eyes open! I have zero energy left to even brush my hair or change my clothes! I forgot to eat lunch today, honestly food just tastes like cardboard lately!!! My limbs feel like they are filled with lead blocks! I feel incredibly dizzy and nauseous from this constant state of alertness!","My friends asked me to choose a restaurant and my brain completely froze from pressure! I rehearsed my entire conversation in my head before saying a single word! I rehearsed my entire conversation in my head before saying a single word!!! My friends asked me to choose a restaurant and my brain completely froze from pressure! I feel so isolated, but the thought of talking to someone makes me shudder!!! I don't have the emotional capacity to listen to anyone else's problems! I ended up leaving early because the crowded room felt suffocating! I am terrified that I said something stupid and ruined my friendship! I feel so isolated, but the thought of talking to someone makes me shudder!","Woke up staring at the ceiling, dreading the morning standup! My thoughts are swirling around like a hurricane and I can't catch one! Every single email from my manager feels like a personal attack! I feel so restless, like I need to run away but I don't know where! I spent three hours overanalyzing a single text message from my colleague!","I recalled how excited I was on my first day here, which feels like a comedy now! I recalled some helpful advice my mentor gave me a few years ago! Suddenly remembered that bill I was supposed to pay three weeks ago! I keep remembering old mistakes and cringing at my younger self! Remembering old times with high school friends made me text them to catch up! I recalled some helpful advice my mentor gave me a few years ago! I keep remembering that one presentation where my voice cracked!","I tried to read my book but the words just swam around without meaning! I am completely paralyzed by the fear of making a terrible mistake!","My partner tried to talk about dinner and I completely snapped at them! My friends asked me to choose a restaurant and my brain completely froze from pressure! I ended up leaving early because the crowded room felt suffocating! Everyone else is out living their lives while I am stuck in this quicksand! I rehearsed my entire conversation in my head before saying a single word!",Anxiety
P083,26,Male,"Senior Research Scientist",PhD,narrative,exclamations,No,academic,"I feel completely pronounced depersonalization/dissociation, like I'm watching myself from above!!! A wave of intense, irrational anger washed over me out of nowhere! My brain is running at a hundred miles an hour but going nowhere! I am constantly starting new tasks while my desk is covered in unfinished work! I spent five hours prolonged attentional focus a random Wikipedia article about history! Another meeting that could have been an email, wasting my remaining energy! Woke up at 2 PM and lay in bed staring at the wall until dark!!! My mind is on an absolute loop of 'catastrophic cognitive distortions' that I cannot shut down!","My chest feels incredibly tight, like someone is standing on it! I have zero energy left to even brush my hair or change my clothes!","I ended up leaving early because the crowded room felt suffocating! I am putting up massive walls to keep people from getting too close to me!!! I am terrified that I said something stupid and ruined my friendship! I rehearsed my entire conversation in my head before saying a single word!!! I rehearsed my entire conversation in my head before saying a single word!","I feel this profound sense of persistent threat-appraisal bias even in my own locked home! My nervous system is stuck on high alert and I can't seem to turn it off! I feel incredibly guilty for wasting another entire day doing nothing!!! I feel this profound sense of persistent threat-appraisal bias even in my own locked home! I feel so restless, like I need to run away but I don't know where!","I keep playing back embarrassing moments in my head on repeat! I was thinking about how simple things used to be before this heaviness took over! My mind suddenly recalled a minor argument from five years ago and now I can't sleep! I spent the afternoon trying to push down images of past experiences that kept resurfacing! I had a sudden, intrusive cognitive recall of that night that felt so real I forgot where I actually was!","There is a persistent, heavy severe anhedonic state sitting over everything today!!! I feel this constant, generalized somatic hyperarousal in the pit of my stomach!!! I spent five hours prolonged attentional focus a random Wikipedia article about history! I feel completely pronounced depersonalization/dissociation, like I'm watching myself from above! The silence in my apartment is deafening, yet I don't want to break it! I have been sitting at my desk for nine hours and demonstrated negligible cognitive productivity!!! I feel this constant, generalized somatic hyperarousal in the pit of my stomach! I have checked my locked door five times already tonight!","I went to a small gathering but felt like everyone was silently judging me! My friends asked me to choose a restaurant and my brain completely froze from pressure! My friends asked me to choose a restaurant and my brain completely froze from pressure! I went to a small gathering but felt like everyone was silently judging me!",PTSD
P084,62,Female,"Bartender",High School,normal,exclamations,Yes,colloquial,"I feel completely numb, as if all my emotions have been drained out! Had some time to reflect on my personal goals and felt quite optimistic!","I am constantly fidgeting, tapping my feet, and chewing on my pen! I am constantly fidgeting, tapping my feet, and chewing on my pen!!! My shoulders are permanently glued to my ears from pure tension! I feel incredibly dizzy and nauseous from this constant state of alertness! Even taking a shower felt like an Olympian task that required days of planning! I forgot to eat lunch again bcs I was rearranging my bookshelf by color!","I totally forgot to reply to ten text messages that I opened this morning!!! I interrupted my friend three times today bcs I was excited about an idea! I feel so isolated, but the thought of talking to someone makes me shudder! I lost my car keys twice today and was late meeting my friends, again! I feel bad for talking so fast that ppl struggle to keep up w/ me! My friends asked me to choose a restaurant and my brain completely froze from pressure! I feel completely invisible to the world, and maybe that's for the best! I interrupted my friend three times today bcs I was excited about an idea!","I spent five hours completely lost in reading a random Wikipedia article about history! My nervous system is stuck on high alert and I can't seem to turn it off!!! My attention is constantly drifting off in the middle of standard conversations! I felt incredibly jumpy all day, constantly checking behind my back! I feel so frustrated w/ my inability to just settle down and pay attention! I am constantly starting new tasks while my desk is covered in unfinished work! I feel this intense restlessness and boredom that actually feels physically uncomfortable! I feel content and at peace w/ where things are headed right now! I feel this intense restlessness and boredom that actually feels physically uncomfortable! I am so tired of feeling like an absolute burden to everyone around me!","Thought about how much I've grown over the last few years and felt proud!!! My mind suddenly recalled a minor argument from five years ago and now I can't sleep! I keep remembering all these great ideas I had but never actually finished! Thought about that chore I started this morning and realized it is still half-done! I was thinking about how simple things used to be before this heaviness took over! I keep remembering all these great ideas I had but never actually finished! Thought about that chore I started this morning and realized it is still half-done!","I spent five hours completely lost in reading a random Wikipedia article about history! My attention is constantly drifting off in the middle of standard conversations! I dealt w/ a minor setback today but managed to keep things in perspective!!! I spent three hours overanalyzing a single text message from my colleague! Today felt balanced, calm, and relatively straightforward! I am so incredibly overwhelmed by the sheer volume of my own thoughts!!! I had a rly productive morning and felt a nice sense of accomplishment! I felt a wave of gratitude while drinking my tea and watching the rain!!! I feel this intense restlessness and boredom that actually feels physically uncomfortable!!!","My phone kept ringing but I let it go to voicemail every time!!! I lost my car keys twice today and was late meeting my friends, again!!! I sat w/ my back to the wall at the restaurant, scanning the exit doors! I went to a small gathering but felt like everyone was silently judging me! I lost my car keys twice today and was late meeting my friends, again! I lost my car keys twice today and was late meeting my friends, again!!! I totally forgot to reply to ten text messages that I opened this morning! I interrupted my friend three times today bcs I was excited about an idea!",ADHD
P085,27,Male,"Clinical Neuropsychologist",PhD,normal,exclamations,No,academic,"There is this deep ache in my chest that refuses to lift! I am constantly starting new tasks while my desk is covered in unfinished work!","My body feels heavy, sluggish, and constantly on the verge of collapsing! My shoulders are permanently glued to my ears from pure tension! My shoulders are permanently glued to my ears from pure tension! Even taking a shower felt like an Olympian task that required days of planning! My shoulders are permanently glued to my ears from pure tension!!! Drinking my fourth cup of coffee today just to keep my eyes open! I forgot to eat lunch again because I was rearranging my bookshelf by color!","I went to a small gathering but felt like everyone was silently judging me! Cancelling plans has become my favorite hobby lately because of my exhaustion! I am terrified that I said something stupid and ruined my friendship! I just want to be left alone in a dark room with absolutely zero noise!!! Cancelling plans has become my favorite hobby lately because of my exhaustion! I feel so isolated, but the thought of talking to someone makes me shudder! I ended up leaving early because the crowded room felt suffocating! Sarah invited me out for drinks but I ignored her text message! Sarah invited me out for drinks but I ignored her text message! Sarah invited me out for drinks but I ignored her text message!","Nothing seems to bring even a flicker of interest or pleasure anymore! Nothing seems to bring even a flicker of interest or pleasure anymore! My inbox is overflowing with urgent requests that aren't actually urgent! I simply do not care about these performance milestones anymore!!! My attention is constantly drifting off in the middle of standard conversations!!! I feel completely emotional blunting, as if all my emotions have been drained out! Another meeting that could have been an email, wasting my remaining energy! My brain is running at a hundred miles an hour but going nowhere! My thoughts are swirling around like a hurricane and I can't catch one!","Thinking back to last year when I had motivation and drive! I look at old photos of me smiling and wonder who that person was! I keep remembering that one presentation where my voice cracked! I was thinking about how simple things used to be before this heaviness took over! Thought about that chore I started this morning and realized it is still half-done!","The existential disillusionment in me is completely taking over at this point!!! I cried in the shower this morning for no concrete reason! I have checked my locked door five times already tonight! My clients are complaining and I feel completely disconnected from the outcomes! My brain is running at a hundred miles an hour but going nowhere!!! Everything feels incredibly urgent and I am constantly anticipatory panic cycles! I feel incredibly guilty for wasting another entire day doing nothing! They keep asking for more deliverables but my tank has been empty for weeks!!! My clients are complaining and I feel completely disconnected from the outcomes!","My friends asked me to choose a restaurant and my brain completely froze from pressure! Cancelling plans has become my favorite hobby lately because of my exhaustion! Cancelling plans has become my favorite hobby lately because of my exhaustion! I don't have the emotional capacity to listen to anyone else's problems! My phone kept ringing but I let it go to voicemail every time!",Burnout
P086,25,Female,"Marketing Specialist",Bachelor's,sarcastic,minimal,No,professional,"Today felt balanced, calm, and relatively straightforward. Had some time to reflect on my personal goals and felt quite optimistic. Because why not, i feel this profound sense of unsafety even in my own locked home. I felt a wave of gratitude while drinking my tea and watching the rain. Today felt balanced, calm, and relatively straightforward. Spoiler alert: had some time to reflect on my personal goals and felt quite optimistic. I feel this intense restlessness and boredom that actually feels physically uncomfortable. Today felt balanced, calm, and relatively straightforward.","My heart is pounding against my ribs for absolutely no reason. I went for a long run after work and felt a great release of tension. I am constantly fidgeting, tapping my feet, and chewing on my pen. Woke up feeling refreshed and ready to take on the day's tasks. My body feels heavy, sluggish, and constantly on the verge of collapsing. Took a nice afternoon stretch and drank plenty of water today.","I lost my car keys twice today and was late meeting my friends, again. Another day, another masterpiece of timing. spent a quiet evening playing board games with my family, which was lovely. I had a really honest, supportive conversation with my mom on the phone. Because why not, had an absolute blast hanging out with Marcus and Jenna at the local park. Living the dream as usual. had an absolute blast hanging out with Marcus and Jenna at the local park. Living the dream as usual. my friends asked me to choose a restaurant and my brain completely froze from pressure.","Today felt balanced, calm, and relatively straightforward. Everything feels incredibly urgent and I am constantly waiting for the other shoe to drop. Fabulous, just fabulous. i am so incredibly overwhelmed by the sheer volume of my own thoughts. They keep asking for more deliverables but my tank has been empty for weeks. I dealt with a minor setback today but managed to keep things in perspective. Because why not, i feel content and at peace with where things are headed right now.","Exactly what I needed. i recalled some helpful advice my mentor gave me a few years ago. I recalled some helpful advice my mentor gave me a few years ago. I recalled some helpful advice my mentor gave me a few years ago. Thought about how much I've grown over the last few years and felt proud.","Spoiler alert: i looked at my computer screen and literally wanted to throw it out the window. Today felt balanced, calm, and relatively straightforward. My nervous system is stuck on high alert and I can't seem to turn it off. I feel content and at peace with where things are headed right now. Today felt balanced, calm, and relatively straightforward. I feel content and at peace with where things are headed right now.","Had an absolute blast hanging out with Marcus and Jenna at the local park. I feel like an outsider who can't connect with normal human experiences. Another day, another masterpiece of timing. i am terrified that I said something stupid and ruined my friendship. Living the dream as usual. spent a quiet evening playing board games with my family, which was lovely. I don't have the emotional capacity to listen to anyone else's problems. Had an absolute blast hanging out with Marcus and Jenna at the local park.",Healthy
P087,51,Male,"Receptionist",High School,sarcastic,ellipses,Yes,colloquial,"I tried to read my book but the words just swam around w/o meaning... I have been sitting at my desk for nine hours and accomplished absolutely nothing... I dealt w/ a minor setback today but managed to keep things in perspective... Another meeting that could have been an email, wasting my remaining energy... I am so tired of feeling like an absolute burden to everyone around me... Oh, absolutely brilliant... i feel completely numb, as if all my emotions have been drained out... I feel incredibly guilty for wasting another entire day doing nothing... I am so tired of feeling like an absolute burden to everyone around me...","I am constantly fidgeting, tapping my feet, and chewing on my pen... Even taking a shower felt like an Olympian task that required days of planning... My shoulders are permanently glued to my ears from pure tension... I feel like a hollow shell of myself, just going through the motions... I forgot to eat lunch today, honestly food just tastes like cardboard lately...","My phone kept ringing but I let it go to voicemail every time... I cancelled our weekend plans bcs I can't pretend to be happy... I had a rly honest, supportive conversation w/ my mom on the phone... I just want to be left alone in a dark room w/ absolutely zero noise... Another day, another masterpiece of timing... i feel so isolated, but the thought of talking to someone makes me shudder...","I feel completely numb, as if all my emotions have been drained out... It feels like I am carrying a mountain on my back just to walk to the kitchen... I cried in the shower this morning for no concrete reason... There is this deep ache in my chest that refuses to lift... There is this deep ache in my chest that refuses to lift... I cried in the shower this morning for no concrete reason... Everything feels incredibly urgent and I am constantly waiting for the other shoe to drop...","Stumbled upon an old project folder and couldn't believe how much effort I used to put in... Thinking back to last year when I had motivation and drive... I remember when I actually used to be passionate about this job... Stumbled upon an old project folder and couldn't believe how much effort I used to put in...","I had a rly productive morning and felt a nice sense of accomplishment... Everything feels incredibly urgent and I am constantly waiting for the other shoe to drop... I cried in the shower this morning for no concrete reason... Every minor detail feels like a massive crisis waiting to happen... My attention is constantly drifting off in the middle of standard conversations... Exactly what I needed... i feel content and at peace w/ where things are headed right now... I feel so restless, like I need to run away but idk where... Living the dream as usual... my inbox is overflowing w/ urgent requests that aren't actually urgent... The silence in my apartment is deafening, yet I don't want to break it... I am so tired of feeling like an absolute burden to everyone around me...","My phone kept ringing but I let it go to voicemail every time... I feel completely invisible to the world, and maybe that's for the best... Everyone else is out living their lives while I am stuck in this quicksand... Cancelling plans has become my favorite hobby lately bcs of my exhaustion... Everyone else is out living their lives while I am stuck in this quicksand... My phone kept ringing but I let it go to voicemail every time... I feel so isolated, but the thought of talking to someone makes me shudder...",Depression
P088,39,Male,"Astrophysicist",PhD,highly-emotional,ellipses,No,academic,"I am completely paralyzed by the fear of making a terrible mistake... I simply do not care about these performance milestones anymore... I spent the afternoon copy-pasting numbers on a spreadsheet while feeling like a zombie... I spent the afternoon copy-pasting numbers on a spreadsheet while feeling like a zombie... Today felt balanced, calm, and relatively straightforward... I feel this constant, generalized somatic hyperarousal in the pit of my stomach... My clients are complaining and I feel completely disconnected from the outcomes... The existential disillusionment in me is completely taking over at this point... Another meeting that could have been an email, wasting my remaining energy...","My throat feels tight and it feels like I am struggling to get enough oxygen... I forgot to eat lunch again because I was rearranging my bookshelf by color... Woke up gasping for air, drenched in sweat from another intense nightmare... I have zero energy left to even brush my hair or change my clothes... I have zero energy left to even brush my hair or change my clothes...","Cancelling plans has become my favorite hobby lately because of my exhaustion... My phone kept ringing but I let it go to voicemail every time... I feel completely existential alienation to the world, and maybe that's for the best... I am putting up massive walls to keep people from getting too close to me... I ended up leaving early because the crowded room felt suffocating... I rehearsed my entire conversation in my head before saying a single word... I interrupted my friend three times today because I was excited about an idea... I am terrified that I said something stupid and ruined my friendship... I lost my car keys twice today and was late meeting my friends, again... My partner tried to talk about dinner and I completely snapped at them...","There is this deep ache in my chest that refuses to lift... My nervous system is stuck on high alert and I can't seem to turn it off...","I recalled how excited I was on my first day here, which feels like a comedy now... Thinking back to last year when I had motivation and drive... I recalled how excited I was on my first day here, which feels like a comedy now... Thought about how much I've grown over the last few years and felt proud...","I spent five hours prolonged attentional focus a random Wikipedia article about history... The existential disillusionment in me is completely taking over at this point... The existential disillusionment in me is completely taking over at this point... I feel incredibly guilty for wasting another entire day doing nothing... I feel so restless, like I need to run away but I don't know where... I spent three hours overanalyzing a single text message from my colleague...","I went to a small gathering but felt like everyone was silently judging me... I snapped at my brother when he startled me by walking into the kitchen... I just want to be left alone in a dark room with absolutely zero noise... I am terrified that I said something stupid and ruined my friendship... Cancelling plans has become my favorite hobby lately because of my exhaustion... I interrupted my friend three times today because I was excited about an idea... Sarah invited me out for drinks but I ignored her text message... Everyone else is out living their lives while I am stuck in this depressive paralysis... I rehearsed my entire conversation in my head before saying a single word...",Anxiety
P089,22,Female,"Urban Planner",Master's,sarcastic,standard,No,professional,"My attention is constantly drifting off in the middle of standard conversations. Every minor detail feels like a massive crisis waiting to happen.","Because why not, my chest feels incredibly tight, like someone is standing on it. I forgot to eat lunch today, honestly food just tastes like cardboard lately. My chest feels incredibly tight, like someone is standing on it. Sleeping for twelve hours didn't do anything to cure this tiredness. I feel incredibly dizzy and nauseous from this constant state of alertness. My chest feels incredibly tight, like someone is standing on it. Exactly what I needed. my body is exhausted from being in a perpetual state of fight-or-flight. I haven't had a full night of uninterrupted sleep in what feels like months. Drinking my fourth cup of coffee today just to keep my eyes open. I forgot to eat lunch again because I was rearranging my bookshelf by color.","I rehearsed my entire conversation in my head before saying a single word. Spoiler alert: my friends asked me to choose a restaurant and my brain completely froze from pressure. I snapped at my brother when he startled me by walking into the kitchen. My phone kept ringing but I let it go to voicemail every time. I rehearsed my entire conversation in my head before saying a single word. My phone kept ringing but I let it go to voicemail every time. I am putting up massive walls to keep people from getting too close to me. Fabulous, just fabulous. i went to a small gathering but felt like everyone was silently judging me. Exactly what I needed. i cancelled our weekend plans because I can't pretend to be happy. Because why not, my friends asked me to choose a restaurant and my brain completely froze from pressure.","There is this deep ache in my chest that refuses to lift. Fabulous, just fabulous. it feels like I am carrying a mountain on my back just to walk to the kitchen. I feel completely pronounced depersonalization/dissociation, like I'm watching myself from above. Another day, another masterpiece of timing. nothing seems to bring even a flicker of interest or pleasure anymore. Because why not, i feel this constant, generalized somatic hyperarousal in the pit of my stomach. Living the dream as usual. i cried in the shower this morning for no concrete reason. I am so tired of feeling like an absolute psychological liability to everyone around me.","I was thinking about how simple things used to be before this heaviness took over. My mind suddenly recalled a minor argument from five years ago and now I can't sleep. I was thinking about how simple things used to be before this heaviness took over. I look at old photos of me smiling and wonder who that person was. I keep remembering that one presentation where my voice cracked. I had a sudden, intrusive cognitive recall of that night that felt so real I forgot where I actually was. Thinking back to last year when I had motivation and drive.","I feel completely emotional blunting, as if all my emotions have been drained out. I feel so restless, like I need to run away but I don't know where. I feel so restless, like I need to run away but I don't know where. I am completely paralyzed by the fear of making a terrible mistake. My thoughts are swirling around like a hurricane and I can't catch one. I have checked my locked door five times already tonight. In a shocking turn of events, my thoughts are swirling around like a hurricane and I can't catch one. Every minor detail feels like a massive crisis waiting to happen.","I sat with my back to the wall at the restaurant, scanning the exit doors. I interrupted my friend three times today because I was excited about an idea. I am terrified that I said something stupid and ruined my friendship. Oh, absolutely brilliant. everyone else is out living their lives while I am stuck in this depressive paralysis. I feel completely existential alienation to the world, and maybe that's for the best. I feel like an outsider who can't connect with normal human experiences. I sat with my back to the wall at the restaurant, scanning the exit doors. I went to a small gathering but felt like everyone was silently judging me. I feel like an outsider who can't connect with normal human experiences.",PTSD
P090,62,Male,"Registered Nurse",Bachelor's,normal,ellipses,Yes,colloquial,"I am so tired of feeling like an absolute burden to everyone around me... My mind feels like it's racing w/ twenty different thoughts competing for space at once... I am completely paralyzed by the fear of making a terrible mistake...","I feel incredibly dizzy and nauseous from this constant state of alertness... I have been pacing around my room for an hour trying to remember what I was doing... I am constantly fidgeting, tapping my feet, and chewing on my pen... My shoulders are permanently glued to my ears from pure tension... I forgot to eat lunch again bcs I was rearranging my bookshelf by color... Woke up feeling refreshed and ready to take on the day's tasks...","I just want to be left alone in a dark room w/ absolutely zero noise... I am terrified that I said sth stupid and ruined my friendship... I totally forgot to reply to ten text messages that I opened this morning... I lost my car keys twice today and was late meeting my friends, again... I am terrified that I said sth stupid and ruined my friendship... I went to a small gathering but felt like everyone was silently judging me... I feel bad for talking so fast that ppl struggle to keep up w/ me...","I feel this constant, buzzing dread in the pit of my stomach... I spent five hours completely lost in reading a random Wikipedia article about history... I feel this constant, buzzing dread in the pit of my stomach... My attention is constantly drifting off in the middle of standard conversations... Woke up at 2 PM and lay in bed staring at the wall until dark... I looked at my computer screen and literally wanted to throw it out the window... I am constantly starting new tasks while my desk is covered in unfinished work... I feel content and at peace w/ where things are headed right now... My thoughts are swirling around like a hurricane and I can't catch one... I feel content and at peace w/ where things are headed right now...","I keep remembering old mistakes and cringing at my younger self... I keep remembering that one presentation where my voice cracked... My brain is on a constant loop of recalling every friendship I've ruined... I keep remembering that one presentation where my voice cracked...","My attention is constantly drifting off in the middle of standard conversations... I spent five hours completely lost in reading a random Wikipedia article about history... I feel this intense restlessness and boredom that actually feels physically uncomfortable... I felt a wave of gratitude while drinking my tea and watching the rain... Nothing seems to bring even a flicker of interest or pleasure anymore... I am so incredibly overwhelmed by the sheer volume of my own thoughts... My attention is constantly drifting off in the middle of standard conversations...","I interrupted my friend three times today bcs I was excited about an idea... My friends asked me to choose a restaurant and my brain completely froze from pressure... We went out to a new Italian bistro in town and laughed for hours...",ADHD
P091,58,Male,"Social Media Coordinator",Bachelor's,abbreviated,minimal,No,professional,"I am so tired of feeling like an absolute burden to everyone around me. There is this deep ache in my chest that refuses to lift.","I am physically exhausted but as soon as my head hits the pillow, my brain stays awake. My body feels heavy, sluggish, and constantly on the verge of collapsing. I feel like a hollow shell of myself, just going through the motions. Woke up feeling refreshed and ready to take on the day's tasks. I forgot to eat lunch today, honestly food just tastes like cardboard lately. My shoulders are permanently glued to my ears from pure tension. Drinking my fourth cup of coffee today just to keep my eyes open. I have zero energy left to even brush my hair or change my clothes. Even taking a shower felt like an Olympian task that required days of planning.","I feel so isolated, but the thought of talking to someone makes me shudder. My phone kept ringing but I let it go to voicemail every time. Cancelling plans has become my favorite hobby lately because of my exhaustion. Cancelling plans has become my favorite hobby lately because of my exhaustion. My partner tried to talk about dinner and I completely snapped at them. I feel so isolated, but the thought of talking to someone makes me shudder. We went out to a new Italian bistro in town and laughed for hours. I feel completely invisible to the world, and maybe that's for the best.","My inbox is overflowing with urgent requests that aren't actually urgent. I simply do not care about these performance milestones anymore. The silence in my apartment is deafening, yet I don't want to break it. My inbox is overflowing with urgent requests that aren't actually urgent.","Stumbled upon an old project folder and couldn't believe how much effort I used to put in. I look at old photos of me smiling and wonder who that person was. I keep playing back embarrassing moments in my head on repeat. I keep remembering old mistakes and cringing at my younger self. I keep remembering old mistakes and cringing at my younger self. My mind suddenly recalled a minor argument from five years ago and now I can't sleep. My brain is on a constant loop of recalling every friendship I've ruined.","I looked at my computer screen and literally wanted to throw it out the window. My mind is on an absolute loop of 'what-ifs' that I cannot shut down. I simply do not care about these performance milestones anymore. They keep asking for more deliverables but my tank has been empty for weeks. My mind is on an absolute loop of 'what-ifs' that I cannot shut down. It feels like I am carrying a mountain on my back just to walk to the kitchen. Had some time to reflect on my personal goals and felt quite optimistic. Every single email from my manager feels like a personal attack. I feel incredibly guilty for wasting another entire day doing nothing. I feel completely numb, as if all my emotions have been drained out.","I went to a small gathering but felt like everyone was silently judging me. Cancelling plans has become my favorite hobby lately because of my exhaustion. I am terrified that I said something stupid and ruined my friendship. I am terrified that I said something stupid and ruined my friendship. My friends asked me to choose a restaurant and my brain completely froze from pressure. I don't have the emotional capacity to listen to anyone else's problems.",Burnout
P092,57,Male,"Senior Research Scientist",PhD,formal,exclamations,No,academic,"I had a really productive morning and felt a nice sense of accomplishment! I had a really productive morning and felt a nice sense of accomplishment! I felt a positive psychological orientation while drinking my tea and watching the rain! I feel optimal affective equilibrium and at peace with where things are headed right now! I felt a positive psychological orientation while drinking my tea and watching the rain!","Woke up feeling refreshed and ready to take on the day's tasks! I am constantly fidgeting, tapping my feet, and chewing on my pen!!! Took a nice afternoon stretch and drank plenty of water today!!! Took a nice afternoon stretch and drank plenty of water today! My chest feels incredibly tight, like someone is standing on it! Took a nice afternoon stretch and drank plenty of water today! I forgot to eat lunch today, honestly food just tastes like cardboard lately! My body is exhausted from being in a perpetual state of fight-or-flight!","I feel bad for talking so fast that people struggle to keep up with me! I had a really honest, supportive conversation with my mom on the phone! My friends asked me to choose a restaurant and my brain completely froze from pressure! Spent a quiet evening playing board games with my family, which was lovely!","I feel optimal affective equilibrium and at peace with where things are headed right now! I felt a positive psychological orientation while drinking my tea and watching the rain!!!","I was remembering our summer trip and smiling at the memories! I was remembering our summer trip and smiling at the memories!!! I was remembering our summer trip and smiling at the memories! I recalled some helpful advice my mentor gave me a few years ago!!! Thought about how much I've grown over the last few years and felt proud! I was remembering our summer trip and smiling at the memories!","I felt a positive psychological orientation while drinking my tea and watching the rain!!! I feel so frustrated with my executive attention impairments and pay attention!!! Had some time to reflect on my personal goals and felt quite optimistic! I feel optimal affective equilibrium and at peace with where things are headed right now!!! I had a really productive morning and felt a nice sense of accomplishment! I am so incredibly overwhelmed by the sheer volume of my own thoughts!","We went out but my mind drifted and I missed the entire punchline of the story! I had a really honest, supportive conversation with my mom on the phone! My friends asked me to choose a restaurant and my brain completely froze from pressure! I rehearsed my entire conversation in my head before saying a single word!!! I was able to support my coworker through a difficult issue today!!! Had an absolute blast hanging out with Marcus and Jenna at the local park! Spent a quiet evening playing board games with my family, which was lovely! I just want to be left alone in a dark room with absolutely zero noise! I sat with my back to the wall at the restaurant, scanning the exit doors!!!",Healthy
P093,46,Female,"School Principal",Master's,highly-emotional,ellipses,No,colloquial,"I cried in the shower this morning for no concrete reason... My clients are complaining and I feel completely disconnected from the outcomes... I feel completely pronounced depersonalization/dissociation, like I'm watching myself from above... I feel incredibly guilty for wasting another entire day doing nothing... My inbox is overflowing with urgent requests that aren't actually urgent... Woke up at 2 PM and lay in bed staring at the wall until dark... My brain is running at a hundred miles an hour but going nowhere... I am constantly starting new tasks while my desk is covered in unfinished work... It feels like I am carrying a mountain on my back just to walk to the kitchen...","I am constantly fidgeting, tapping my feet, and chewing on my pen... My hands are shaking so much that typing is becoming a struggle... My shoulders are permanently glued to my ears from pure tension... My heart is pounding against my ribs for absolutely no reason... I forgot to eat lunch today, honestly food just tastes like cardboard lately... My chest feels incredibly tight, like someone is standing on it... I have zero energy left to even brush my hair or change my clothes...","I feel completely existential alienation to the world, and maybe that's for the best... Everyone else is out living their lives while I am stuck in this depressive paralysis...","There is a persistent, heavy severe anhedonic state sitting over everything today... A sudden loud noise in the street made my heart shoot into my throat... I tried to read my book but the words just swam around without meaning... I simply do not care about these performance milestones anymore... Woke up at 2 PM and lay in bed staring at the wall until dark... Woke up at 2 PM and lay in bed staring at the wall until dark... Nothing seems to bring even a flicker of interest or pleasure anymore... I spent the afternoon copy-pasting numbers on a spreadsheet while feeling like a zombie...","I recalled how excited I was on my first day here, which feels like a comedy now... I keep remembering old mistakes and cringing at my younger self... I recalled how excited I was on my first day here, which feels like a comedy now... Memories of what happened are crashing through my brain like uninvited ghosts... Stumbled upon an old project folder and couldn't believe how much effort I used to put in... My brain is on a constant loop of recalling every friendship I've ruined... I keep remembering old mistakes and cringing at my younger self... I look at old photos of me smiling and wonder who that person was...","I tried to read my book but the words just swam around without meaning... Another meeting that could have been an email, wasting my remaining energy... It feels like I am carrying a mountain on my back just to walk to the kitchen... I cried in the shower this morning for no concrete reason... My brain is running at a hundred miles an hour but going nowhere... I feel this constant, generalized somatic hyperarousal in the pit of my stomach... Woke up at 2 PM and lay in bed staring at the wall until dark...","My phone kept ringing but I let it go to voicemail every time... I feel completely existential alienation to the world, and maybe that's for the best... I just want to be left alone in a dark room with absolutely zero noise... I went to a small gathering but felt like everyone was silently judging me... My phone kept ringing but I let it go to voicemail every time... I feel so isolated, but the thought of talking to someone makes me shudder... I feel completely existential alienation to the world, and maybe that's for the best... Everyone else is out living their lives while I am stuck in this depressive paralysis... I don't have the emotional capacity to listen to anyone else's problems...",Depression
P094,44,Male,"Barista",High School,abbreviated,minimal,No,simple,"The cynic in me is completely taking over at this point. Nothing seems to bring even a flicker of interest or pleasure anymore. I spent three hours overanalyzing a single text message from my colleague. My thoughts are swirling around like a hurricane and I can't catch one. I feel completely numb, as if all my emotions have been drained out. The silence in my apartment is deafening, yet I don't want to break it. I cried in the shower this morning for no concrete reason. A sudden loud noise in the street made my heart shoot into my throat.","I am physically exhausted but as soon as my head hits the pillow, my brain stays awake. Woke up gasping for air, drenched in sweat from another intense nightmare. My chest feels incredibly tight, like someone is standing on it. My hands are shaking so much that typing is becoming a struggle. My shoulders are permanently glued to my ears from pure tension. I feel like a hollow shell of myself, just going through the motions. I haven't had a full night of uninterrupted sleep in what feels like months.","I cancelled our weekend plans because I can't pretend to be happy. My friends asked me to choose a restaurant and my brain completely froze from pressure. Cancelling plans has become my favorite hobby lately because of my exhaustion. My friends asked me to choose a restaurant and my brain completely froze from pressure.","My mind is on an absolute loop of 'what-ifs' that I cannot shut down. The silence in my apartment is deafening, yet I don't want to break it. I have checked my locked door five times already tonight. They keep asking for more deliverables but my tank has been empty for weeks. I had a really productive morning and felt a nice sense of accomplishment. I feel so restless, like I need to run away but I don't know where. There is a persistent, heavy grey fog sitting over everything today. Everything feels incredibly urgent and I am constantly waiting for the other shoe to drop. I feel so restless, like I need to run away but I don't know where.","I keep playing back embarrassing moments in my head on repeat. I keep remembering old mistakes and cringing at my younger self. Remembering old failures and worrying that history is bound to repeat itself today. I keep remembering old mistakes and cringing at my younger self. My brain is on a constant loop of recalling every friendship I've ruined. I was thinking about how simple things used to be before this heaviness took over. I was thinking about how simple things used to be before this heaviness took over. My mind suddenly recalled a minor argument from five years ago and now I can't sleep.","Another meeting that could have been an email, wasting my remaining energy. Nothing seems to bring even a flicker of interest or pleasure anymore. I tried to read my book but the words just swam around without meaning. There is a persistent, heavy grey fog sitting over everything today. The silence in my apartment is deafening, yet I don't want to break it. I looked at my computer screen and literally wanted to throw it out the window. The silence in my apartment is deafening, yet I don't want to break it.","I went to a small gathering but felt like everyone was silently judging me. My phone kept ringing but I let it go to voicemail every time. My friends asked me to choose a restaurant and my brain completely froze from pressure. Cancelling plans has become my favorite hobby lately because of my exhaustion. My phone kept ringing but I let it go to voicemail every time.",Anxiety
P095,65,Female,"Project Manager",Bachelor's,abbreviated,standard,No,professional,"I have checked my locked door five times already tonight. I tried to read my book but the words just swam around without meaning. I feel completely detached from my body, like I'm watching myself from above.","My throat feels tight and it feels like I am struggling to get enough oxygen. I feel incredibly dizzy and nauseous from this constant state of alertness. I haven't had a full night of uninterrupted sleep in what feels like months. My throat feels tight and it feels like I am struggling to get enough oxygen. I feel incredibly dizzy and nauseous from this constant state of alertness. My limbs feel like they are filled with lead blocks. I feel tense, rigid, and my muscles are aching from constant bracing. Woke up gasping for air, drenched in sweat from another intense nightmare.","I went to a small gathering but felt like everyone was silently judging me. I cancelled our weekend plans because I can't pretend to be happy. Everyone else is out living their lives while I am stuck in this quicksand. I sat with my back to the wall at the restaurant, scanning the exit doors. Cancelling plans has become my favorite hobby lately because of my exhaustion. I snapped at my brother when he startled me by walking into the kitchen. Everyone else is out living their lives while I am stuck in this quicksand. I am putting up massive walls to keep people from getting too close to me. I rehearsed my entire conversation in my head before saying a single word.","I tried to read my book but the words just swam around without meaning. My nervous system is stuck on high alert and I can't seem to turn it off. A wave of intense, irrational anger washed over me out of nowhere. I am completely paralyzed by the fear of making a terrible mistake. I am so incredibly overwhelmed by the sheer volume of my own thoughts. I feel completely numb, as if all my emotions have been drained out. A wave of intense, irrational anger washed over me out of nowhere. I feel this constant, buzzing dread in the pit of my stomach. Everything feels incredibly urgent and I am constantly waiting for the other shoe to drop.","Memories of what happened are crashing through my brain like uninvited ghosts. I keep remembering that one presentation where my voice cracked. I had a sudden, vivid memory of that night that felt so real I forgot where I actually was. Memories of what happened are crashing through my brain like uninvited ghosts. I look at old photos of me smiling and wonder who that person was. I was thinking about how simple things used to be before this heaviness took over. Remembering old failures and worrying that history is bound to repeat itself today. Thought about that chore I started this morning and realized it is still half-done.","It feels like I am carrying a mountain on my back just to walk to the kitchen. There is a persistent, heavy grey fog sitting over everything today. My thoughts are swirling around like a hurricane and I can't catch one. A wave of intense, irrational anger washed over me out of nowhere.","My phone kept ringing but I let it go to voicemail every time. I feel like an outsider who can't connect with normal human experiences. I sat with my back to the wall at the restaurant, scanning the exit doors. I avoid going to crowded places because they trigger a deep panic. I feel so isolated, but the thought of talking to someone makes me shudder.",PTSD
P096,48,Female,"Project Manager",Bachelor's,highly-emotional,minimal,No,professional,"My mind feels like it's racing with twenty different thoughts competing for space at once. The silence in my apartment is deafening, yet I don't want to break it. I feel this intense restlessness and boredom that actually feels physically uncomfortable.","I have zero energy left to even brush my hair or change my clothes. I am constantly fidgeting, tapping my feet, and chewing on my pen. Cooked a nutritious dinner with fresh vegetables and slept very soundly. My throat feels tight and it feels like I am struggling to get enough oxygen. Took a nice afternoon stretch and drank plenty of water today. My chest feels incredibly tight, like someone is standing on it. Woke up with a massive burst of creative energy at 3 AM and started painting. Woke up with a massive burst of creative energy at 3 AM and started painting. My hands are always busy with something, I simply cannot sit quiet. I am constantly fidgeting, tapping my feet, and chewing on my pen.","I feel bad for talking so fast that people struggle to keep up with me. We went out to a new Italian bistro in town and laughed for hours. I went to a small gathering but felt like everyone was silently judging me. I am putting up massive walls to keep people from getting too close to me. My phone kept ringing but I let it go to voicemail every time. I interrupted my friend three times today because I was excited about an idea. I just want to be left alone in a dark room with absolutely zero noise.","I dealt with a minor setback today but managed to keep things in perspective. Every minor detail feels like a massive crisis waiting to happen. I feel so frustrated with my inability to just settle down and pay attention. I feel so frustrated with my inability to just settle down and pay attention. My attention is constantly drifting off in the middle of standard conversations. I am so incredibly overwhelmed by the sheer volume of my own thoughts. I am constantly starting new tasks while my desk is covered in unfinished work. I am constantly starting new tasks while my desk is covered in unfinished work.","Suddenly remembered that bill I was supposed to pay three weeks ago. I look at old photos of me smiling and wonder who that person was. I was remembering our summer trip and smiling at the memories. I keep remembering all these great ideas I had but never actually finished. My mind suddenly recalled a minor argument from five years ago and now I can't sleep. I keep playing back embarrassing moments in my head on repeat. My brain is on a constant loop of recalling every friendship I've ruined. I recalled a random fact about space that I learned in school instead of working.","I spent five hours completely lost in reading a random Wikipedia article about history. Had some time to reflect on my personal goals and felt quite optimistic. I spent five hours completely lost in reading a random Wikipedia article about history. My attention is constantly drifting off in the middle of standard conversations. I am constantly starting new tasks while my desk is covered in unfinished work. My mind is on an absolute loop of 'what-ifs' that I cannot shut down. My attention is constantly drifting off in the middle of standard conversations. I feel this intense restlessness and boredom that actually feels physically uncomfortable.","I am terrified that I said something stupid and ruined my friendship. I don't have the emotional capacity to listen to anyone else's problems. I avoid going to crowded places because they trigger a deep panic. I totally forgot to reply to ten text messages that I opened this morning. I feel bad for talking so fast that people struggle to keep up with me. I totally forgot to reply to ten text messages that I opened this morning. We went out but my mind drifted and I missed the entire punchline of the story.",ADHD
P097,39,Female,"Quantitative Analyst",PhD,formal,exclamations,No,academic,"I am so tired of feeling like an absolute psychological liability to everyone around me! My brain is running at a hundred miles an hour but going nowhere! I cried in the shower this morning for no concrete reason! There is this deep ache in my chest that refuses to lift!","Even taking a shower felt like an Olympian task that required days of planning! My limbs feel like they are filled with lead blocks! My heart is pounding against my ribs for absolutely no reason! Even taking a shower felt like an Olympian task that required days of planning! I have zero energy left to even brush my hair or change my clothes! I feel like a severe depersonalization state of myself, just going through the motions!","My partner tried to talk about dinner and I completely snapped at them! I don't have the emotional capacity to listen to anyone else's problems! I am terrified that I said something stupid and ruined my friendship! I cancelled our weekend plans because I can't pretend to be happy! I cancelled our weekend plans because I can't pretend to be happy!!! My partner tried to talk about dinner and I completely snapped at them! I had a really honest, supportive conversation with my mom on the phone!","There is this deep ache in my chest that refuses to lift! I looked at my computer screen and literally wanted to throw it out the window!!! I feel this intense restlessness and boredom that actually feels physically uncomfortable! I am completely paralyzed by the fear of making a terrible mistake! There is this deep ache in my chest that refuses to lift! I tried to read my book but the words just swam around without meaning! Woke up staring at the ceiling, experiencing acute anticipatory occupational anxiety!","I keep remembering old mistakes and cringing at my younger self!!! I keep playing back embarrassing moments in my head on repeat! Suddenly remembered that bill I was supposed to pay three weeks ago! I look at old photos of me smiling and wonder who that person was! Memories of what happened are crashing through my brain like uninvited ghosts! My brain is on a constant loop of recalling every friendship I've ruined! I spent the afternoon trying to push down images of past experiences that kept resurfacing! I keep remembering that one presentation where my voice cracked! I recalled a random fact about space that I learned in school instead of working! Thinking back to last year when I had motivation and drive!","Nothing seems to bring even a flicker of interest or pleasure anymore! I am so tired of feeling like an absolute psychological liability to everyone around me! There is this deep ache in my chest that refuses to lift!!! I cried in the shower this morning for no concrete reason! I feel incredibly guilty for wasting another entire day doing nothing!!! I am completely paralyzed by the fear of making a terrible mistake! I looked at my computer screen and literally wanted to throw it out the window!!! My clients are complaining and I feel completely disconnected from the outcomes! I feel incredibly guilty for wasting another entire day doing nothing!!! I am completely paralyzed by the fear of making a terrible mistake!","My friends asked me to choose a restaurant and my brain completely froze from pressure! I just want to be left alone in a dark room with absolutely zero noise! Everyone else is out living their lives while I am stuck in this depressive paralysis!!! I avoid going to crowded places because they trigger a deep panic! Sarah invited me out for drinks but I ignored her text message! My friends asked me to choose a restaurant and my brain completely froze from pressure! Everyone else is out living their lives while I am stuck in this depressive paralysis!!! I don't have the emotional capacity to listen to anyone else's problems!!! My partner tried to talk about dinner and I completely snapped at them!!!",Burnout
P098,65,Female,"Senior UX Researcher",Master's,disorganized,minimal,No,professional,"I felt a positive psychological orientation while drinking my tea and watching the rain. There is this deep ache in my chest that refuses to lift. I felt a positive psychological orientation while drinking my tea and watching the rain. Today felt balanced, calm, and relatively straightforward. My brain is running at a hundred miles an hour but going nowhere. I feel optimal affective equilibrium and at peace with where things are headed right now. I felt a positive psychological orientation while drinking my tea and watching the rain. I dealt with a minor transient stressor today but managed to keep things in perspective.","I am constantly fidgeting, tapping my feet, and chewing on my pen. My throat feels tight and it feels like I am struggling to get enough oxygen. I went for a long run after work and felt a great release of tension. I feel physically energetic, healthy, and in tune with my body's needs. Took a nice afternoon stretch and drank plenty of water today. My hands are shaking so much that typing is becoming a struggle. I forgot to eat lunch again because I was rearranging my bookshelf by color. My hands are shaking so much that typing is becoming a struggle.","Had an absolute blast hanging out with Marcus and Jenna at the local park. My friends asked me to choose a restaurant and my brain completely froze from pressure. Spent a quiet evening playing board games with my family, which was lovely. Had an absolute blast hanging out with Marcus and Jenna at the local park. I just want to be left alone in a dark room with absolutely zero noise. I was able to support my coworker through a difficult issue today. Spent a quiet evening playing board games with my family, which was lovely. Spent a quiet evening playing board games with my family, which was lovely.","Had some time to reflect on my personal goals and felt quite optimistic. Today felt balanced, calm, and relatively straightforward. Today felt balanced, calm, and relatively straightforward. I dealt with a minor transient stressor today but managed to keep things in perspective. I feel completely pronounced depersonalization/dissociation, like I'm watching myself from above. I felt a positive psychological orientation while drinking my tea and watching the rain. I felt a positive psychological orientation while drinking my tea and watching the rain. I dealt with a minor transient stressor today but managed to keep things in perspective. Today felt balanced, calm, and relatively straightforward.","Remembering old failures and worrying that history is bound to repeat itself today. Stumbled upon an old project folder and couldn't believe how much effort I used to put in. I look at old photos of me smiling and wonder who that person was. I keep playing back embarrassing moments in my head on repeat. I keep remembering all these great ideas I had but never actually finished. Remembering old times with high school friends made me text them to catch up. Remembering old failures and worrying that history is bound to repeat itself today. I recalled some helpful advice my mentor gave me a few years ago.","I simply do not care about these performance milestones anymore. I feel optimal affective equilibrium and at peace with where things are headed right now. I had a really productive morning and felt a nice sense of accomplishment. Today felt balanced, calm, and relatively straightforward. Had some time to reflect on my personal goals and felt quite optimistic. I tried to read my book but the words just swam around without meaning. I felt a positive psychological orientation while drinking my tea and watching the rain. Today felt balanced, calm, and relatively straightforward.","I was able to support my coworker through a difficult issue today. I had a really honest, supportive conversation with my mom on the phone. I sat with my back to the wall at the restaurant, scanning the exit doors.",Healthy
P099,27,Male,"School Principal",Master's,disorganized,standard,No,colloquial,"I feel so restless, like I need to run away but I don't know where. Nothing seems to bring even a flicker of interest or pleasure anymore. I tried to read my book but the words just swam around without meaning. The existential disillusionment in me is completely taking over at this point.","My shoulders are permanently glued to my ears from pure tension. Even taking a shower felt like an Olympian task that required days of planning. I have been pacing around my room for an hour trying to remember what I was doing. I forgot to eat lunch today, honestly food just tastes like cardboard lately. I have zero energy left to even brush my hair or change my clothes. I am constantly fidgeting, tapping my feet, and chewing on my pen. Woke up feeling refreshed and ready to take on the day's tasks. I forgot to eat lunch again because I was rearranging my bookshelf by color. Even taking a shower felt like an Olympian task that required days of planning. I forgot to eat lunch today, honestly food just tastes like cardboard lately.","I rehearsed my entire conversation in my head before saying a single word. My friends asked me to choose a restaurant and my brain completely froze from pressure. I totally forgot to reply to ten text messages that I opened this morning. I cancelled our weekend plans because I can't pretend to be happy. Everyone else is out living their lives while I am stuck in this depressive paralysis. Everyone else is out living their lives while I am stuck in this depressive paralysis.","I feel completely emotional blunting, as if all my emotions have been drained out. The silence in my apartment is deafening, yet I don't want to break it.","A specific smell today instantly transported me back to that the distressing index event in my past. Stumbled upon an old project folder and couldn't believe how much effort I used to put in.","Another meeting that could have been an email, wasting my remaining energy. Woke up staring at the ceiling, experiencing acute anticipatory occupational anxiety. There is a persistent, heavy severe anhedonic state sitting over everything today. I cried in the shower this morning for no concrete reason. Another meeting that could have been an email, wasting my remaining energy. My mind feels like it's severe cognitive hyperactivity competing for space at once. The silence in my apartment is deafening, yet I don't want to break it. Woke up at 2 PM and lay in bed staring at the wall until dark. There is this deep ache in my chest that refuses to lift. I feel incredibly guilty for wasting another entire day doing nothing.","I ended up leaving early because the crowded room felt suffocating. My phone kept ringing but I let it go to voicemail every time. My friends asked me to choose a restaurant and my brain completely froze from pressure. I just want to be left alone in a dark room with absolutely zero noise. Everyone else is out living their lives while I am stuck in this depressive paralysis. I rehearsed my entire conversation in my head before saying a single word. I feel completely existential alienation to the world, and maybe that's for the best. I feel so isolated, but the thought of talking to someone makes me shudder. I rehearsed my entire conversation in my head before saying a single word. Everyone else is out living their lives while I am stuck in this depressive paralysis.",Depression
P100,28,Non-binary,"High School Teacher",Bachelor's,highly-emotional,standard,No,professional,"It feels like I am carrying a mountain on my back just to walk to the kitchen. I am so tired of feeling like an absolute burden to everyone around me. I dealt with a minor setback today but managed to keep things in perspective. I feel so restless, like I need to run away but I don't know where. My brain is running at a hundred miles an hour but going nowhere. I am so incredibly overwhelmed by the sheer volume of my own thoughts. I am completely paralyzed by the fear of making a terrible mistake. I had a really productive morning and felt a nice sense of accomplishment. I felt a wave of gratitude while drinking my tea and watching the rain. There is this deep ache in my chest that refuses to lift.","My heart is pounding against my ribs for absolutely no reason. Cooked a nutritious dinner with fresh vegetables and slept very soundly. My throat feels tight and it feels like I am struggling to get enough oxygen. I forgot to eat lunch today, honestly food just tastes like cardboard lately. I feel incredibly dizzy and nauseous from this constant state of alertness. My hands are shaking so much that typing is becoming a struggle. My body feels heavy, sluggish, and constantly on the verge of collapsing. My chest feels incredibly tight, like someone is standing on it. My chest feels incredibly tight, like someone is standing on it. My throat feels tight and it feels like I am struggling to get enough oxygen.","I rehearsed my entire conversation in my head before saying a single word. Everyone else is out living their lives while I am stuck in this quicksand. I rehearsed my entire conversation in my head before saying a single word. I rehearsed my entire conversation in my head before saying a single word. My friends asked me to choose a restaurant and my brain completely froze from pressure. We went out to a new Italian bistro in town and laughed for hours. I am terrified that I said something stupid and ruined my friendship. I am terrified that I said something stupid and ruined my friendship. I interrupted my friend three times today because I was excited about an idea. My phone kept ringing but I let it go to voicemail every time.","I am completely paralyzed by the fear of making a terrible mistake. I am so incredibly overwhelmed by the sheer volume of my own thoughts. Every minor detail feels like a massive crisis waiting to happen.","I was thinking about how simple things used to be before this heaviness took over. My brain is on a constant loop of recalling every friendship I've ruined. Remembering old failures and worrying that history is bound to repeat itself today. My brain is on a constant loop of recalling every friendship I've ruined.","There is this deep ache in my chest that refuses to lift. It feels like I am carrying a mountain on my back just to walk to the kitchen. I have checked my locked door five times already tonight.","I rehearsed my entire conversation in my head before saying a single word. I ended up leaving early because the crowded room felt suffocating. I feel so isolated, but the thought of talking to someone makes me shudder. I ended up leaving early because the crowded room felt suffocating. I rehearsed my entire conversation in my head before saying a single word. Sarah invited me out for drinks but I ignored her text message.",Anxiety
P101,20,Male,"AI Ethics Researcher",PhD,formal,ellipses,Yes,academic,"Woke up at 2 PM and lay in bed staring at the wall until dark... My attention is constantly drifting off in the middle of standard conversations... I feel completely emotional blunting, as if all my emotions have been drained out... I spent three hours overanalyzing a single text message from my colleague... My thoughts are swirling around like a hurricane and I can't catch one... My mind is on an absolute loop of 'catastrophic cognitive distortions' that I cannot shut down... I feel completely pronounced depersonalization/dissociation, like I'm watching myself from above... A sudden loud noise in the street made my heart shoot into my throat... A sudden loud noise in the street made my heart shoot into my throat...","My limbs feel like they are filled w/ lead blocks... I haven't had a full night of uninterrupted sleep in what feels like months... Woke up gasping for air, drenched in sweat from another intense nightmare... My stomach is in knots and I am constantly on edge... Woke up gasping for air, drenched in sweat from another intense nightmare... I have zero energy left to even brush my hair or change my clothes... I haven't had a full night of uninterrupted sleep in what feels like months... I forgot to eat lunch today, honestly food just tastes like cardboard lately...","I ended up leaving early bcs the crowded room felt suffocating... I avoid going to crowded places bcs they trigger a deep panic... I went to a small gathering but felt like everyone was silently judging me... I went to a small gathering but felt like everyone was silently judging me... I am terrified that I said sth stupid and ruined my friendship... Had an absolute blast hanging out w/ Marcus and Jenna at the local park... I am terrified that I said sth stupid and ruined my friendship... I feel completely existential alienation to the world, and maybe that's for the best... I snapped at my brother when he startled me by walking into the kitchen...","A sudden loud noise in the street made my heart shoot into my throat... I feel this constant, generalized somatic hyperarousal in the pit of my stomach... I felt incredibly hypervigilant sensory responses all day, constantly checking behind my back... I feel incredibly guilty for wasting another entire day doing nothing...","I keep playing back embarrassing moments in my head on repeat... I remember when I actually used to be passionate about this job...","Woke up at 2 PM and lay in bed staring at the wall until dark... There is this deep ache in my chest that refuses to lift... I spent three hours overanalyzing a single text message from my colleague... I feel incredibly guilty for wasting another entire day doing nothing... I feel completely pronounced depersonalization/dissociation, like I'm watching myself from above... My nervous system is stuck on high alert and I can't seem to turn it off... My nervous system is stuck on high alert and I can't seem to turn it off... I feel so restless, like I need to run away but idk where... I feel so restless, like I need to run away but idk where... My nervous system is stuck on high alert and I can't seem to turn it off...","I feel like an outsider who can't connect w/ normal human experiences... I ended up leaving early bcs the crowded room felt suffocating... I avoid going to crowded places bcs they trigger a deep panic... Everyone else is out living their lives while I am stuck in this depressive paralysis... I lost my car keys twice today and was late meeting my friends, again... I rehearsed my entire conversation in my head before saying a single word... I totally forgot to reply to ten text messages that I opened this morning... I feel like an outsider who can't connect w/ normal human experiences...",PTSD
P102,27,Female,"Architect",Master's,formal,exclamations,No,professional,"I spent five hours prolonged attentional focus a random Wikipedia article about history! Every single email from my manager feels like a personal attack! I spent five hours prolonged attentional focus a random Wikipedia article about history! I spent five hours prolonged attentional focus a random Wikipedia article about history!!! Woke up at 2 PM and lay in bed staring at the wall until dark!","I have been pacing around my room for an hour trying to remember what I was doing! I have been pacing around my room for an hour trying to remember what I was doing!!! I forgot to eat lunch today, honestly food just tastes like cardboard lately! Sleeping for twelve hours didn't do anything to cure this tiredness! My stomach is in knots and I am constantly on edge!!! I forgot to eat lunch again because I was rearranging my bookshelf by color!","I totally forgot to reply to ten text messages that I opened this morning! I totally forgot to reply to ten text messages that I opened this morning! I lost my car keys twice today and was late meeting my friends, again!!! I feel so isolated, but the thought of talking to someone makes me shudder!","I am constantly starting new tasks while my desk is covered in unfinished work! My mind feels like it's severe cognitive hyperactivity competing for space at once! My attention is constantly drifting off in the middle of standard conversations! My thoughts are swirling around like a hurricane and I can't catch one!!! A wave of intense, irrational anger washed over me out of nowhere!","I recalled a random fact about space that I learned in school instead of working!!! I keep remembering all these great ideas I had but never actually finished! I was thinking about how simple things used to be before this heaviness took over! Remembering old failures and worrying that history is bound to repeat itself today! I keep remembering that one presentation where my voice cracked! Thinking back to last year when I had motivation and drive! Remembering old times with high school friends made me text them to catch up!!!","My mind feels like it's severe cognitive hyperactivity competing for space at once! Woke up at 2 PM and lay in bed staring at the wall until dark! Every minor detail feels like a massive crisis waiting to happen!!! I am so tired of feeling like an absolute psychological liability to everyone around me!!! I spent five hours prolonged attentional focus a random Wikipedia article about history! I am so incredibly overwhelmed by the sheer volume of my own thoughts!","I feel so isolated, but the thought of talking to someone makes me shudder! I lost my car keys twice today and was late meeting my friends, again! I interrupted my friend three times today because I was excited about an idea! I totally forgot to reply to ten text messages that I opened this morning! I interrupted my friend three times today because I was excited about an idea! I interrupted my friend three times today because I was excited about an idea! I feel completely existential alienation to the world, and maybe that's for the best! My partner tried to talk about dinner and I completely snapped at them!!!",ADHD
P103,57,Non-binary,"Economist",PhD,formal,ellipses,Yes,academic,"I have checked my locked door five times already tonight... There is this deep ache in my chest that refuses to lift...","I feel physically energetic, healthy, and in tune w/ my body's needs... Drinking my fourth cup of coffee today just to keep my eyes open... I feel like a severe depersonalization state of myself, just going through the motions... I forgot to eat lunch today, honestly food just tastes like cardboard lately... I feel physically energetic, healthy, and in tune w/ my body's needs... My limbs feel like they are filled w/ lead blocks... My heart is pounding against my ribs for absolutely no reason... I feel incredibly dizzy and nauseous from this constant state of alertness... I have zero energy left to even brush my hair or change my clothes...","I feel so isolated, but the thought of talking to someone makes me shudder... I don't have the emotional capacity to listen to anyone else's problems... I went to a small gathering but felt like everyone was silently judging me... I feel bad for talking so fast that ppl struggle to keep up w/ me... My friends asked me to choose a restaurant and my brain completely froze from pressure... I am terrified that I said sth stupid and ruined my friendship... My friends asked me to choose a restaurant and my brain completely froze from pressure... I feel completely existential alienation to the world, and maybe that's for the best...","My brain is running at a hundred miles an hour but going nowhere... I simply do not care about these performance milestones anymore... Nothing seems to bring even a flicker of interest or pleasure anymore... I feel incredibly guilty for wasting another entire day doing nothing... My clients are complaining and I feel completely disconnected from the outcomes...","I keep remembering all these great ideas I had but never actually finished... I keep remembering that one presentation where my voice cracked...","Everything feels incredibly urgent and I am constantly anticipatory panic cycles... I feel this profound sense of persistent threat-appraisal bias even in my own locked home... I feel incredibly guilty for wasting another entire day doing nothing... I feel so restless, like I need to run away but idk where... There is this deep ache in my chest that refuses to lift... I tried to read my book but the words just swam around w/o meaning... Woke up staring at the ceiling, experiencing acute anticipatory occupational anxiety... There is this deep ache in my chest that refuses to lift... My clients are complaining and I feel completely disconnected from the outcomes... I am so tired of feeling like an absolute psychological liability to everyone around me...","Everyone else is out living their lives while I am stuck in this depressive paralysis... I feel completely existential alienation to the world, and maybe that's for the best... My friends asked me to choose a restaurant and my brain completely froze from pressure... My friends asked me to choose a restaurant and my brain completely froze from pressure... Everyone else is out living their lives while I am stuck in this depressive paralysis... I interrupted my friend three times today bcs I was excited about an idea... Cancelling plans has become my favorite hobby lately bcs of my exhaustion...",Burnout
P104,33,Male,"Quantitative Analyst",PhD,formal,minimal,No,academic,"I feel optimal affective equilibrium and at peace with where things are headed right now. I dealt with a minor transient stressor today but managed to keep things in perspective. I had a really productive morning and felt a nice sense of accomplishment. Had some time to reflect on my personal goals and felt quite optimistic. I had a really productive morning and felt a nice sense of accomplishment. I feel optimal affective equilibrium and at peace with where things are headed right now. I dealt with a minor transient stressor today but managed to keep things in perspective. Had some time to reflect on my personal goals and felt quite optimistic.","I have zero energy left to even brush my hair or change my clothes. Woke up feeling refreshed and ready to take on the day's tasks. I went for a long run after work and felt a great release of tension. I feel physically energetic, healthy, and in tune with my body's needs.","I had a really honest, supportive conversation with my mom on the phone. Spent a quiet evening playing board games with my family, which was lovely. My friends asked me to choose a restaurant and my brain completely froze from pressure.","Had some time to reflect on my personal goals and felt quite optimistic. I feel optimal affective equilibrium and at peace with where things are headed right now. Had some time to reflect on my personal goals and felt quite optimistic. Had some time to reflect on my personal goals and felt quite optimistic. I feel optimal affective equilibrium and at peace with where things are headed right now. I dealt with a minor transient stressor today but managed to keep things in perspective. I felt a positive psychological orientation while drinking my tea and watching the rain. I dealt with a minor transient stressor today but managed to keep things in perspective.","I was remembering our summer trip and smiling at the memories. Remembering old times with high school friends made me text them to catch up. I keep playing back embarrassing moments in my head on repeat. I recalled some helpful advice my mentor gave me a few years ago. Remembering old times with high school friends made me text them to catch up. A specific smell today instantly transported me back to that the distressing index event in my past. I was remembering our summer trip and smiling at the memories. I keep playing back embarrassing moments in my head on repeat.","I tried to read my book but the words just swam around without meaning. I dealt with a minor transient stressor today but managed to keep things in perspective. Had some time to reflect on my personal goals and felt quite optimistic. I had a really productive morning and felt a nice sense of accomplishment.","I was able to support my coworker through a difficult issue today. I ended up leaving early because the crowded room felt suffocating.",Healthy
P105,60,Male,"Management Consultant",Master's,normal,minimal,No,colloquial,"Another meeting that could have been an email, wasting my remaining energy. I simply do not care about these performance milestones anymore. My mind feels like it's severe cognitive hyperactivity competing for space at once. I simply do not care about these performance milestones anymore.","Sleeping for twelve hours didn't do anything to cure this tiredness. I feel like a severe depersonalization state of myself, just going through the motions. My limbs feel like they are filled with lead blocks. Even taking a shower felt like an Olympian task that required days of planning. I feel like a severe depersonalization state of myself, just going through the motions. My body feels heavy, sluggish, and constantly on the verge of collapsing. I feel incredibly dizzy and nauseous from this constant state of alertness. Sleeping for twelve hours didn't do anything to cure this tiredness.","I cancelled our weekend plans because I can't pretend to be happy. I totally forgot to reply to ten text messages that I opened this morning. I cancelled our weekend plans because I can't pretend to be happy. Everyone else is out living their lives while I am stuck in this depressive paralysis. I feel completely existential alienation to the world, and maybe that's for the best. My partner tried to talk about dinner and I completely snapped at them. Sarah invited me out for drinks but I ignored her text message. I feel so isolated, but the thought of talking to someone makes me shudder. I interrupted my friend three times today because I was excited about an idea.","I looked at my computer screen and literally wanted to throw it out the window. They keep asking for more deliverables but my tank has been empty for weeks.","Thinking back to last year when I had motivation and drive. Thinking back to last year when I had motivation and drive. Thought about that chore I started this morning and realized it is still half-done. I recalled how excited I was on my first day here, which feels like a comedy now. I look at old photos of me smiling and wonder who that person was. My brain is on a constant loop of recalling every friendship I've ruined. I was thinking about how simple things used to be before this heaviness took over. Stumbled upon an old project folder and couldn't believe how much effort I used to put in. Thought about that chore I started this morning and realized it is still half-done. I look at old photos of me smiling and wonder who that person was.","My clients are complaining and I feel completely disconnected from the outcomes. I feel so frustrated with my executive attention impairments and pay attention. I looked at my computer screen and literally wanted to throw it out the window. My thoughts are swirling around like a hurricane and I can't catch one. I am so tired of feeling like an absolute psychological liability to everyone around me. I spent five hours prolonged attentional focus a random Wikipedia article about history. Woke up at 2 PM and lay in bed staring at the wall until dark.","My phone kept ringing but I let it go to voicemail every time. I ended up leaving early because the crowded room felt suffocating. I feel so isolated, but the thought of talking to someone makes me shudder. I feel so isolated, but the thought of talking to someone makes me shudder. I feel so isolated, but the thought of talking to someone makes me shudder. I just want to be left alone in a dark room with absolutely zero noise.",Depression
P106,29,Male,"Historian & Archivist",PhD,highly-emotional,minimal,No,academic,"I have checked my locked door five times already tonight. Everything feels incredibly urgent and I am constantly anticipatory panic cycles. It feels like I am carrying a mountain on my back just to walk to the kitchen. I feel this constant, generalized somatic hyperarousal in the pit of my stomach. My thoughts are swirling around like a hurricane and I can't catch one.","Sleeping for twelve hours didn't do anything to cure this tiredness. My hands are shaking so much that typing is becoming a struggle. I haven't had a full night of uninterrupted sleep in what feels like months. I feel incredibly dizzy and nauseous from this constant state of alertness. I feel like a severe depersonalization state of myself, just going through the motions. I forgot to eat lunch today, honestly food just tastes like cardboard lately. My chest feels incredibly tight, like someone is standing on it. My chest feels incredibly tight, like someone is standing on it. Even taking a shower felt like an Olympian task that required days of planning.","I feel like an outsider who can't connect with normal human experiences. Cancelling plans has become my favorite hobby lately because of my exhaustion. I snapped at my brother when he startled me by walking into the kitchen. I just want to be left alone in a dark room with absolutely zero noise.","I have checked my locked door five times already tonight. I am so incredibly overwhelmed by the sheer volume of my own thoughts.","Suddenly remembered that bill I was supposed to pay three weeks ago. Thinking back to last year when I had motivation and drive. I was thinking about how simple things used to be before this heaviness took over. I recalled how excited I was on my first day here, which feels like a comedy now. Thinking back to last year when I had motivation and drive. I keep remembering old mistakes and cringing at my younger self. My mind suddenly recalled a minor argument from five years ago and now I can't sleep.","My clients are complaining and I feel completely disconnected from the outcomes. I feel so restless, like I need to run away but I don't know where. I simply do not care about these performance milestones anymore. I am completely paralyzed by the fear of making a terrible mistake. My attention is constantly drifting off in the middle of standard conversations. My mind is on an absolute loop of 'catastrophic cognitive distortions' that I cannot shut down. They keep asking for more deliverables but my tank has been empty for weeks. Another meeting that could have been an email, wasting my remaining energy. I am so tired of feeling like an absolute psychological liability to everyone around me. I dealt with a minor transient stressor today but managed to keep things in perspective.","Had an absolute blast hanging out with Marcus and Jenna at the local park. I snapped at my brother when he startled me by walking into the kitchen. My friends asked me to choose a restaurant and my brain completely froze from pressure.",Anxiety
P107,52,Non-binary,"Economist",PhD,normal,minimal,No,academic,"There is this deep ache in my chest that refuses to lift. I feel this profound sense of persistent threat-appraisal bias even in my own locked home. I feel completely pronounced depersonalization/dissociation, like I'm watching myself from above. I am so tired of feeling like an absolute psychological liability to everyone around me. My nervous system is stuck on high alert and I can't seem to turn it off. My mind feels like it's severe cognitive hyperactivity competing for space at once. My mind is on an absolute loop of 'catastrophic cognitive distortions' that I cannot shut down. Woke up at 2 PM and lay in bed staring at the wall until dark.","Even taking a shower felt like an Olympian task that required days of planning. I feel tense, rigid, and my muscles are aching from constant bracing. My body feels heavy, sluggish, and constantly on the verge of collapsing. I have been pacing around my room for an hour trying to remember what I was doing. My body feels heavy, sluggish, and constantly on the verge of collapsing. Took a nice afternoon stretch and drank plenty of water today. My stomach is in knots and I am constantly on edge.","Sarah invited me out for drinks but I ignored her text message. My friends asked me to choose a restaurant and my brain completely froze from pressure. I rehearsed my entire conversation in my head before saying a single word. I feel like an outsider who can't connect with normal human experiences. I am terrified that I said something stupid and ruined my friendship. I ended up leaving early because the crowded room felt suffocating. I ended up leaving early because the crowded room felt suffocating.","I am completely paralyzed by the fear of making a terrible mistake. My thoughts are swirling around like a hurricane and I can't catch one. I spent three hours overanalyzing a single text message from my colleague. A wave of intense, irrational anger washed over me out of nowhere. I feel completely pronounced depersonalization/dissociation, like I'm watching myself from above. I have checked my locked door five times already tonight. There is a persistent, heavy severe anhedonic state sitting over everything today. I feel completely emotional blunting, as if all my emotions have been drained out. I feel this profound sense of persistent threat-appraisal bias even in my own locked home. I feel incredibly guilty for wasting another entire day doing nothing.","Remembering old failures and worrying that history is bound to repeat itself today. I spent the afternoon trying to push down images of past experiences that kept resurfacing. Remembering old failures and worrying that history is bound to repeat itself today. I spent the afternoon trying to push down images of past experiences that kept resurfacing. Remembering old failures and worrying that history is bound to repeat itself today. My mind suddenly recalled a minor argument from five years ago and now I can't sleep.","I dealt with a minor transient stressor today but managed to keep things in perspective. A sudden loud noise in the street made my heart shoot into my throat. I feel completely emotional blunting, as if all my emotions have been drained out. There is a persistent, heavy severe anhedonic state sitting over everything today. My nervous system is stuck on high alert and I can't seem to turn it off. I tried to read my book but the words just swam around without meaning. I looked at my computer screen and literally wanted to throw it out the window.","I avoid going to crowded places because they trigger a deep panic. My friends asked me to choose a restaurant and my brain completely froze from pressure. My friends asked me to choose a restaurant and my brain completely froze from pressure. I ended up leaving early because the crowded room felt suffocating. I sat with my back to the wall at the restaurant, scanning the exit doors. I avoid going to crowded places because they trigger a deep panic. Everyone else is out living their lives while I am stuck in this depressive paralysis. I snapped at my brother when he startled me by walking into the kitchen. I went to a small gathering but felt like everyone was silently judging me. I ended up leaving early because the crowded room felt suffocating.",PTSD
P108,62,Female,"Warehouse Staff",High School,sarcastic,minimal,Yes,colloquial,"I looked at my computer screen and literally wanted to throw it out the window. I am constantly starting new tasks while my desk is covered in unfinished work. In a shocking turn of events, i had a rly productive morning and felt a nice sense of accomplishment. Exactly what I needed. my thoughts are swirling around like a hurricane and I can't catch one. My thoughts are swirling around like a hurricane and I can't catch one. Exactly what I needed. my mind is on an absolute loop of 'what-ifs' that I cannot shut down. Spoiler alert: i cried in the shower this morning for no concrete reason.","I went for a long run after work and felt a great release of tension. Even taking a shower felt like an Olympian task that required days of planning.","Sarah invited me out for drinks but I ignored her text message. I interrupted my friend three times today bcs I was excited about an idea. I rehearsed my entire conversation in my head before saying a single word. Spent a quiet evening playing board games w/ my family, which was lovely. I went to a small gathering but felt like everyone was silently judging me. Spent a quiet evening playing board games w/ my family, which was lovely. I had a rly honest, supportive conversation w/ my mom on the phone.","Woke up staring at the ceiling, dreading the morning standup. Had some time to reflect on my personal goals and felt quite optimistic. I feel this constant, buzzing dread in the pit of my stomach. There is a persistent, heavy grey fog sitting over everything today. I spent five hours completely lost in reading a random Wikipedia article about history. They keep asking for more deliverables but my tank has been empty for weeks. Another day, another masterpiece of timing. i felt a wave of gratitude while drinking my tea and watching the rain. Had some time to reflect on my personal goals and felt quite optimistic. My thoughts are swirling around like a hurricane and I can't catch one.","Stumbled upon an old project folder and couldn't believe how much effort I used to put in. I recalled some helpful advice my mentor gave me a few years ago. Suddenly remembered that bill I was supposed to pay three weeks ago. Fabulous, just fabulous. i recalled some helpful advice my mentor gave me a few years ago. Remembering old failures and worrying that history is bound to repeat itself today. Exactly what I needed. stumbled upon an old project folder and couldn't believe how much effort I used to put in. I keep remembering that one presentation where my voice cracked. I recalled some helpful advice my mentor gave me a few years ago. Living the dream as usual. remembering old times w/ high school friends made me text them to catch up.","My thoughts are swirling around like a hurricane and I can't catch one. Had some time to reflect on my personal goals and felt quite optimistic.","I rehearsed my entire conversation in my head before saying a single word. I rehearsed my entire conversation in my head before saying a single word. I am terrified that I said sth stupid and ruined my friendship.",ADHD
P109,58,Non-binary,"Clinical Neuropsychologist",PhD,highly-emotional,exclamations,No,academic,"I have checked my locked door five times already tonight! I had a really productive morning and felt a nice sense of accomplishment!!! Every single email from my manager feels like a personal attack! It feels like I am carrying a mountain on my back just to walk to the kitchen! I spent three hours overanalyzing a single text message from my colleague! My brain is running at a hundred miles an hour but going nowhere! I feel so restless, like I need to run away but I don't know where!!! I feel so restless, like I need to run away but I don't know where!!! My inbox is overflowing with urgent requests that aren't actually urgent! I cried in the shower this morning for no concrete reason!","Sleeping for twelve hours didn't do anything to cure this tiredness! My body feels heavy, sluggish, and constantly on the verge of collapsing!!! My body feels heavy, sluggish, and constantly on the verge of collapsing!","My phone kept ringing but I let it go to voicemail every time! I don't have the emotional capacity to listen to anyone else's problems!!! I feel bad for talking so fast that people struggle to keep up with me!","I tried to read my book but the words just swam around without meaning! It feels like I am carrying a mountain on my back just to walk to the kitchen!!! The existential disillusionment in me is completely taking over at this point! Every minor detail feels like a massive crisis waiting to happen! I spent the afternoon copy-pasting numbers on a spreadsheet while feeling like a zombie! Woke up staring at the ceiling, experiencing acute anticipatory occupational anxiety! I spent three hours overanalyzing a single text message from my colleague!","My brain is on a constant loop of recalling every friendship I've ruined! I remember when I actually used to be passionate about this job!","I looked at my computer screen and literally wanted to throw it out the window! I spent three hours overanalyzing a single text message from my colleague! I cried in the shower this morning for no concrete reason! Every single email from my manager feels like a personal attack! I feel incredibly guilty for wasting another entire day doing nothing! Another meeting that could have been an email, wasting my remaining energy! I spent the afternoon copy-pasting numbers on a spreadsheet while feeling like a zombie! I looked at my computer screen and literally wanted to throw it out the window!","My phone kept ringing but I let it go to voicemail every time! Everyone else is out living their lives while I am stuck in this depressive paralysis! We went out to a new Italian bistro in town and laughed for hours!!! I just want to be left alone in a dark room with absolutely zero noise! I ended up leaving early because the crowded room felt suffocating!!! I don't have the emotional capacity to listen to anyone else's problems! Sarah invited me out for drinks but I ignored her text message!",Burnout
P110,41,Male,"Nurse Practitioner",Master's,normal,standard,No,professional,"I had a really productive morning and felt a nice sense of accomplishment. I feel optimal affective equilibrium and at peace with where things are headed right now. I dealt with a minor transient stressor today but managed to keep things in perspective. Today felt balanced, calm, and relatively straightforward. I had a really productive morning and felt a nice sense of accomplishment.","I forgot to eat lunch again because I was rearranging my bookshelf by color. Took a nice afternoon stretch and drank plenty of water today. Woke up feeling refreshed and ready to take on the day's tasks. Sleeping for twelve hours didn't do anything to cure this tiredness. I am constantly fidgeting, tapping my feet, and chewing on my pen. I am constantly fidgeting, tapping my feet, and chewing on my pen. Took a nice afternoon stretch and drank plenty of water today.","I had a really honest, supportive conversation with my mom on the phone. Had an absolute blast hanging out with Marcus and Jenna at the local park.","I feel this intense restlessness and boredom that actually feels physically uncomfortable. I feel optimal affective equilibrium and at peace with where things are headed right now. I felt a positive psychological orientation while drinking my tea and watching the rain. I feel this constant, generalized somatic hyperarousal in the pit of my stomach. I am constantly starting new tasks while my desk is covered in unfinished work. I am completely paralyzed by the fear of making a terrible mistake. I am constantly starting new tasks while my desk is covered in unfinished work.","Remembering old times with high school friends made me text them to catch up. I keep remembering old mistakes and cringing at my younger self. I was remembering our summer trip and smiling at the memories. I was remembering our summer trip and smiling at the memories. I was remembering our summer trip and smiling at the memories. I keep remembering old mistakes and cringing at my younger self. I was remembering our summer trip and smiling at the memories. I recalled some helpful advice my mentor gave me a few years ago. I keep remembering that one presentation where my voice cracked.","Had some time to reflect on my personal goals and felt quite optimistic. I feel optimal affective equilibrium and at peace with where things are headed right now. My attention is constantly drifting off in the middle of standard conversations. Had some time to reflect on my personal goals and felt quite optimistic. I feel incredibly guilty for wasting another entire day doing nothing. I had a really productive morning and felt a nice sense of accomplishment.","Cancelling plans has become my favorite hobby lately because of my exhaustion. Cancelling plans has become my favorite hobby lately because of my exhaustion. We went out to a new Italian bistro in town and laughed for hours. We went out to a new Italian bistro in town and laughed for hours.",Healthy
P111,26,Male,"Clinical Neuropsychologist",PhD,narrative,standard,No,academic,"I tried to read my book but the words just swam around without meaning. It feels like I am carrying a mountain on my back just to walk to the kitchen.","I forgot to eat lunch today, honestly food just tastes like cardboard lately. My hands are always busy with something, I simply cannot sit quiet. I feel physically energetic, healthy, and in tune with my body's needs. My throat feels tight and it feels like I am struggling to get enough oxygen. Woke up feeling refreshed and ready to take on the day's tasks.","Everyone else is out living their lives while I am stuck in this depressive paralysis. Cancelling plans has become my favorite hobby lately because of my exhaustion. I lost my car keys twice today and was late meeting my friends, again. I am terrified that I said something stupid and ruined my friendship. I went to a small gathering but felt like everyone was silently judging me.","I looked at my computer screen and literally wanted to throw it out the window. I am constantly starting new tasks while my desk is covered in unfinished work. I feel completely pronounced depersonalization/dissociation, like I'm watching myself from above. I am so tired of feeling like an absolute psychological liability to everyone around me. I looked at my computer screen and literally wanted to throw it out the window.","Suddenly remembered that bill I was supposed to pay three weeks ago. Thinking back to last year when I had motivation and drive. Remembering old failures and worrying that history is bound to repeat itself today. I look at old photos of me smiling and wonder who that person was. Remembering old failures and worrying that history is bound to repeat itself today. I keep playing back embarrassing moments in my head on repeat.","Nothing seems to bring even a flicker of interest or pleasure anymore. I am constantly starting new tasks while my desk is covered in unfinished work. I simply do not care about these performance milestones anymore. I feel this intense restlessness and boredom that actually feels physically uncomfortable.","I interrupted my friend three times today because I was excited about an idea. My friends asked me to choose a restaurant and my brain completely froze from pressure. Spent a quiet evening playing board games with my family, which was lovely. I ended up leaving early because the crowded room felt suffocating. I rehearsed my entire conversation in my head before saying a single word. I feel completely existential alienation to the world, and maybe that's for the best.",Depression
P112,27,Male,"Project Manager",Bachelor's,disorganized,exclamations,No,colloquial,"I am so incredibly overwhelmed by the sheer volume of my own thoughts! My attention is constantly drifting off in the middle of standard conversations! My inbox is overflowing with urgent requests that aren't actually urgent!!! I am so incredibly overwhelmed by the sheer volume of my own thoughts!!! Had some time to reflect on my personal goals and felt quite optimistic! I feel incredibly guilty for wasting another entire day doing nothing!!! I feel so frustrated with my inability to just settle down and pay attention! I dealt with a minor setback today but managed to keep things in perspective! I spent five hours completely lost in reading a random Wikipedia article about history!","I am physically exhausted but as soon as my head hits the pillow, my brain stays awake! My throat feels tight and it feels like I am struggling to get enough oxygen! Drinking my fourth cup of coffee today just to keep my eyes open!!! My body feels heavy, sluggish, and constantly on the verge of collapsing! My throat feels tight and it feels like I am struggling to get enough oxygen!","Everyone else is out living their lives while I am stuck in this quicksand! Everyone else is out living their lives while I am stuck in this quicksand!!! My partner tried to talk about dinner and I completely snapped at them! Cancelling plans has become my favorite hobby lately because of my exhaustion! I went to a small gathering but felt like everyone was silently judging me! I went to a small gathering but felt like everyone was silently judging me! I sat with my back to the wall at the restaurant, scanning the exit doors! Cancelling plans has become my favorite hobby lately because of my exhaustion!","I spent three hours overanalyzing a single text message from my colleague! A wave of intense, irrational anger washed over me out of nowhere! I feel incredibly guilty for wasting another entire day doing nothing! I felt a wave of gratitude while drinking my tea and watching the rain! I have checked my locked door five times already tonight! I am completely paralyzed by the fear of making a terrible mistake!!! My thoughts are swirling around like a hurricane and I can't catch one! I feel so restless, like I need to run away but I don't know where!","I keep playing back embarrassing moments in my head on repeat! A specific smell today instantly transported me back to that difficult moment in my past!","I am completely paralyzed by the fear of making a terrible mistake! My brain is running at a hundred miles an hour but going nowhere! I had a really productive morning and felt a nice sense of accomplishment! I had a really productive morning and felt a nice sense of accomplishment!","I don't have the emotional capacity to listen to anyone else's problems! My friends asked me to choose a restaurant and my brain completely froze from pressure!!! My friends asked me to choose a restaurant and my brain completely froze from pressure! I went to a small gathering but felt like everyone was silently judging me! I ended up leaving early because the crowded room felt suffocating! I just want to be left alone in a dark room with absolutely zero noise!!! My phone kept ringing but I let it go to voicemail every time!",Anxiety
P113,45,Non-binary,"Customer Service Agent",High School,highly-emotional,exclamations,No,colloquial,"The silence in my apartment is deafening, yet I don't want to break it!!! My mind is on an absolute loop of 'what-ifs' that I cannot shut down! I feel this profound sense of unsafety even in my own locked home! I cried in the shower this morning for no concrete reason! Another meeting that could have been an email, wasting my remaining energy!!! I have checked my locked door five times already tonight! I spent three hours overanalyzing a single text message from my colleague!","My stomach is in knots and I am constantly on edge! I feel tense, rigid, and my muscles are aching from constant bracing! I feel incredibly dizzy and nauseous from this constant state of alertness! Even taking a shower felt like an Olympian task that required days of planning! I haven't had a full night of uninterrupted sleep in what feels like months! Woke up gasping for air, drenched in sweat from another intense nightmare!!!","I sat with my back to the wall at the restaurant, scanning the exit doors! I went to a small gathering but felt like everyone was silently judging me!!!","The silence in my apartment is deafening, yet I don't want to break it! Every minor detail feels like a massive crisis waiting to happen! I cried in the shower this morning for no concrete reason! I feel completely detached from my body, like I'm watching myself from above! I spent five hours completely lost in reading a random Wikipedia article about history!!! There is this deep ache in my chest that refuses to lift! I feel incredibly guilty for wasting another entire day doing nothing! There is this deep ache in my chest that refuses to lift! A wave of intense, irrational anger washed over me out of nowhere!","I recalled some helpful advice my mentor gave me a few years ago!!! I had a sudden, vivid memory of that night that felt so real I forgot where I actually was! I keep remembering all these great ideas I had but never actually finished!","Nothing seems to bring even a flicker of interest or pleasure anymore!!! I am constantly starting new tasks while my desk is covered in unfinished work!!! I spent three hours overanalyzing a single text message from my colleague!!! There is a persistent, heavy grey fog sitting over everything today!!! I feel incredibly guilty for wasting another entire day doing nothing!!! I felt incredibly jumpy all day, constantly checking behind my back! I spent three hours overanalyzing a single text message from my colleague!","I feel so isolated, but the thought of talking to someone makes me shudder! I ended up leaving early because the crowded room felt suffocating! I went to a small gathering but felt like everyone was silently judging me! I went to a small gathering but felt like everyone was silently judging me! I ended up leaving early because the crowded room felt suffocating! I am putting up massive walls to keep people from getting too close to me!",PTSD
P114,38,Male,"High School Teacher",Bachelor's,disorganized,minimal,Yes,professional,"I feel so frustrated w/ my inability to just settle down and pay attention. My thoughts are swirling around like a hurricane and I can't catch one. I feel this intense restlessness and boredom that actually feels physically uncomfortable. I had a rly productive morning and felt a nice sense of accomplishment. It feels like I am carrying a mountain on my back just to walk to the kitchen. My attention is constantly drifting off in the middle of standard conversations. My inbox is overflowing w/ urgent requests that aren't actually urgent.","I am constantly fidgeting, tapping my feet, and chewing on my pen. My hands are shaking so much that typing is becoming a struggle. My hands are always busy w/ sth, I simply cannot sit quiet. I have been pacing around my room for an hour trying to remember what I was doing. I feel incredibly dizzy and nauseous from this constant state of alertness. I went for a long run after work and felt a great release of tension. I am constantly fidgeting, tapping my feet, and chewing on my pen. I feel incredibly dizzy and nauseous from this constant state of alertness.","I cancelled our weekend plans bcs I can't pretend to be happy. My partner tried to talk about dinner and I completely snapped at them. I lost my car keys twice today and was late meeting my friends, again. I lost my car keys twice today and was late meeting my friends, again. I interrupted my friend three times today bcs I was excited about an idea. I interrupted my friend three times today bcs I was excited about an idea. We went out but my mind drifted and I missed the entire punchline of the story.","Today felt balanced, calm, and relatively straightforward. My attention is constantly drifting off in the middle of standard conversations. I feel so restless, like I need to run away but idk where. My mind feels like it's racing w/ twenty different thoughts competing for space at once. Woke up staring at the ceiling, dreading the morning standup. My mind feels like it's racing w/ twenty different thoughts competing for space at once.","I was remembering our summer trip and smiling at the memories. I keep playing back embarrassing moments in my head on repeat. Thought about that chore I started this morning and realized it is still half-done. I was thinking about how simple things used to be before this heaviness took over. My mind suddenly recalled a minor argument from five years ago and now I can't sleep. My mind suddenly recalled a minor argument from five years ago and now I can't sleep. I keep remembering all these great ideas I had but never actually finished. Remembering old times w/ high school friends made me text them to catch up. Suddenly remembered that bill I was supposed to pay three weeks ago. I recalled some helpful advice my mentor gave me a few years ago.","I have been sitting at my desk for nine hours and accomplished absolutely nothing. My mind feels like it's racing w/ twenty different thoughts competing for space at once. Had some time to reflect on my personal goals and felt quite optimistic. My attention is constantly drifting off in the middle of standard conversations.","We went out but my mind drifted and I missed the entire punchline of the story. I was able to support my coworker through a difficult issue today. I cancelled our weekend plans bcs I can't pretend to be happy. Had an absolute blast hanging out w/ Marcus and Jenna at the local park. We went out but my mind drifted and I missed the entire punchline of the story. I rehearsed my entire conversation in my head before saying a single word. I just want to be left alone in a dark room w/ absolutely zero noise. I lost my car keys twice today and was late meeting my friends, again. I ended up leaving early bcs the crowded room felt suffocating.",ADHD
P115,52,Non-binary,"Senior Research Scientist",PhD,highly-emotional,exclamations,No,academic,"There is a persistent, heavy severe anhedonic state sitting over everything today! The silence in my apartment is deafening, yet I don't want to break it!!! There is this deep ache in my chest that refuses to lift! I feel this constant, generalized somatic hyperarousal in the pit of my stomach!","My hands are shaking so much that typing is becoming a struggle! My heart is pounding against my ribs for absolutely no reason! Cooked a nutritious dinner with fresh vegetables and slept very soundly! My shoulders are permanently glued to my ears from pure tension!","I feel completely existential alienation to the world, and maybe that's for the best! I don't have the emotional capacity to listen to anyone else's problems! I don't have the emotional capacity to listen to anyone else's problems! My partner tried to talk about dinner and I completely snapped at them!!! I lost my car keys twice today and was late meeting my friends, again!!!","My thoughts are swirling around like a hurricane and I can't catch one! I spent five hours prolonged attentional focus a random Wikipedia article about history!!! Every minor detail feels like a massive crisis waiting to happen! I feel completely emotional blunting, as if all my emotions have been drained out! Woke up at 2 PM and lay in bed staring at the wall until dark! I felt a positive psychological orientation while drinking my tea and watching the rain!!! My inbox is overflowing with urgent requests that aren't actually urgent! I am completely paralyzed by the fear of making a terrible mistake! I feel incredibly guilty for wasting another entire day doing nothing! There is a persistent, heavy severe anhedonic state sitting over everything today!!!","I recalled how excited I was on my first day here, which feels like a comedy now! I look at old photos of me smiling and wonder who that person was! I recalled how excited I was on my first day here, which feels like a comedy now! I look at old photos of me smiling and wonder who that person was! I was thinking about how simple things used to be before this heaviness took over! I recalled how excited I was on my first day here, which feels like a comedy now!!!","I dealt with a minor transient stressor today but managed to keep things in perspective! My inbox is overflowing with urgent requests that aren't actually urgent! There is this deep ache in my chest that refuses to lift!!! My brain is running at a hundred miles an hour but going nowhere! Everything feels incredibly urgent and I am constantly anticipatory panic cycles!!! I feel so restless, like I need to run away but I don't know where! I tried to read my book but the words just swam around without meaning! I tried to read my book but the words just swam around without meaning!","Cancelling plans has become my favorite hobby lately because of my exhaustion! Sarah invited me out for drinks but I ignored her text message! Cancelling plans has become my favorite hobby lately because of my exhaustion! I cancelled our weekend plans because I can't pretend to be happy!",Burnout
P116,22,Non-binary,"Senior Research Scientist",PhD,normal,minimal,No,academic,"I had a really productive morning and felt a nice sense of accomplishment. I felt a positive psychological orientation while drinking my tea and watching the rain. Had some time to reflect on my personal goals and felt quite optimistic. Today felt balanced, calm, and relatively straightforward. I feel optimal affective equilibrium and at peace with where things are headed right now. I feel optimal affective equilibrium and at peace with where things are headed right now. My brain is running at a hundred miles an hour but going nowhere. My brain is running at a hundred miles an hour but going nowhere.","My throat feels tight and it feels like I am struggling to get enough oxygen. I went for a long run after work and felt a great release of tension. I forgot to eat lunch again because I was rearranging my bookshelf by color.","I snapped at my brother when he startled me by walking into the kitchen. Had an absolute blast hanging out with Marcus and Jenna at the local park. My partner tried to talk about dinner and I completely snapped at them. My friends asked me to choose a restaurant and my brain completely froze from pressure. I feel so isolated, but the thought of talking to someone makes me shudder. I feel like an outsider who can't connect with normal human experiences. I am terrified that I said something stupid and ruined my friendship. I had a really honest, supportive conversation with my mom on the phone. I was able to support my coworker through a difficult issue today. I was able to support my coworker through a difficult issue today.","I spent five hours prolonged attentional focus a random Wikipedia article about history. I am so incredibly overwhelmed by the sheer volume of my own thoughts. My inbox is overflowing with urgent requests that aren't actually urgent. I felt a positive psychological orientation while drinking my tea and watching the rain. Had some time to reflect on my personal goals and felt quite optimistic. I had a really productive morning and felt a nice sense of accomplishment. I dealt with a minor transient stressor today but managed to keep things in perspective. I felt a positive psychological orientation while drinking my tea and watching the rain.","I recalled some helpful advice my mentor gave me a few years ago. Remembering old times with high school friends made me text them to catch up. Thought about how much I've grown over the last few years and felt proud. Thought about how much I've grown over the last few years and felt proud. I recalled some helpful advice my mentor gave me a few years ago. My mind suddenly recalled a minor argument from five years ago and now I can't sleep.","I spent five hours prolonged attentional focus a random Wikipedia article about history. I spent five hours prolonged attentional focus a random Wikipedia article about history. Today felt balanced, calm, and relatively straightforward. I feel optimal affective equilibrium and at peace with where things are headed right now. I dealt with a minor transient stressor today but managed to keep things in perspective. Today felt balanced, calm, and relatively straightforward. Today felt balanced, calm, and relatively straightforward. I tried to read my book but the words just swam around without meaning.","My partner tried to talk about dinner and I completely snapped at them. I am terrified that I said something stupid and ruined my friendship. I had a really honest, supportive conversation with my mom on the phone. My partner tried to talk about dinner and I completely snapped at them.",Healthy
P117,22,Non-binary,"University Professor",PhD,formal,exclamations,Yes,academic,"There is this deep ache in my chest that refuses to lift! I feel incredibly guilty for wasting another entire day doing nothing!","I am profound somatic fatigue but as soon as my head hits the pillow, my brain stays awake!!! My heart is pounding against my ribs for absolutely no reason! I forgot to eat lunch today, honestly food just tastes like cardboard lately! Even taking a shower felt like an Olympian task that required days of planning! I am constantly fidgeting, tapping my feet, and chewing on my pen! Even taking a shower felt like an Olympian task that required days of planning! I have zero energy left to even brush my hair or change my clothes! I feel like a severe depersonalization state of myself, just going through the motions! My body feels heavy, sluggish, and constantly on the verge of collapsing! My limbs feel like they are filled w/ lead blocks!","I cancelled our weekend plans bcs I can't pretend to be happy! I cancelled our weekend plans bcs I can't pretend to be happy!","The silence in my apartment is deafening, yet I don't want to break it!!! Woke up at 2 PM and lay in bed staring at the wall until dark! I tried to read my book but the words just swam around w/o meaning! My nervous system is stuck on high alert and I can't seem to turn it off! I cried in the shower this morning for no concrete reason!","I keep playing back embarrassing moments in my head on repeat! Thought about that chore I started this morning and realized it is still half-done! I keep remembering old mistakes and cringing at my younger self!!!","Everything feels incredibly urgent and I am constantly anticipatory panic cycles! I tried to read my book but the words just swam around w/o meaning! My mind feels like it's severe cognitive hyperactivity competing for space at once!!! I am so incredibly overwhelmed by the sheer volume of my own thoughts! I spent three hours overanalyzing a single text message from my colleague! It feels like I am carrying a mountain on my back just to walk to the kitchen! I am constantly starting new tasks while my desk is covered in unfinished work! Everything feels incredibly urgent and I am constantly anticipatory panic cycles!!! I feel completely emotional blunting, as if all my emotions have been drained out!","I just want to be left alone in a dark room w/ absolutely zero noise! I rehearsed my entire conversation in my head before saying a single word!!! Everyone else is out living their lives while I am stuck in this depressive paralysis! I cancelled our weekend plans bcs I can't pretend to be happy! I cancelled our weekend plans bcs I can't pretend to be happy! My partner tried to talk about dinner and I completely snapped at them! I cancelled our weekend plans bcs I can't pretend to be happy! I feel completely existential alienation to the world, and maybe that's for the best! My phone kept ringing but I let it go to voicemail every time! I feel bad for talking so fast that ppl struggle to keep up w/ me!",Depression
P118,46,Non-binary,"Financial Analyst",Bachelor's,highly-emotional,ellipses,No,professional,"I cried in the shower this morning for no concrete reason... My thoughts are swirling around like a hurricane and I can't catch one... I spent the afternoon copy-pasting numbers on a spreadsheet while feeling like a zombie... I feel this constant, buzzing dread in the pit of my stomach... Woke up staring at the ceiling, dreading the morning standup...","I feel incredibly dizzy and nauseous from this constant state of alertness... Took a nice afternoon stretch and drank plenty of water today... My body feels heavy, sluggish, and constantly on the verge of collapsing... My chest feels incredibly tight, like someone is standing on it... My body feels heavy, sluggish, and constantly on the verge of collapsing... My heart is pounding against my ribs for absolutely no reason... My heart is pounding against my ribs for absolutely no reason...","I just want to be left alone in a dark room with absolutely zero noise... I was able to support my coworker through a difficult issue today... I ended up leaving early because the crowded room felt suffocating... My friends asked me to choose a restaurant and my brain completely froze from pressure... I ended up leaving early because the crowded room felt suffocating... I ended up leaving early because the crowded room felt suffocating... Had an absolute blast hanging out with Marcus and Jenna at the local park... I went to a small gathering but felt like everyone was silently judging me...","I feel completely numb, as if all my emotions have been drained out... I spent three hours overanalyzing a single text message from my colleague...","I keep remembering old mistakes and cringing at my younger self... I keep playing back embarrassing moments in my head on repeat...","I simply do not care about these performance milestones anymore... I spent three hours overanalyzing a single text message from my colleague... I felt a wave of gratitude while drinking my tea and watching the rain...","Spent a quiet evening playing board games with my family, which was lovely... I totally forgot to reply to ten text messages that I opened this morning... I had a really honest, supportive conversation with my mom on the phone... My friends asked me to choose a restaurant and my brain completely froze from pressure... My friends asked me to choose a restaurant and my brain completely froze from pressure... I ended up leaving early because the crowded room felt suffocating... I feel completely invisible to the world, and maybe that's for the best... I was able to support my coworker through a difficult issue today...",Anxiety
P119,48,Male,"Historian & Archivist",PhD,formal,minimal,Yes,academic,"My inbox is overflowing w/ urgent requests that aren't actually urgent. There is a persistent, heavy severe anhedonic state sitting over everything today. A wave of intense, irrational anger washed over me out of nowhere. My attention is constantly drifting off in the middle of standard conversations. I feel completely pronounced depersonalization/dissociation, like I'm watching myself from above.","My limbs feel like they are filled w/ lead blocks. My limbs feel like they are filled w/ lead blocks. My throat feels tight and it feels like I am struggling to get enough oxygen. I forgot to eat lunch today, honestly food just tastes like cardboard lately. I haven't had a full night of uninterrupted sleep in what feels like months. My heart is pounding against my ribs for absolutely no reason. My throat feels tight and it feels like I am struggling to get enough oxygen. I feel incredibly dizzy and nauseous from this constant state of alertness.","I feel completely existential alienation to the world, and maybe that's for the best. I sat w/ my back to the wall at the restaurant, scanning the exit doors. I cancelled our weekend plans bcs I can't pretend to be happy. I am putting up massive walls to keep ppl from getting too close to me. I went to a small gathering but felt like everyone was silently judging me. My friends asked me to choose a restaurant and my brain completely froze from pressure.","My brain is running at a hundred miles an hour but going nowhere. I feel incredibly guilty for wasting another entire day doing nothing. My brain is running at a hundred miles an hour but going nowhere. My mind feels like it's severe cognitive hyperactivity competing for space at once. Woke up at 2 PM and lay in bed staring at the wall until dark. A sudden loud noise in the street made my heart shoot into my throat.","My brain is on a constant loop of recalling every friendship I've ruined. Memories of what happened are crashing through my brain like uninvited ghosts. I had a sudden, intrusive cognitive recall of that night that felt so real I forgot where I actually was. Remembering old failures and worrying that history is bound to repeat itself today. A specific smell today instantly transported me back to that the distressing index event in my past. I spent the afternoon trying to push down images of past experiences that kept resurfacing.","I feel completely pronounced depersonalization/dissociation, like I'm watching myself from above. My attention is constantly drifting off in the middle of standard conversations. My mind is on an absolute loop of 'catastrophic cognitive distortions' that I cannot shut down. My nervous system is stuck on high alert and I can't seem to turn it off. I feel completely emotional blunting, as if all my emotions have been drained out. There is this deep ache in my chest that refuses to lift.","I feel so isolated, but the thought of talking to someone makes me shudder. My phone kept ringing but I let it go to voicemail every time. I feel like an outsider who can't connect w/ normal human experiences. I am putting up massive walls to keep ppl from getting too close to me. I am putting up massive walls to keep ppl from getting too close to me.",PTSD
P120,50,Female,"Astrophysicist",PhD,formal,ellipses,No,academic,"I feel completely pronounced depersonalization/dissociation, like I'm watching myself from above... I feel so restless, like I need to run away but I don't know where... I am completely paralyzed by the fear of making a terrible mistake... I am completely paralyzed by the fear of making a terrible mistake... I feel this intense restlessness and boredom that actually feels physically uncomfortable... I am constantly starting new tasks while my desk is covered in unfinished work... I feel so frustrated with my executive attention impairments and pay attention... I feel so restless, like I need to run away but I don't know where...","My heart is pounding against my ribs for absolutely no reason... Woke up with a massive burst of creative energy at 3 AM and started painting... My hands are shaking so much that typing is becoming a struggle... Even taking a shower felt like an Olympian task that required days of planning... I have zero energy left to even brush my hair or change my clothes... My hands are always busy with something, I simply cannot sit quiet... I went for a long run after work and felt a great release of tension... Took a nice afternoon stretch and drank plenty of water today... I am constantly fidgeting, tapping my feet, and chewing on my pen...","I totally forgot to reply to ten text messages that I opened this morning... I had a really honest, supportive conversation with my mom on the phone... Spent a quiet evening playing board games with my family, which was lovely... I interrupted my friend three times today because I was excited about an idea...","The silence in my apartment is deafening, yet I don't want to break it... The existential disillusionment in me is completely taking over at this point... I simply do not care about these performance milestones anymore... I feel so restless, like I need to run away but I don't know where... I feel optimal affective equilibrium and at peace with where things are headed right now... There is a persistent, heavy severe anhedonic state sitting over everything today... I feel incredibly guilty for wasting another entire day doing nothing... I feel optimal affective equilibrium and at peace with where things are headed right now... I am completely paralyzed by the fear of making a terrible mistake... I dealt with a minor transient stressor today but managed to keep things in perspective...","I keep remembering old mistakes and cringing at my younger self... Remembering old failures and worrying that history is bound to repeat itself today... Remembering old times with high school friends made me text them to catch up... I look at old photos of me smiling and wonder who that person was... My mind suddenly recalled a minor argument from five years ago and now I can't sleep... I recalled a random fact about space that I learned in school instead of working... My brain is on a constant loop of recalling every friendship I've ruined... Remembering old failures and worrying that history is bound to repeat itself today... My brain is on a constant loop of recalling every friendship I've ruined... I was thinking about how simple things used to be before this heaviness took over...","I felt a positive psychological orientation while drinking my tea and watching the rain... I feel so restless, like I need to run away but I don't know where... I simply do not care about these performance milestones anymore... I feel optimal affective equilibrium and at peace with where things are headed right now...","I feel like an outsider who can't connect with normal human experiences... I feel so isolated, but the thought of talking to someone makes me shudder... I rehearsed my entire conversation in my head before saying a single word... We went out but my mind drifted and I missed the entire punchline of the story... Cancelling plans has become my favorite hobby lately because of my exhaustion... Spent a quiet evening playing board games with my family, which was lovely... I totally forgot to reply to ten text messages that I opened this morning... I just want to be left alone in a dark room with absolutely zero noise... I interrupted my friend three times today because I was excited about an idea... Spent a quiet evening playing board games with my family, which was lovely...",ADHD
P121,25,Female,"Registered Nurse",Bachelor's,abbreviated,minimal,Yes,professional,"I spent the afternoon copy-pasting numbers on a spreadsheet while feeling like a zombie. The silence in my apartment is deafening, yet I don't want to break it. I feel incredibly guilty for wasting another entire day doing nothing. I spent the afternoon copy-pasting numbers on a spreadsheet while feeling like a zombie. The silence in my apartment is deafening, yet I don't want to break it. I felt a wave of gratitude while drinking my tea and watching the rain. My clients are complaining and I feel completely disconnected from the outcomes. There is this deep ache in my chest that refuses to lift.","My limbs feel like they are filled w/ lead blocks. My heart is pounding against my ribs for absolutely no reason. Drinking my fourth cup of coffee today just to keep my eyes open. I forgot to eat lunch today, honestly food just tastes like cardboard lately. My hands are shaking so much that typing is becoming a struggle. I feel like a hollow shell of myself, just going through the motions. My limbs feel like they are filled w/ lead blocks.","Everyone else is out living their lives while I am stuck in this quicksand. Everyone else is out living their lives while I am stuck in this quicksand. I rehearsed my entire conversation in my head before saying a single word. My phone kept ringing but I let it go to voicemail every time. I just want to be left alone in a dark room w/ absolutely zero noise.","There is this deep ache in my chest that refuses to lift. Woke up staring at the ceiling, dreading the morning standup.","I was thinking about how simple things used to be before this heaviness took over. I remember when I actually used to be passionate about this job. I recalled how excited I was on my first day here, which feels like a comedy now. I look at old photos of me smiling and wonder who that person was. I was thinking about how simple things used to be before this heaviness took over. Stumbled upon an old project folder and couldn't believe how much effort I used to put in. I was thinking about how simple things used to be before this heaviness took over. I keep remembering that one presentation where my voice cracked.","I spent the afternoon copy-pasting numbers on a spreadsheet while feeling like a zombie. Every single email from my manager feels like a personal attack. It feels like I am carrying a mountain on my back just to walk to the kitchen. There is a persistent, heavy grey fog sitting over everything today. I feel so restless, like I need to run away but idk where. I cried in the shower this morning for no concrete reason.","I feel completely invisible to the world, and maybe that's for the best. I just want to be left alone in a dark room w/ absolutely zero noise. I just want to be left alone in a dark room w/ absolutely zero noise. I feel completely invisible to the world, and maybe that's for the best. I rehearsed my entire conversation in my head before saying a single word.",Burnout
P122,48,Male,"Administrative Assistant",High School,abbreviated,standard,Yes,simple,"I dealt w/ a minor setback today but managed to keep things in perspective. My attention is constantly drifting off in the middle of standard conversations. I feel content and at peace w/ where things are headed right now. I dealt w/ a minor setback today but managed to keep things in perspective. The cynic in me is completely taking over at this point. I dealt w/ a minor setback today but managed to keep things in perspective.","Cooked a nutritious dinner w/ fresh vegetables and slept very soundly. Woke up feeling refreshed and ready to take on the day's tasks. Took a nice afternoon stretch and drank plenty of water today. Took a nice afternoon stretch and drank plenty of water today.","I had a rly honest, supportive conversation w/ my mom on the phone. We went out to a new Italian bistro in town and laughed for hours. We went out to a new Italian bistro in town and laughed for hours. I was able to support my coworker through a difficult issue today. We went out to a new Italian bistro in town and laughed for hours. Spent a quiet evening playing board games w/ my family, which was lovely. I was able to support my coworker through a difficult issue today.","I dealt w/ a minor setback today but managed to keep things in perspective. I spent five hours completely lost in reading a random Wikipedia article about history. I had a rly productive morning and felt a nice sense of accomplishment. Had some time to reflect on my personal goals and felt quite optimistic. I felt a wave of gratitude while drinking my tea and watching the rain. I had a rly productive morning and felt a nice sense of accomplishment. I feel this constant, buzzing dread in the pit of my stomach. I feel content and at peace w/ where things are headed right now. I spent five hours completely lost in reading a random Wikipedia article about history.","I was thinking about how simple things used to be before this heaviness took over. I was remembering our summer trip and smiling at the memories. Remembering old times w/ high school friends made me text them to catch up.","I dealt w/ a minor setback today but managed to keep things in perspective. I had a rly productive morning and felt a nice sense of accomplishment. Today felt balanced, calm, and relatively straightforward. Today felt balanced, calm, and relatively straightforward. I feel this profound sense of unsafety even in my own locked home. Had some time to reflect on my personal goals and felt quite optimistic.","We went out to a new Italian bistro in town and laughed for hours. I had a rly honest, supportive conversation w/ my mom on the phone. I had a rly honest, supportive conversation w/ my mom on the phone. I had a rly honest, supportive conversation w/ my mom on the phone. I feel so isolated, but the thought of talking to someone makes me shudder. Spent a quiet evening playing board games w/ my family, which was lovely. We went out to a new Italian bistro in town and laughed for hours. I had a rly honest, supportive conversation w/ my mom on the phone. Had an absolute blast hanging out w/ Marcus and Jenna at the local park. I had a rly honest, supportive conversation w/ my mom on the phone.",Healthy
P123,42,Female,"Biotech Lead Investigator",PhD,abbreviated,exclamations,No,academic,"There is a persistent, heavy severe anhedonic state sitting over everything today! There is this deep ache in my chest that refuses to lift! Every minor detail feels like a massive crisis waiting to happen!","I have been pacing around my room for an hour trying to remember what I was doing! I forgot to eat lunch today, honestly food just tastes like cardboard lately!!! My shoulders are permanently glued to my ears from pure tension! My hands are shaking so much that typing is becoming a struggle! My throat feels tight and it feels like I am struggling to get enough oxygen!","Had an absolute blast hanging out with Marcus and Jenna at the local park! I ended up leaving early because the crowded room felt suffocating!","I feel so restless, like I need to run away but I don't know where! I cried in the shower this morning for no concrete reason! I feel incredibly guilty for wasting another entire day doing nothing! I cried in the shower this morning for no concrete reason! I feel incredibly guilty for wasting another entire day doing nothing! I am completely paralyzed by the fear of making a terrible mistake! I feel completely emotional blunting, as if all my emotions have been drained out! I am so incredibly overwhelmed by the sheer volume of my own thoughts!","Remembering old failures and worrying that history is bound to repeat itself today! I keep remembering that one presentation where my voice cracked! I keep playing back embarrassing moments in my head on repeat! Stumbled upon an old project folder and couldn't believe how much effort I used to put in! Suddenly remembered that bill I was supposed to pay three weeks ago! I remember when I actually used to be passionate about this job! I keep remembering that one presentation where my voice cracked! I look at old photos of me smiling and wonder who that person was! I was thinking about how simple things used to be before this heaviness took over!!! I was thinking about how simple things used to be before this heaviness took over!","Woke up at 2 PM and lay in bed staring at the wall until dark! I cried in the shower this morning for no concrete reason!!! There is a persistent, heavy severe anhedonic state sitting over everything today! I have checked my locked door five times already tonight!!! It feels like I am carrying a mountain on my back just to walk to the kitchen! There is this deep ache in my chest that refuses to lift! I am so tired of feeling like an absolute psychological liability to everyone around me! My mind is on an absolute loop of 'catastrophic cognitive distortions' that I cannot shut down! I felt a positive psychological orientation while drinking my tea and watching the rain! Woke up at 2 PM and lay in bed staring at the wall until dark!","I rehearsed my entire conversation in my head before saying a single word! Everyone else is out living their lives while I am stuck in this depressive paralysis! I feel so isolated, but the thought of talking to someone makes me shudder!",Depression
P124,31,Male,"Registered Nurse",Bachelor's,sarcastic,ellipses,No,professional,"My thoughts are swirling around like a hurricane and I can't catch one... My thoughts are swirling around like a hurricane and I can't catch one... I spent the afternoon copy-pasting numbers on a spreadsheet while feeling like a zombie... Another day, another masterpiece of timing... another meeting that could have been an email, wasting my remaining energy... Nothing seems to bring even a flicker of interest or pleasure anymore... Spoiler alert: a wave of intense, irrational anger washed over me out of nowhere... The silence in my apartment is deafening, yet I don't want to break it...","Sleeping for twelve hours didn't do anything to cure this tiredness... I went for a long run after work and felt a great release of tension... My throat feels tight and it feels like I am struggling to get enough oxygen... Sleeping for twelve hours didn't do anything to cure this tiredness... In a shocking turn of events, my hands are shaking so much that typing is becoming a struggle... My shoulders are permanently glued to my ears from pure tension... I forgot to eat lunch again because I was rearranging my bookshelf by color... Sleeping for twelve hours didn't do anything to cure this tiredness... Spoiler alert: i am physically exhausted but as soon as my head hits the pillow, my brain stays awake...","Fabulous, just fabulous... i went to a small gathering but felt like everyone was silently judging me... I rehearsed my entire conversation in my head before saying a single word... I just want to be left alone in a dark room with absolutely zero noise... I went to a small gathering but felt like everyone was silently judging me... I am terrified that I said something stupid and ruined my friendship... I rehearsed my entire conversation in my head before saying a single word... Cancelling plans has become my favorite hobby lately because of my exhaustion... I am terrified that I said something stupid and ruined my friendship... I rehearsed my entire conversation in my head before saying a single word...","In a shocking turn of events, i simply do not care about these performance milestones anymore... Fabulous, just fabulous... i feel so restless, like I need to run away but I don't know where... I cried in the shower this morning for no concrete reason... I am so incredibly overwhelmed by the sheer volume of my own thoughts...","I keep remembering old mistakes and cringing at my younger self... Another day, another masterpiece of timing... i keep remembering old mistakes and cringing at my younger self...","Had some time to reflect on my personal goals and felt quite optimistic... It feels like I am carrying a mountain on my back just to walk to the kitchen... My thoughts are swirling around like a hurricane and I can't catch one...","I don't have the emotional capacity to listen to anyone else's problems... I went to a small gathering but felt like everyone was silently judging me...",Anxiety
P125,38,Male,"Senior Research Scientist",PhD,formal,minimal,No,academic,"The silence in my apartment is deafening, yet I don't want to break it. I feel completely pronounced depersonalization/dissociation, like I'm watching myself from above. I feel this profound sense of persistent threat-appraisal bias even in my own locked home. I feel completely pronounced depersonalization/dissociation, like I'm watching myself from above. I tried to read my book but the words just swam around without meaning. I feel so frustrated with my executive attention impairments and pay attention. My clients are complaining and I feel completely disconnected from the outcomes. I feel incredibly guilty for wasting another entire day doing nothing.","Woke up gasping for air, drenched in sweat from another intense nightmare. My stomach is in knots and I am constantly on edge. My body is exhausted from being in a perpetual state of fight-or-flight. I forgot to eat lunch today, honestly food just tastes like cardboard lately. My body is exhausted from being in a perpetual state of fight-or-flight. My body is exhausted from being in a perpetual state of fight-or-flight. I feel tense, rigid, and my muscles are aching from constant bracing.","I ended up leaving early because the crowded room felt suffocating. I snapped at my brother when he startled me by walking into the kitchen. I ended up leaving early because the crowded room felt suffocating. I interrupted my friend three times today because I was excited about an idea.","I simply do not care about these performance milestones anymore. Every minor detail feels like a massive crisis waiting to happen. I cried in the shower this morning for no concrete reason. My nervous system is stuck on high alert and I can't seem to turn it off. A sudden loud noise in the street made my heart shoot into my throat.","I keep remembering that one presentation where my voice cracked. Remembering old failures and worrying that history is bound to repeat itself today. I had a sudden, intrusive cognitive recall of that night that felt so real I forgot where I actually was. My brain is on a constant loop of recalling every friendship I've ruined. I spent the afternoon trying to push down images of past experiences that kept resurfacing.","My brain is running at a hundred miles an hour but going nowhere. Every minor detail feels like a massive crisis waiting to happen. My thoughts are swirling around like a hurricane and I can't catch one.","I am putting up massive walls to keep people from getting too close to me. I avoid going to crowded places because they trigger a deep panic. I cancelled our weekend plans because I can't pretend to be happy. I avoid going to crowded places because they trigger a deep panic. My phone kept ringing but I let it go to voicemail every time. I avoid going to crowded places because they trigger a deep panic. I feel so isolated, but the thought of talking to someone makes me shudder. I feel completely existential alienation to the world, and maybe that's for the best. I feel so isolated, but the thought of talking to someone makes me shudder. I snapped at my brother when he startled me by walking into the kitchen.",PTSD
P126,54,Male,"Biotech Lead Investigator",PhD,formal,standard,No,academic,"Every minor detail feels like a massive crisis waiting to happen. I feel this intense restlessness and boredom that actually feels physically uncomfortable. My mind is on an absolute loop of 'catastrophic cognitive distortions' that I cannot shut down.","I went for a long run after work and felt a great release of tension. Woke up gasping for air, drenched in sweat from another intense nightmare. My hands are always busy with something, I simply cannot sit quiet. Even taking a shower felt like an Olympian task that required days of planning.","I feel bad for talking so fast that people struggle to keep up with me. I had a really honest, supportive conversation with my mom on the phone. My phone kept ringing but I let it go to voicemail every time. I lost my car keys twice today and was late meeting my friends, again. I interrupted my friend three times today because I was excited about an idea.","My mind feels like it's severe cognitive hyperactivity competing for space at once. My mind is on an absolute loop of 'catastrophic cognitive distortions' that I cannot shut down. My attention is constantly drifting off in the middle of standard conversations. I feel so frustrated with my executive attention impairments and pay attention. I tried to read my book but the words just swam around without meaning. I spent five hours prolonged attentional focus a random Wikipedia article about history. I spent the afternoon copy-pasting numbers on a spreadsheet while feeling like a zombie. There is a persistent, heavy severe anhedonic state sitting over everything today.","I keep remembering all these great ideas I had but never actually finished. I was thinking about how simple things used to be before this heaviness took over. I keep remembering that one presentation where my voice cracked. Suddenly remembered that bill I was supposed to pay three weeks ago. Remembering old failures and worrying that history is bound to repeat itself today. Thought about how much I've grown over the last few years and felt proud.","I feel this intense restlessness and boredom that actually feels physically uncomfortable. I feel this intense restlessness and boredom that actually feels physically uncomfortable. I feel this intense restlessness and boredom that actually feels physically uncomfortable. My attention is constantly drifting off in the middle of standard conversations. Nothing seems to bring even a flicker of interest or pleasure anymore. I feel this constant, generalized somatic hyperarousal in the pit of my stomach. I spent five hours prolonged attentional focus a random Wikipedia article about history.","I cancelled our weekend plans because I can't pretend to be happy. I went to a small gathering but felt like everyone was silently judging me. I lost my car keys twice today and was late meeting my friends, again.",ADHD
P127,28,Non-binary,"Construction Worker",High School,disorganized,standard,No,simple,"I felt incredibly jumpy all day, constantly checking behind my back. Woke up staring at the ceiling, dreading the morning standup. There is a persistent, heavy grey fog sitting over everything today.","My body feels heavy, sluggish, and constantly on the verge of collapsing. Even taking a shower felt like an Olympian task that required days of planning.","I feel completely invisible to the world, and maybe that's for the best. I cancelled our weekend plans because I can't pretend to be happy. I feel like an outsider who can't connect with normal human experiences. I lost my car keys twice today and was late meeting my friends, again. I am terrified that I said something stupid and ruined my friendship. My partner tried to talk about dinner and I completely snapped at them. I cancelled our weekend plans because I can't pretend to be happy. I went to a small gathering but felt like everyone was silently judging me.","Today felt balanced, calm, and relatively straightforward. I feel content and at peace with where things are headed right now. They keep asking for more deliverables but my tank has been empty for weeks.","Stumbled upon an old project folder and couldn't believe how much effort I used to put in. I was thinking about how simple things used to be before this heaviness took over. Suddenly remembered that bill I was supposed to pay three weeks ago. Thinking back to last year when I had motivation and drive. I look at old photos of me smiling and wonder who that person was.","I simply do not care about these performance milestones anymore. I am completely paralyzed by the fear of making a terrible mistake. Woke up at 2 PM and lay in bed staring at the wall until dark.","I just want to be left alone in a dark room with absolutely zero noise. Sarah invited me out for drinks but I ignored her text message.",Burnout
P128,30,Female,"Senior UX Researcher",Master's,formal,ellipses,No,colloquial,"I simply do not care about these performance milestones anymore... I dealt with a minor transient stressor today but managed to keep things in perspective... Every single email from my manager feels like a personal attack... Today felt balanced, calm, and relatively straightforward... I feel optimal affective equilibrium and at peace with where things are headed right now... I dealt with a minor transient stressor today but managed to keep things in perspective... Had some time to reflect on my personal goals and felt quite optimistic... Had some time to reflect on my personal goals and felt quite optimistic... Had some time to reflect on my personal goals and felt quite optimistic...","I went for a long run after work and felt a great release of tension... I feel physically energetic, healthy, and in tune with my body's needs... Woke up feeling refreshed and ready to take on the day's tasks... I forgot to eat lunch again because I was rearranging my bookshelf by color... I have been pacing around my room for an hour trying to remember what I was doing... Cooked a nutritious dinner with fresh vegetables and slept very soundly... I forgot to eat lunch again because I was rearranging my bookshelf by color... I went for a long run after work and felt a great release of tension...","I interrupted my friend three times today because I was excited about an idea... I just want to be left alone in a dark room with absolutely zero noise...","I looked at my computer screen and literally wanted to throw it out the window... I feel so restless, like I need to run away but I don't know where... I dealt with a minor transient stressor today but managed to keep things in perspective... I spent three hours overanalyzing a single text message from my colleague... My mind is on an absolute loop of 'catastrophic cognitive distortions' that I cannot shut down...","Remembering old times with high school friends made me text them to catch up... Remembering old times with high school friends made me text them to catch up... Suddenly remembered that bill I was supposed to pay three weeks ago... I recalled some helpful advice my mentor gave me a few years ago... Remembering old times with high school friends made me text them to catch up... Stumbled upon an old project folder and couldn't believe how much effort I used to put in...","I had a really productive morning and felt a nice sense of accomplishment... Had some time to reflect on my personal goals and felt quite optimistic... A sudden loud noise in the street made my heart shoot into my throat... I felt a positive psychological orientation while drinking my tea and watching the rain... I feel optimal affective equilibrium and at peace with where things are headed right now...","I had a really honest, supportive conversation with my mom on the phone... I ended up leaving early because the crowded room felt suffocating... I feel bad for talking so fast that people struggle to keep up with me... I ended up leaving early because the crowded room felt suffocating... Spent a quiet evening playing board games with my family, which was lovely... I sat with my back to the wall at the restaurant, scanning the exit doors... Sarah invited me out for drinks but I ignored her text message...",Healthy
P129,63,Male,"University Professor",PhD,narrative,exclamations,No,academic,"Today felt balanced, calm, and relatively straightforward! My clients are complaining and I feel completely disconnected from the outcomes! They keep asking for more deliverables but my tank has been empty for weeks! I feel this constant, generalized somatic hyperarousal in the pit of my stomach! I simply do not care about these performance milestones anymore! My attention is constantly drifting off in the middle of standard conversations!!! My thoughts are swirling around like a hurricane and I can't catch one! I tried to read my book but the words just swam around without meaning! Had some time to reflect on my personal goals and felt quite optimistic!!!","Sleeping for twelve hours didn't do anything to cure this tiredness! I am profound somatic fatigue but as soon as my head hits the pillow, my brain stays awake! I have been pacing around my room for an hour trying to remember what I was doing!!!","I totally forgot to reply to ten text messages that I opened this morning! Had an absolute blast hanging out with Marcus and Jenna at the local park!!!","Every single email from my manager feels like a personal attack! Nothing seems to bring even a flicker of interest or pleasure anymore! I have checked my locked door five times already tonight!!! I feel so restless, like I need to run away but I don't know where! I feel so restless, like I need to run away but I don't know where! I feel completely emotional blunting, as if all my emotions have been drained out! I am so incredibly overwhelmed by the sheer volume of my own thoughts! I am constantly starting new tasks while my desk is covered in unfinished work!","Remembering old failures and worrying that history is bound to repeat itself today! My mind suddenly recalled a minor argument from five years ago and now I can't sleep! My brain is on a constant loop of recalling every friendship I've ruined!","Woke up at 2 PM and lay in bed staring at the wall until dark! I am so tired of feeling like an absolute psychological liability to everyone around me!","I lost my car keys twice today and was late meeting my friends, again!!! I ended up leaving early because the crowded room felt suffocating! I cancelled our weekend plans because I can't pretend to be happy! My friends asked me to choose a restaurant and my brain completely froze from pressure!!! I feel so isolated, but the thought of talking to someone makes me shudder!!!",Depression
P130,36,Male,"Delivery Driver",High School,highly-emotional,standard,No,colloquial,"Every minor detail feels like a massive crisis waiting to happen. I felt incredibly jumpy all day, constantly checking behind my back. I am completely paralyzed by the fear of making a terrible mistake.","I feel incredibly dizzy and nauseous from this constant state of alertness. I forgot to eat lunch today, honestly food just tastes like cardboard lately.","I totally forgot to reply to ten text messages that I opened this morning. I rehearsed my entire conversation in my head before saying a single word. My phone kept ringing but I let it go to voicemail every time.","I feel incredibly guilty for wasting another entire day doing nothing. A wave of intense, irrational anger washed over me out of nowhere.","My mind suddenly recalled a minor argument from five years ago and now I can't sleep. I look at old photos of me smiling and wonder who that person was. Remembering old times with high school friends made me text them to catch up. I keep playing back embarrassing moments in my head on repeat. I look at old photos of me smiling and wonder who that person was.","It feels like I am carrying a mountain on my back just to walk to the kitchen. Woke up staring at the ceiling, dreading the morning standup. I have checked my locked door five times already tonight. I spent three hours overanalyzing a single text message from my colleague. I have been sitting at my desk for nine hours and accomplished absolutely nothing. I tried to read my book but the words just swam around without meaning. Today felt balanced, calm, and relatively straightforward.","Everyone else is out living their lives while I am stuck in this quicksand. My friends asked me to choose a restaurant and my brain completely froze from pressure. I cancelled our weekend plans because I can't pretend to be happy. I rehearsed my entire conversation in my head before saying a single word.",Anxiety
P131,19,Male,"Senior UX Researcher",Master's,narrative,exclamations,No,colloquial,"I feel completely pronounced depersonalization/dissociation, like I'm watching myself from above! I felt incredibly hypervigilant sensory responses all day, constantly checking behind my back! Nothing seems to bring even a flicker of interest or pleasure anymore! A wave of intense, irrational anger washed over me out of nowhere! Every minor detail feels like a massive crisis waiting to happen! I felt incredibly hypervigilant sensory responses all day, constantly checking behind my back! A wave of intense, irrational anger washed over me out of nowhere! Every minor detail feels like a massive crisis waiting to happen! I feel so restless, like I need to run away but I don't know where!","Woke up gasping for air, drenched in sweat from another intense nightmare! I forgot to eat lunch today, honestly food just tastes like cardboard lately!!! My body is exhausted from being in a perpetual state of fight-or-flight!!! I haven't had a full night of uninterrupted sleep in what feels like months! My body is exhausted from being in a perpetual state of fight-or-flight!","I ended up leaving early because the crowded room felt suffocating! I ended up leaving early because the crowded room felt suffocating!!! I feel like an outsider who can't connect with normal human experiences!!! Everyone else is out living their lives while I am stuck in this depressive paralysis! I snapped at my brother when he startled me by walking into the kitchen! I went to a small gathering but felt like everyone was silently judging me!","I am so incredibly overwhelmed by the sheer volume of my own thoughts! I feel completely pronounced depersonalization/dissociation, like I'm watching myself from above! I feel so restless, like I need to run away but I don't know where!","I spent the afternoon trying to push down images of past experiences that kept resurfacing! Suddenly remembered that bill I was supposed to pay three weeks ago! A specific smell today instantly transported me back to that the distressing index event in my past! My mind suddenly recalled a minor argument from five years ago and now I can't sleep! Remembering old failures and worrying that history is bound to repeat itself today! I keep remembering that one presentation where my voice cracked!!!","It feels like I am carrying a mountain on my back just to walk to the kitchen! I have been sitting at my desk for nine hours and demonstrated negligible cognitive productivity!","I feel like an outsider who can't connect with normal human experiences! I ended up leaving early because the crowded room felt suffocating! I avoid going to crowded places because they trigger a deep panic! We went out to a new Italian bistro in town and laughed for hours!!! I went to a small gathering but felt like everyone was silently judging me! Sarah invited me out for drinks but I ignored her text message!!! I totally forgot to reply to ten text messages that I opened this morning!!! I interrupted my friend three times today because I was excited about an idea!!!",PTSD
P132,38,Male,"Security Guard",High School,disorganized,minimal,Yes,colloquial,"I feel so restless, like I need to run away but idk where. My attention is constantly drifting off in the middle of standard conversations. I dealt w/ a minor setback today but managed to keep things in perspective. It feels like I am carrying a mountain on my back just to walk to the kitchen. The silence in my apartment is deafening, yet I don't want to break it. Nothing seems to bring even a flicker of interest or pleasure anymore. I feel incredibly guilty for wasting another entire day doing nothing.","My chest feels incredibly tight, like someone is standing on it. My chest feels incredibly tight, like someone is standing on it. I forgot to eat lunch again bcs I was rearranging my bookshelf by color. Woke up feeling refreshed and ready to take on the day's tasks. My hands are shaking so much that typing is becoming a struggle. I feel tense, rigid, and my muscles are aching from constant bracing.","I am terrified that I said sth stupid and ruined my friendship. I went to a small gathering but felt like everyone was silently judging me.","My attention is constantly drifting off in the middle of standard conversations. I feel so restless, like I need to run away but idk where. I spent five hours completely lost in reading a random Wikipedia article about history. I feel content and at peace w/ where things are headed right now. I feel this intense restlessness and boredom that actually feels physically uncomfortable. I have checked my locked door five times already tonight. I spent three hours overanalyzing a single text message from my colleague. The silence in my apartment is deafening, yet I don't want to break it. I am constantly starting new tasks while my desk is covered in unfinished work.","I keep remembering all these great ideas I had but never actually finished. I look at old photos of me smiling and wonder who that person was. I keep remembering old mistakes and cringing at my younger self. Thinking back to last year when I had motivation and drive. Suddenly remembered that bill I was supposed to pay three weeks ago. I keep remembering old mistakes and cringing at my younger self.","I am completely paralyzed by the fear of making a terrible mistake. I spent five hours completely lost in reading a random Wikipedia article about history. I spent five hours completely lost in reading a random Wikipedia article about history. Every minor detail feels like a massive crisis waiting to happen. I feel this intense restlessness and boredom that actually feels physically uncomfortable.","I rehearsed my entire conversation in my head before saying a single word. I feel bad for talking so fast that ppl struggle to keep up w/ me. My friends asked me to choose a restaurant and my brain completely froze from pressure. I feel completely invisible to the world, and maybe that's for the best. I lost my car keys twice today and was late meeting my friends, again. We went out but my mind drifted and I missed the entire punchline of the story. I totally forgot to reply to ten text messages that I opened this morning.",ADHD
P133,34,Female,"Management Consultant",Master's,disorganized,exclamations,No,colloquial,"I dealt with a minor transient stressor today but managed to keep things in perspective! My thoughts are swirling around like a hurricane and I can't catch one!!! I am so incredibly overwhelmed by the sheer volume of my own thoughts!!! I feel incredibly guilty for wasting another entire day doing nothing! I am so tired of feeling like an absolute psychological liability to everyone around me!!!","I am constantly fidgeting, tapping my feet, and chewing on my pen!!! Even taking a shower felt like an Olympian task that required days of planning! I feel like a severe depersonalization state of myself, just going through the motions!!! My limbs feel like they are filled with lead blocks! I feel incredibly dizzy and nauseous from this constant state of alertness!!! My throat feels tight and it feels like I am struggling to get enough oxygen! I am profound somatic fatigue but as soon as my head hits the pillow, my brain stays awake! My hands are shaking so much that typing is becoming a struggle!","I cancelled our weekend plans because I can't pretend to be happy! I feel completely existential alienation to the world, and maybe that's for the best!","My brain is running at a hundred miles an hour but going nowhere!!! I feel incredibly guilty for wasting another entire day doing nothing!","I was thinking about how simple things used to be before this heaviness took over! Thinking back to last year when I had motivation and drive! Stumbled upon an old project folder and couldn't believe how much effort I used to put in! Stumbled upon an old project folder and couldn't believe how much effort I used to put in! Stumbled upon an old project folder and couldn't believe how much effort I used to put in!!! Remembering old failures and worrying that history is bound to repeat itself today! I keep remembering old mistakes and cringing at my younger self! I keep remembering all these great ideas I had but never actually finished! Thinking back to last year when I had motivation and drive!","I feel completely emotional blunting, as if all my emotions have been drained out!!! Today felt balanced, calm, and relatively straightforward! Nothing seems to bring even a flicker of interest or pleasure anymore! My mind is on an absolute loop of 'catastrophic cognitive distortions' that I cannot shut down!!! I simply do not care about these performance milestones anymore! They keep asking for more deliverables but my tank has been empty for weeks!!!","My phone kept ringing but I let it go to voicemail every time!!! Sarah invited me out for drinks but I ignored her text message! I went to a small gathering but felt like everyone was silently judging me! I don't have the emotional capacity to listen to anyone else's problems! Cancelling plans has become my favorite hobby lately because of my exhaustion! I went to a small gathering but felt like everyone was silently judging me!",Burnout
P134,35,Male,"Marketing Specialist",Bachelor's,narrative,standard,No,professional,"I feel incredibly guilty for wasting another entire day doing nothing. Today felt balanced, calm, and relatively straightforward.","I went for a long run after work and felt a great release of tension. Woke up feeling refreshed and ready to take on the day's tasks. My hands are always busy with something, I simply cannot sit quiet. I feel incredibly dizzy and nauseous from this constant state of alertness.","My partner tried to talk about dinner and I completely snapped at them. Sarah invited me out for drinks but I ignored her text message. I was able to support my coworker through a difficult issue today. Had an absolute blast hanging out with Marcus and Jenna at the local park. Spent a quiet evening playing board games with my family, which was lovely.","I spent three hours overanalyzing a single text message from my colleague. I had a really productive morning and felt a nice sense of accomplishment. Woke up at 2 PM and lay in bed staring at the wall until dark. I have been sitting at my desk for nine hours and accomplished absolutely nothing. There is a persistent, heavy grey fog sitting over everything today.","Thought about how much I've grown over the last few years and felt proud. I recalled some helpful advice my mentor gave me a few years ago. I was remembering our summer trip and smiling at the memories. Remembering old failures and worrying that history is bound to repeat itself today. I was remembering our summer trip and smiling at the memories.","I felt a wave of gratitude while drinking my tea and watching the rain. I feel content and at peace with where things are headed right now. Everything feels incredibly urgent and I am constantly waiting for the other shoe to drop. I spent three hours overanalyzing a single text message from my colleague. I had a really productive morning and felt a nice sense of accomplishment.","Had an absolute blast hanging out with Marcus and Jenna at the local park. I had a really honest, supportive conversation with my mom on the phone. I was able to support my coworker through a difficult issue today. I don't have the emotional capacity to listen to anyone else's problems. I just want to be left alone in a dark room with absolutely zero noise. I am terrified that I said something stupid and ruined my friendship. I was able to support my coworker through a difficult issue today.",Healthy
P135,19,Female,"Nurse Practitioner",Master's,normal,standard,No,colloquial,"I had a really productive morning and felt a nice sense of accomplishment. The existential disillusionment in me is completely taking over at this point. Woke up staring at the ceiling, experiencing acute anticipatory occupational anxiety. They keep asking for more deliverables but my tank has been empty for weeks. I am so tired of feeling like an absolute psychological liability to everyone around me. There is a persistent, heavy severe anhedonic state sitting over everything today. Every single email from my manager feels like a personal attack. I felt a positive psychological orientation while drinking my tea and watching the rain. They keep asking for more deliverables but my tank has been empty for weeks.","I forgot to eat lunch today, honestly food just tastes like cardboard lately. I feel incredibly dizzy and nauseous from this constant state of alertness. Sleeping for twelve hours didn't do anything to cure this tiredness.","Cancelling plans has become my favorite hobby lately because of my exhaustion. Everyone else is out living their lives while I am stuck in this depressive paralysis. Everyone else is out living their lives while I am stuck in this depressive paralysis.","My attention is constantly drifting off in the middle of standard conversations. My thoughts are swirling around like a hurricane and I can't catch one. I cried in the shower this morning for no concrete reason. I spent the afternoon copy-pasting numbers on a spreadsheet while feeling like a zombie. I have been sitting at my desk for nine hours and demonstrated negligible cognitive productivity. Woke up at 2 PM and lay in bed staring at the wall until dark. I am so incredibly overwhelmed by the sheer volume of my own thoughts. I am so tired of feeling like an absolute psychological liability to everyone around me. The silence in my apartment is deafening, yet I don't want to break it.","I look at old photos of me smiling and wonder who that person was. I recalled how excited I was on my first day here, which feels like a comedy now. I recalled some helpful advice my mentor gave me a few years ago. I was thinking about how simple things used to be before this heaviness took over. Stumbled upon an old project folder and couldn't believe how much effort I used to put in. I look at old photos of me smiling and wonder who that person was. I look at old photos of me smiling and wonder who that person was. I was thinking about how simple things used to be before this heaviness took over. Stumbled upon an old project folder and couldn't believe how much effort I used to put in. I was remembering our summer trip and smiling at the memories.","The silence in my apartment is deafening, yet I don't want to break it. I feel incredibly guilty for wasting another entire day doing nothing. My thoughts are swirling around like a hurricane and I can't catch one. I feel so restless, like I need to run away but I don't know where. My clients are complaining and I feel completely disconnected from the outcomes.","My phone kept ringing but I let it go to voicemail every time. Cancelling plans has become my favorite hobby lately because of my exhaustion. My friends asked me to choose a restaurant and my brain completely froze from pressure. I just want to be left alone in a dark room with absolutely zero noise. I feel so isolated, but the thought of talking to someone makes me shudder.",Depression
P136,60,Male,"Barista",High School,normal,exclamations,No,colloquial,"Everything feels incredibly urgent and I am constantly waiting for the other shoe to drop! Every minor detail feels like a massive crisis waiting to happen! I spent three hours overanalyzing a single text message from my colleague! I am completely paralyzed by the fear of making a terrible mistake! Every minor detail feels like a massive crisis waiting to happen! I simply do not care about these performance milestones anymore!","My throat feels tight and it feels like I am struggling to get enough oxygen!!! I feel incredibly dizzy and nauseous from this constant state of alertness!!! My throat feels tight and it feels like I am struggling to get enough oxygen! My shoulders are permanently glued to my ears from pure tension!!! My limbs feel like they are filled with lead blocks!!! Woke up with a massive burst of creative energy at 3 AM and started painting!!!","Had an absolute blast hanging out with Marcus and Jenna at the local park! I ended up leaving early because the crowded room felt suffocating! I totally forgot to reply to ten text messages that I opened this morning! I interrupted my friend three times today because I was excited about an idea!","I have checked my locked door five times already tonight! I am so tired of feeling like an absolute burden to everyone around me!!! My mind is on an absolute loop of 'what-ifs' that I cannot shut down!!! I tried to read my book but the words just swam around without meaning! I simply do not care about these performance milestones anymore! My brain is running at a hundred miles an hour but going nowhere! My attention is constantly drifting off in the middle of standard conversations!!! Woke up staring at the ceiling, dreading the morning standup! There is a persistent, heavy grey fog sitting over everything today!","I recalled how excited I was on my first day here, which feels like a comedy now! Suddenly remembered that bill I was supposed to pay three weeks ago! Thinking back to last year when I had motivation and drive! I keep playing back embarrassing moments in my head on repeat!!! My mind suddenly recalled a minor argument from five years ago and now I can't sleep! I recalled some helpful advice my mentor gave me a few years ago! Remembering old failures and worrying that history is bound to repeat itself today! I keep remembering that one presentation where my voice cracked! I keep remembering that one presentation where my voice cracked!","I am constantly starting new tasks while my desk is covered in unfinished work!!! My mind is on an absolute loop of 'what-ifs' that I cannot shut down! The cynic in me is completely taking over at this point! I felt incredibly jumpy all day, constantly checking behind my back! I am constantly starting new tasks while my desk is covered in unfinished work!!! I feel so restless, like I need to run away but I don't know where! I feel content and at peace with where things are headed right now! My brain is running at a hundred miles an hour but going nowhere!","I just want to be left alone in a dark room with absolutely zero noise!!! I interrupted my friend three times today because I was excited about an idea! I had a really honest, supportive conversation with my mom on the phone! I just want to be left alone in a dark room with absolutely zero noise! I feel so isolated, but the thought of talking to someone makes me shudder! I ended up leaving early because the crowded room felt suffocating! I feel bad for talking so fast that people struggle to keep up with me!!! I went to a small gathering but felt like everyone was silently judging me!",Anxiety
P137,36,Male,"Graphic Designer",Bachelor's,normal,exclamations,No,professional,"I feel so restless, like I need to run away but I don't know where! My clients are complaining and I feel completely disconnected from the outcomes! I felt incredibly jumpy all day, constantly checking behind my back! I feel completely detached from my body, like I'm watching myself from above! I spent three hours overanalyzing a single text message from my colleague! Every minor detail feels like a massive crisis waiting to happen! Nothing seems to bring even a flicker of interest or pleasure anymore! I feel this profound sense of unsafety even in my own locked home!!! A wave of intense, irrational anger washed over me out of nowhere! I feel content and at peace with where things are headed right now!","My body is exhausted from being in a perpetual state of fight-or-flight! My body is exhausted from being in a perpetual state of fight-or-flight! My body is exhausted from being in a perpetual state of fight-or-flight! My heart is pounding against my ribs for absolutely no reason!!!","I snapped at my brother when he startled me by walking into the kitchen! My partner tried to talk about dinner and I completely snapped at them! I avoid going to crowded places because they trigger a deep panic! Sarah invited me out for drinks but I ignored her text message!","A sudden loud noise in the street made my heart shoot into my throat! My nervous system is stuck on high alert and I can't seem to turn it off! I feel this intense restlessness and boredom that actually feels physically uncomfortable! I feel this constant, buzzing dread in the pit of my stomach!","Remembering old times with high school friends made me text them to catch up! I keep remembering old mistakes and cringing at my younger self!!! I keep remembering that one presentation where my voice cracked!!! Thought about how much I've grown over the last few years and felt proud!!! Memories of what happened are crashing through my brain like uninvited ghosts! Memories of what happened are crashing through my brain like uninvited ghosts! I keep remembering that one presentation where my voice cracked!","I felt incredibly jumpy all day, constantly checking behind my back!!! I dealt with a minor setback today but managed to keep things in perspective! I felt incredibly jumpy all day, constantly checking behind my back! My brain is running at a hundred miles an hour but going nowhere!!! A sudden loud noise in the street made my heart shoot into my throat!","I feel so isolated, but the thought of talking to someone makes me shudder! My friends asked me to choose a restaurant and my brain completely froze from pressure!!! I rehearsed my entire conversation in my head before saying a single word! I ended up leaving early because the crowded room felt suffocating! I went to a small gathering but felt like everyone was silently judging me!",PTSD
P138,42,Non-binary,"AI Ethics Researcher",PhD,disorganized,ellipses,Yes,academic,"My attention is constantly drifting off in the middle of standard conversations... Today felt balanced, calm, and relatively straightforward... I felt a positive psychological orientation while drinking my tea and watching the rain... I feel this intense restlessness and boredom that actually feels physically uncomfortable... I feel optimal affective equilibrium and at peace w/ where things are headed right now... Everything feels incredibly urgent and I am constantly anticipatory panic cycles... My mind feels like it's severe cognitive hyperactivity competing for space at once...","My throat feels tight and it feels like I am struggling to get enough oxygen... I have zero energy left to even brush my hair or change my clothes... I feel physically energetic, healthy, and in tune w/ my body's needs... My throat feels tight and it feels like I am struggling to get enough oxygen... I went for a long run after work and felt a great release of tension... Woke up feeling refreshed and ready to take on the day's tasks... Drinking my fourth cup of coffee today just to keep my eyes open... I have been pacing around my room for an hour trying to remember what I was doing... I forgot to eat lunch again bcs I was rearranging my bookshelf by color...","Spent a quiet evening playing board games w/ my family, which was lovely... I am terrified that I said sth stupid and ruined my friendship... I went to a small gathering but felt like everyone was silently judging me... My friends asked me to choose a restaurant and my brain completely froze from pressure...","I feel optimal affective equilibrium and at peace w/ where things are headed right now... I feel so restless, like I need to run away but idk where... I tried to read my book but the words just swam around w/o meaning... There is this deep ache in my chest that refuses to lift... I spent five hours prolonged attentional focus a random Wikipedia article about history... Everything feels incredibly urgent and I am constantly anticipatory panic cycles... I dealt w/ a minor transient stressor today but managed to keep things in perspective...","I keep remembering all these great ideas I had but never actually finished... I keep remembering all these great ideas I had but never actually finished... Thought about that chore I started this morning and realized it is still half-done... My brain is on a constant loop of recalling every friendship I've ruined...","My attention is constantly drifting off in the middle of standard conversations... They keep asking for more deliverables but my tank has been empty for weeks...","I rehearsed my entire conversation in my head before saying a single word... I totally forgot to reply to ten text messages that I opened this morning... I interrupted my friend three times today bcs I was excited about an idea... I feel completely existential alienation to the world, and maybe that's for the best... I feel bad for talking so fast that ppl struggle to keep up w/ me... Spent a quiet evening playing board games w/ my family, which was lovely... We went out to a new Italian bistro in town and laughed for hours... I just want to be left alone in a dark room w/ absolutely zero noise... I interrupted my friend three times today bcs I was excited about an idea...",ADHD
P139,25,Female,"Software Engineer",Bachelor's,narrative,ellipses,No,colloquial,"I feel incredibly guilty for wasting another entire day doing nothing... I spent three hours overanalyzing a single text message from my colleague... They keep asking for more deliverables but my tank has been empty for weeks... I cried in the shower this morning for no concrete reason... I am constantly starting new tasks while my desk is covered in unfinished work...","Woke up with a massive burst of creative energy at 3 AM and started painting... I went for a long run after work and felt a great release of tension... My limbs feel like they are filled with lead blocks... My chest feels incredibly tight, like someone is standing on it... My shoulders are permanently glued to my ears from pure tension... My heart is pounding against my ribs for absolutely no reason... I have zero energy left to even brush my hair or change my clothes...","I just want to be left alone in a dark room with absolutely zero noise... I feel so isolated, but the thought of talking to someone makes me shudder... I ended up leaving early because the crowded room felt suffocating... My phone kept ringing but I let it go to voicemail every time... Sarah invited me out for drinks but I ignored her text message... My partner tried to talk about dinner and I completely snapped at them... I don't have the emotional capacity to listen to anyone else's problems... I cancelled our weekend plans because I can't pretend to be happy...","My attention is constantly drifting off in the middle of standard conversations... The silence in my apartment is deafening, yet I don't want to break it...","Thinking back to last year when I had motivation and drive... Stumbled upon an old project folder and couldn't believe how much effort I used to put in... My mind suddenly recalled a minor argument from five years ago and now I can't sleep... I keep playing back embarrassing moments in my head on repeat... Remembering old failures and worrying that history is bound to repeat itself today... Stumbled upon an old project folder and couldn't believe how much effort I used to put in...","The silence in my apartment is deafening, yet I don't want to break it... My clients are complaining and I feel completely disconnected from the outcomes... It feels like I am carrying a mountain on my back just to walk to the kitchen... The cynic in me is completely taking over at this point...","I lost my car keys twice today and was late meeting my friends, again... I interrupted my friend three times today because I was excited about an idea... I lost my car keys twice today and was late meeting my friends, again...",Burnout
P140,60,Female,"Astrophysicist",PhD,formal,standard,No,academic,"Had some time to reflect on my personal goals and felt quite optimistic. I feel this constant, generalized somatic hyperarousal in the pit of my stomach. I had a really productive morning and felt a nice sense of accomplishment.","My shoulders are permanently glued to my ears from pure tension. I went for a long run after work and felt a great release of tension. I feel like a severe depersonalization state of myself, just going through the motions. My hands are shaking so much that typing is becoming a struggle. My limbs feel like they are filled with lead blocks. I am constantly fidgeting, tapping my feet, and chewing on my pen. Sleeping for twelve hours didn't do anything to cure this tiredness. Took a nice afternoon stretch and drank plenty of water today. I went for a long run after work and felt a great release of tension. Woke up feeling refreshed and ready to take on the day's tasks.","I lost my car keys twice today and was late meeting my friends, again. I am putting up massive walls to keep people from getting too close to me. I had a really honest, supportive conversation with my mom on the phone. I am terrified that I said something stupid and ruined my friendship. I was able to support my coworker through a difficult issue today. We went out to a new Italian bistro in town and laughed for hours. Spent a quiet evening playing board games with my family, which was lovely. I don't have the emotional capacity to listen to anyone else's problems.","I am completely paralyzed by the fear of making a terrible mistake. Today felt balanced, calm, and relatively straightforward. I feel optimal affective equilibrium and at peace with where things are headed right now. They keep asking for more deliverables but my tank has been empty for weeks. I had a really productive morning and felt a nice sense of accomplishment. I feel optimal affective equilibrium and at peace with where things are headed right now. Today felt balanced, calm, and relatively straightforward. I am constantly starting new tasks while my desk is covered in unfinished work. I feel optimal affective equilibrium and at peace with where things are headed right now.","Suddenly remembered that bill I was supposed to pay three weeks ago. Thought about how much I've grown over the last few years and felt proud. Remembering old failures and worrying that history is bound to repeat itself today. Remembering old times with high school friends made me text them to catch up. I was thinking about how simple things used to be before this heaviness took over. Remembering old failures and worrying that history is bound to repeat itself today. Remembering old failures and worrying that history is bound to repeat itself today. I keep remembering that one presentation where my voice cracked.","I had a really productive morning and felt a nice sense of accomplishment. Today felt balanced, calm, and relatively straightforward. I felt incredibly hypervigilant sensory responses all day, constantly checking behind my back. I feel completely pronounced depersonalization/dissociation, like I'm watching myself from above. I spent five hours prolonged attentional focus a random Wikipedia article about history. I spent five hours prolonged attentional focus a random Wikipedia article about history. I had a really productive morning and felt a nice sense of accomplishment. A wave of intense, irrational anger washed over me out of nowhere. I cried in the shower this morning for no concrete reason.","I ended up leaving early because the crowded room felt suffocating. I am putting up massive walls to keep people from getting too close to me.",Healthy
P141,37,Male,"Software Engineer",Bachelor's,normal,minimal,No,colloquial,"I feel incredibly guilty for wasting another entire day doing nothing. There is a persistent, heavy grey fog sitting over everything today. A sudden loud noise in the street made my heart shoot into my throat. My brain is running at a hundred miles an hour but going nowhere. I am so tired of feeling like an absolute burden to everyone around me. I spent five hours completely lost in reading a random Wikipedia article about history. I cried in the shower this morning for no concrete reason.","My chest feels incredibly tight, like someone is standing on it. My heart is pounding against my ribs for absolutely no reason.","I ended up leaving early because the crowded room felt suffocating. I feel completely invisible to the world, and maybe that's for the best. I cancelled our weekend plans because I can't pretend to be happy. I feel completely invisible to the world, and maybe that's for the best. Had an absolute blast hanging out with Marcus and Jenna at the local park.","I feel completely numb, as if all my emotions have been drained out. There is a persistent, heavy grey fog sitting over everything today. There is this deep ache in my chest that refuses to lift. There is this deep ache in my chest that refuses to lift. Today felt balanced, calm, and relatively straightforward. Another meeting that could have been an email, wasting my remaining energy. My clients are complaining and I feel completely disconnected from the outcomes. Woke up at 2 PM and lay in bed staring at the wall until dark. There is a persistent, heavy grey fog sitting over everything today. I cried in the shower this morning for no concrete reason.","I recalled a random fact about space that I learned in school instead of working. My mind suddenly recalled a minor argument from five years ago and now I can't sleep. I keep remembering old mistakes and cringing at my younger self. Remembering old failures and worrying that history is bound to repeat itself today. My mind suddenly recalled a minor argument from five years ago and now I can't sleep.","It feels like I am carrying a mountain on my back just to walk to the kitchen. I feel completely numb, as if all my emotions have been drained out.","I sat with my back to the wall at the restaurant, scanning the exit doors. Everyone else is out living their lives while I am stuck in this quicksand.",Depression
P142,38,Male,"Clinical Neuropsychologist",PhD,formal,exclamations,No,academic,"I spent the afternoon copy-pasting numbers on a spreadsheet while feeling like a zombie! I feel incredibly guilty for wasting another entire day doing nothing! My mind is on an absolute loop of 'catastrophic cognitive distortions' that I cannot shut down! My inbox is overflowing with urgent requests that aren't actually urgent! I am so incredibly overwhelmed by the sheer volume of my own thoughts! I cried in the shower this morning for no concrete reason! I have been sitting at my desk for nine hours and demonstrated negligible cognitive productivity!!! I have checked my locked door five times already tonight!!! Every minor detail feels like a massive crisis waiting to happen! Everything feels incredibly urgent and I am constantly anticipatory panic cycles!","Cooked a nutritious dinner with fresh vegetables and slept very soundly! Woke up feeling refreshed and ready to take on the day's tasks!!! My limbs feel like they are filled with lead blocks! Woke up with a massive burst of creative energy at 3 AM and started painting! My throat feels tight and it feels like I am struggling to get enough oxygen! My body feels heavy, sluggish, and constantly on the verge of collapsing!!! My hands are shaking so much that typing is becoming a struggle! My heart is pounding against my ribs for absolutely no reason!","I rehearsed my entire conversation in my head before saying a single word!!! Everyone else is out living their lives while I am stuck in this depressive paralysis! We went out but my mind drifted and I missed the entire punchline of the story! I am terrified that I said something stupid and ruined my friendship! Everyone else is out living their lives while I am stuck in this depressive paralysis! My friends asked me to choose a restaurant and my brain completely froze from pressure!!! I went to a small gathering but felt like everyone was silently judging me!!!","Woke up staring at the ceiling, experiencing acute anticipatory occupational anxiety! I am so incredibly overwhelmed by the sheer volume of my own thoughts! I simply do not care about these performance milestones anymore! My clients are complaining and I feel completely disconnected from the outcomes!!! My thoughts are swirling around like a hurricane and I can't catch one! I had a really productive morning and felt a nice sense of accomplishment! I am so incredibly overwhelmed by the sheer volume of my own thoughts! I am so tired of feeling like an absolute psychological liability to everyone around me!!! Another meeting that could have been an email, wasting my remaining energy! I cried in the shower this morning for no concrete reason!!!","I remember when I actually used to be passionate about this job! I was thinking about how simple things used to be before this heaviness took over! My mind suddenly recalled a minor argument from five years ago and now I can't sleep! I keep remembering that one presentation where my voice cracked!!! I keep remembering that one presentation where my voice cracked!!! I recalled some helpful advice my mentor gave me a few years ago! Stumbled upon an old project folder and couldn't believe how much effort I used to put in! I keep remembering that one presentation where my voice cracked! I remember when I actually used to be passionate about this job! I keep remembering that one presentation where my voice cracked!","I spent three hours overanalyzing a single text message from my colleague! Everything feels incredibly urgent and I am constantly anticipatory panic cycles! Every minor detail feels like a massive crisis waiting to happen! Another meeting that could have been an email, wasting my remaining energy! I felt a positive psychological orientation while drinking my tea and watching the rain! My thoughts are swirling around like a hurricane and I can't catch one! My thoughts are swirling around like a hurricane and I can't catch one! Everything feels incredibly urgent and I am constantly anticipatory panic cycles! I am completely paralyzed by the fear of making a terrible mistake! Everything feels incredibly urgent and I am constantly anticipatory panic cycles!","Cancelling plans has become my favorite hobby lately because of my exhaustion! My partner tried to talk about dinner and I completely snapped at them! I feel so isolated, but the thought of talking to someone makes me shudder! I am terrified that I said something stupid and ruined my friendship! We went out to a new Italian bistro in town and laughed for hours! I went to a small gathering but felt like everyone was silently judging me! Sarah invited me out for drinks but I ignored her text message!",Anxiety
P143,21,Non-binary,"Social Media Coordinator",Bachelor's,abbreviated,exclamations,No,professional,"I am constantly starting new tasks while my desk is covered in unfinished work!!! I feel content and at peace with where things are headed right now! A wave of intense, irrational anger washed over me out of nowhere! A wave of intense, irrational anger washed over me out of nowhere!!! A sudden loud noise in the street made my heart shoot into my throat! A wave of intense, irrational anger washed over me out of nowhere!","I haven't had a full night of uninterrupted sleep in what feels like months! Woke up feeling refreshed and ready to take on the day's tasks! My body is exhausted from being in a perpetual state of fight-or-flight! My body feels heavy, sluggish, and constantly on the verge of collapsing! My hands are always busy with something, I simply cannot sit quiet!!! I feel tense, rigid, and my muscles are aching from constant bracing!","I am terrified that I said something stupid and ruined my friendship! I feel like an outsider who can't connect with normal human experiences!!! My phone kept ringing but I let it go to voicemail every time!!! Had an absolute blast hanging out with Marcus and Jenna at the local park!!! I feel like an outsider who can't connect with normal human experiences!","I feel this constant, buzzing dread in the pit of my stomach! I felt incredibly jumpy all day, constantly checking behind my back! A sudden loud noise in the street made my heart shoot into my throat! My inbox is overflowing with urgent requests that aren't actually urgent! I spent three hours overanalyzing a single text message from my colleague! I feel this profound sense of unsafety even in my own locked home! I spent five hours completely lost in reading a random Wikipedia article about history! Had some time to reflect on my personal goals and felt quite optimistic!!! Every single email from my manager feels like a personal attack!!! A wave of intense, irrational anger washed over me out of nowhere!!!","Memories of what happened are crashing through my brain like uninvited ghosts! My mind suddenly recalled a minor argument from five years ago and now I can't sleep! I keep remembering that one presentation where my voice cracked! Remembering old failures and worrying that history is bound to repeat itself today!!! My mind suddenly recalled a minor argument from five years ago and now I can't sleep! I keep remembering old mistakes and cringing at my younger self!","There is this deep ache in my chest that refuses to lift!!! I feel content and at peace with where things are headed right now!!! The silence in my apartment is deafening, yet I don't want to break it! I had a really productive morning and felt a nice sense of accomplishment! My nervous system is stuck on high alert and I can't seem to turn it off! My inbox is overflowing with urgent requests that aren't actually urgent!","I feel so isolated, but the thought of talking to someone makes me shudder! Everyone else is out living their lives while I am stuck in this quicksand! I cancelled our weekend plans because I can't pretend to be happy! I feel completely invisible to the world, and maybe that's for the best! My partner tried to talk about dinner and I completely snapped at them! I feel completely invisible to the world, and maybe that's for the best! I avoid going to crowded places because they trigger a deep panic! My partner tried to talk about dinner and I completely snapped at them! I avoid going to crowded places because they trigger a deep panic! I just want to be left alone in a dark room with absolutely zero noise!",PTSD
P144,26,Female,"Delivery Driver",High School,disorganized,minimal,Yes,colloquial,"There is a persistent, heavy grey fog sitting over everything today. I am constantly starting new tasks while my desk is covered in unfinished work. I feel content and at peace w/ where things are headed right now. Woke up staring at the ceiling, dreading the morning standup. I tried to read my book but the words just swam around w/o meaning.","My hands are shaking so much that typing is becoming a struggle. Woke up w/ a massive burst of creative energy at 3 AM and started painting. My throat feels tight and it feels like I am struggling to get enough oxygen. My hands are always busy w/ sth, I simply cannot sit quiet.","I just want to be left alone in a dark room w/ absolutely zero noise. I lost my car keys twice today and was late meeting my friends, again. I ended up leaving early bcs the crowded room felt suffocating.","I feel so frustrated w/ my inability to just settle down and pay attention. Today felt balanced, calm, and relatively straightforward. I feel completely numb, as if all my emotions have been drained out.","Thought about that chore I started this morning and realized it is still half-done. I remember when I actually used to be passionate about this job.","I am completely paralyzed by the fear of making a terrible mistake. Everything feels incredibly urgent and I am constantly waiting for the other shoe to drop. I feel so frustrated w/ my inability to just settle down and pay attention. My mind feels like it's racing w/ twenty different thoughts competing for space at once.","My friends asked me to choose a restaurant and my brain completely froze from pressure. I totally forgot to reply to ten text messages that I opened this morning. We went out to a new Italian bistro in town and laughed for hours. I am terrified that I said sth stupid and ruined my friendship. I went to a small gathering but felt like everyone was silently judging me. My phone kept ringing but I let it go to voicemail every time.",ADHD
P145,45,Male,"Historian & Archivist",PhD,formal,standard,Yes,academic,"I feel so restless, like I need to run away but idk where. My clients are complaining and I feel completely disconnected from the outcomes.","I forgot to eat lunch today, honestly food just tastes like cardboard lately. My hands are always busy w/ sth, I simply cannot sit quiet. I feel physically energetic, healthy, and in tune w/ my body's needs. My throat feels tight and it feels like I am struggling to get enough oxygen. Sleeping for twelve hours didn't do anything to cure this tiredness. My body feels heavy, sluggish, and constantly on the verge of collapsing. My body feels heavy, sluggish, and constantly on the verge of collapsing. I feel like a severe depersonalization state of myself, just going through the motions. My body feels heavy, sluggish, and constantly on the verge of collapsing.","I cancelled our weekend plans bcs I can't pretend to be happy. Cancelling plans has become my favorite hobby lately bcs of my exhaustion. My partner tried to talk about dinner and I completely snapped at them. I rehearsed my entire conversation in my head before saying a single word.","I simply do not care about these performance milestones anymore. I have checked my locked door five times already tonight. Another meeting that could have been an email, wasting my remaining energy. There is a persistent, heavy severe anhedonic state sitting over everything today. I feel this profound sense of persistent threat-appraisal bias even in my own locked home. I simply do not care about these performance milestones anymore.","Stumbled upon an old project folder and couldn't believe how much effort I used to put in. I remember when I actually used to be passionate about this job. I remember when I actually used to be passionate about this job. I remember when I actually used to be passionate about this job.","My inbox is overflowing w/ urgent requests that aren't actually urgent. My clients are complaining and I feel completely disconnected from the outcomes. I spent the afternoon copy-pasting numbers on a spreadsheet while feeling like a zombie. I am completely paralyzed by the fear of making a terrible mistake. Nothing seems to bring even a flicker of interest or pleasure anymore. I am completely paralyzed by the fear of making a terrible mistake. I feel completely pronounced depersonalization/dissociation, like I'm watching myself from above. I have been sitting at my desk for nine hours and demonstrated negligible cognitive productivity. I have checked my locked door five times already tonight. The silence in my apartment is deafening, yet I don't want to break it.","I just want to be left alone in a dark room w/ absolutely zero noise. Spent a quiet evening playing board games w/ my family, which was lovely. I feel completely existential alienation to the world, and maybe that's for the best. I feel completely existential alienation to the world, and maybe that's for the best.",Burnout
P146,49,Non-binary,"High School Teacher",Bachelor's,highly-emotional,minimal,No,colloquial,"I had a really productive morning and felt a nice sense of accomplishment. I am so tired of feeling like an absolute burden to everyone around me.","Cooked a nutritious dinner with fresh vegetables and slept very soundly. Woke up feeling refreshed and ready to take on the day's tasks. My hands are shaking so much that typing is becoming a struggle. My body feels heavy, sluggish, and constantly on the verge of collapsing.","I cancelled our weekend plans because I can't pretend to be happy. I cancelled our weekend plans because I can't pretend to be happy. We went out to a new Italian bistro in town and laughed for hours. Spent a quiet evening playing board games with my family, which was lovely. I feel bad for talking so fast that people struggle to keep up with me. I totally forgot to reply to ten text messages that I opened this morning. Had an absolute blast hanging out with Marcus and Jenna at the local park. I was able to support my coworker through a difficult issue today. I was able to support my coworker through a difficult issue today.","I had a really productive morning and felt a nice sense of accomplishment. Today felt balanced, calm, and relatively straightforward. I dealt with a minor setback today but managed to keep things in perspective. I had a really productive morning and felt a nice sense of accomplishment. I tried to read my book but the words just swam around without meaning. I felt a wave of gratitude while drinking my tea and watching the rain. I looked at my computer screen and literally wanted to throw it out the window. I dealt with a minor setback today but managed to keep things in perspective.","I was remembering our summer trip and smiling at the memories. Stumbled upon an old project folder and couldn't believe how much effort I used to put in. I recalled some helpful advice my mentor gave me a few years ago. I recalled some helpful advice my mentor gave me a few years ago. I recalled some helpful advice my mentor gave me a few years ago. Thought about how much I've grown over the last few years and felt proud. I keep remembering that one presentation where my voice cracked.","I dealt with a minor setback today but managed to keep things in perspective. I spent the afternoon copy-pasting numbers on a spreadsheet while feeling like a zombie.","I had a really honest, supportive conversation with my mom on the phone. Cancelling plans has become my favorite hobby lately because of my exhaustion. Spent a quiet evening playing board games with my family, which was lovely. Spent a quiet evening playing board games with my family, which was lovely. I feel completely invisible to the world, and maybe that's for the best. I was able to support my coworker through a difficult issue today.",Healthy
P147,39,Non-binary,"Management Consultant",Master's,disorganized,minimal,Yes,professional,"It feels like I am carrying a mountain on my back just to walk to the kitchen. I cried in the shower this morning for no concrete reason. I feel this constant, generalized somatic hyperarousal in the pit of my stomach. I feel completely emotional blunting, as if all my emotions have been drained out. There is a persistent, heavy severe anhedonic state sitting over everything today. Every minor detail feels like a massive crisis waiting to happen. I looked at my computer screen and literally wanted to throw it out the window.","My limbs feel like they are filled w/ lead blocks. Even taking a shower felt like an Olympian task that required days of planning. Sleeping for twelve hours didn't do anything to cure this tiredness. My heart is pounding against my ribs for absolutely no reason.","I feel so isolated, but the thought of talking to someone makes me shudder. My phone kept ringing but I let it go to voicemail every time. I cancelled our weekend plans bcs I can't pretend to be happy. I cancelled our weekend plans bcs I can't pretend to be happy. I just want to be left alone in a dark room w/ absolutely zero noise. I ended up leaving early bcs the crowded room felt suffocating.","There is a persistent, heavy severe anhedonic state sitting over everything today. My mind feels like it's severe cognitive hyperactivity competing for space at once. I spent the afternoon copy-pasting numbers on a spreadsheet while feeling like a zombie. I feel completely emotional blunting, as if all my emotions have been drained out. I spent five hours prolonged attentional focus a random Wikipedia article about history. My nervous system is stuck on high alert and I can't seem to turn it off. Woke up at 2 PM and lay in bed staring at the wall until dark. I am so tired of feeling like an absolute psychological liability to everyone around me. I simply do not care about these performance milestones anymore. The existential disillusionment in me is completely taking over at this point.","My mind suddenly recalled a minor argument from five years ago and now I can't sleep. I was thinking about how simple things used to be before this heaviness took over. Stumbled upon an old project folder and couldn't believe how much effort I used to put in. Remembering old failures and worrying that history is bound to repeat itself today. I keep remembering old mistakes and cringing at my younger self. Remembering old failures and worrying that history is bound to repeat itself today.","I am completely paralyzed by the fear of making a terrible mistake. Every minor detail feels like a massive crisis waiting to happen. They keep asking for more deliverables but my tank has been empty for weeks. Every single email from my manager feels like a personal attack.","I ended up leaving early bcs the crowded room felt suffocating. My phone kept ringing but I let it go to voicemail every time.",Depression
P148,26,Female,"Economist",PhD,normal,exclamations,No,academic,"Nothing seems to bring even a flicker of interest or pleasure anymore! I have checked my locked door five times already tonight! I dealt with a minor transient stressor today but managed to keep things in perspective! I tried to read my book but the words just swam around without meaning!!!","My throat feels tight and it feels like I am struggling to get enough oxygen! I forgot to eat lunch today, honestly food just tastes like cardboard lately! I went for a long run after work and felt a great release of tension! My limbs feel like they are filled with lead blocks! My throat feels tight and it feels like I am struggling to get enough oxygen! Drinking my fourth cup of coffee today just to keep my eyes open! My chest feels incredibly tight, like someone is standing on it! I went for a long run after work and felt a great release of tension!!! I am profound somatic fatigue but as soon as my head hits the pillow, my brain stays awake! Sleeping for twelve hours didn't do anything to cure this tiredness!!!","I am terrified that I said something stupid and ruined my friendship! My partner tried to talk about dinner and I completely snapped at them! I went to a small gathering but felt like everyone was silently judging me!!! We went out to a new Italian bistro in town and laughed for hours!!! I feel completely existential alienation to the world, and maybe that's for the best! I went to a small gathering but felt like everyone was silently judging me! Everyone else is out living their lives while I am stuck in this depressive paralysis! I just want to be left alone in a dark room with absolutely zero noise!!! My friends asked me to choose a restaurant and my brain completely froze from pressure!","I feel incredibly guilty for wasting another entire day doing nothing! Everything feels incredibly urgent and I am constantly anticipatory panic cycles!!! I am so incredibly overwhelmed by the sheer volume of my own thoughts!","I look at old photos of me smiling and wonder who that person was!!! Remembering old failures and worrying that history is bound to repeat itself today! I keep remembering old mistakes and cringing at my younger self! My mind suddenly recalled a minor argument from five years ago and now I can't sleep! I keep playing back embarrassing moments in my head on repeat! Remembering old failures and worrying that history is bound to repeat itself today!!! I recalled how excited I was on my first day here, which feels like a comedy now! I keep playing back embarrassing moments in my head on repeat!","I am so incredibly overwhelmed by the sheer volume of my own thoughts! Today felt balanced, calm, and relatively straightforward! I feel this constant, generalized somatic hyperarousal in the pit of my stomach! I looked at my computer screen and literally wanted to throw it out the window! I feel so restless, like I need to run away but I don't know where! There is a persistent, heavy severe anhedonic state sitting over everything today! I feel so restless, like I need to run away but I don't know where! Everything feels incredibly urgent and I am constantly anticipatory panic cycles!","My friends asked me to choose a restaurant and my brain completely froze from pressure! Cancelling plans has become my favorite hobby lately because of my exhaustion! I went to a small gathering but felt like everyone was silently judging me!",Anxiety
P149,65,Non-binary,"Astrophysicist",PhD,formal,standard,Yes,academic,"Nothing seems to bring even a flicker of interest or pleasure anymore. Today felt balanced, calm, and relatively straightforward. I feel this profound sense of persistent threat-appraisal bias even in my own locked home.","My stomach is in knots and I am constantly on edge. I haven't had a full night of uninterrupted sleep in what feels like months. My stomach is in knots and I am constantly on edge. My chest feels incredibly tight, like someone is standing on it. Woke up gasping for air, drenched in sweat from another intense nightmare.","Everyone else is out living their lives while I am stuck in this depressive paralysis. My phone kept ringing but I let it go to voicemail every time. I ended up leaving early bcs the crowded room felt suffocating.","The existential disillusionment in me is completely taking over at this point. I felt incredibly hypervigilant sensory responses all day, constantly checking behind my back. I have checked my locked door five times already tonight. I feel completely pronounced depersonalization/dissociation, like I'm watching myself from above. Everything feels incredibly urgent and I am constantly anticipatory panic cycles. There is a persistent, heavy severe anhedonic state sitting over everything today. My nervous system is stuck on high alert and I can't seem to turn it off. My mind is on an absolute loop of 'catastrophic cognitive distortions' that I cannot shut down. I felt incredibly hypervigilant sensory responses all day, constantly checking behind my back. I feel completely pronounced depersonalization/dissociation, like I'm watching myself from above.","A specific smell today instantly transported me back to that the distressing index event in my past. I keep remembering that one presentation where my voice cracked. I recalled how excited I was on my first day here, which feels like a comedy now. A specific smell today instantly transported me back to that the distressing index event in my past. I recalled a random fact about space that I learned in school instead of working. My mind suddenly recalled a minor argument from five years ago and now I can't sleep.","I am completely paralyzed by the fear of making a terrible mistake. I feel so restless, like I need to run away but idk where.","I am terrified that I said sth stupid and ruined my friendship. Everyone else is out living their lives while I am stuck in this depressive paralysis. My partner tried to talk about dinner and I completely snapped at them. I avoid going to crowded places bcs they trigger a deep panic. I rehearsed my entire conversation in my head before saying a single word. I avoid going to crowded places bcs they trigger a deep panic. I sat w/ my back to the wall at the restaurant, scanning the exit doors.",PTSD
P150,25,Male,"Historian & Archivist",PhD,abbreviated,exclamations,No,academic,"I feel so restless, like I need to run away but I don't know where!!! The silence in my apartment is deafening, yet I don't want to break it! There is this deep ache in my chest that refuses to lift!!! My attention is constantly drifting off in the middle of standard conversations!","Sleeping for twelve hours didn't do anything to cure this tiredness! I am constantly fidgeting, tapping my feet, and chewing on my pen! My hands are always busy with something, I simply cannot sit quiet! My chest feels incredibly tight, like someone is standing on it!!! My hands are always busy with something, I simply cannot sit quiet! I have zero energy left to even brush my hair or change my clothes! I forgot to eat lunch again because I was rearranging my bookshelf by color!","I went to a small gathering but felt like everyone was silently judging me! I feel completely existential alienation to the world, and maybe that's for the best! I feel bad for talking so fast that people struggle to keep up with me! Had an absolute blast hanging out with Marcus and Jenna at the local park!","My attention is constantly drifting off in the middle of standard conversations! I am so incredibly overwhelmed by the sheer volume of my own thoughts!!!","I keep remembering all these great ideas I had but never actually finished! Thought about that chore I started this morning and realized it is still half-done! Thought about that chore I started this morning and realized it is still half-done!!! Suddenly remembered that bill I was supposed to pay three weeks ago! My brain is on a constant loop of recalling every friendship I've ruined! My mind suddenly recalled a minor argument from five years ago and now I can't sleep!!! Thought about how much I've grown over the last few years and felt proud!!! My brain is on a constant loop of recalling every friendship I've ruined! My brain is on a constant loop of recalling every friendship I've ruined! Thought about that chore I started this morning and realized it is still half-done!!!","My brain is running at a hundred miles an hour but going nowhere! I feel completely pronounced depersonalization/dissociation, like I'm watching myself from above! Every minor detail feels like a massive crisis waiting to happen! Nothing seems to bring even a flicker of interest or pleasure anymore! I feel optimal affective equilibrium and at peace with where things are headed right now! I feel this intense restlessness and boredom that actually feels physically uncomfortable!!! I feel optimal affective equilibrium and at peace with where things are headed right now! I feel so frustrated with my executive attention impairments and pay attention!!!","I was able to support my coworker through a difficult issue today! I ended up leaving early because the crowded room felt suffocating! I feel bad for talking so fast that people struggle to keep up with me! I don't have the emotional capacity to listen to anyone else's problems!!! We went out but my mind drifted and I missed the entire punchline of the story! I totally forgot to reply to ten text messages that I opened this morning! Sarah invited me out for drinks but I ignored her text message! I interrupted my friend three times today because I was excited about an idea! My partner tried to talk about dinner and I completely snapped at them!!!",ADHD
P151,45,Non-binary,"Management Consultant",Master's,abbreviated,exclamations,Yes,professional,"I feel completely emotional blunting, as if all my emotions have been drained out!!! Another meeting that could have been an email, wasting my remaining energy! Another meeting that could have been an email, wasting my remaining energy! It feels like I am carrying a mountain on my back just to walk to the kitchen!!!","I am profound somatic fatigue but as soon as my head hits the pillow, my brain stays awake! My limbs feel like they are filled w/ lead blocks! My throat feels tight and it feels like I am struggling to get enough oxygen! I feel physically energetic, healthy, and in tune w/ my body's needs! I am profound somatic fatigue but as soon as my head hits the pillow, my brain stays awake! My shoulders are permanently glued to my ears from pure tension!!! I feel like a severe depersonalization state of myself, just going through the motions!!!","My partner tried to talk about dinner and I completely snapped at them! Everyone else is out living their lives while I am stuck in this depressive paralysis! I don't have the emotional capacity to listen to anyone else's problems!!! I went to a small gathering but felt like everyone was silently judging me!","I feel this constant, generalized somatic hyperarousal in the pit of my stomach! They keep asking for more deliverables but my tank has been empty for weeks! I looked at my computer screen and literally wanted to throw it out the window! I spent five hours prolonged attentional focus a random Wikipedia article about history!!! My clients are complaining and I feel completely disconnected from the outcomes! I feel optimal affective equilibrium and at peace w/ where things are headed right now! My inbox is overflowing w/ urgent requests that aren't actually urgent!!!","My mind suddenly recalled a minor argument from five years ago and now I can't sleep!!! I recalled how excited I was on my first day here, which feels like a comedy now!!! Remembering old failures and worrying that history is bound to repeat itself today! Stumbled upon an old project folder and couldn't believe how much effort I used to put in! I remember when I actually used to be passionate about this job!","I feel completely emotional blunting, as if all my emotions have been drained out! Everything feels incredibly urgent and I am constantly anticipatory panic cycles! I feel so restless, like I need to run away but idk where! Another meeting that could have been an email, wasting my remaining energy!!! My clients are complaining and I feel completely disconnected from the outcomes! My thoughts are swirling around like a hurricane and I can't catch one! It feels like I am carrying a mountain on my back just to walk to the kitchen!!! My attention is constantly drifting off in the middle of standard conversations!","I went to a small gathering but felt like everyone was silently judging me! I feel bad for talking so fast that ppl struggle to keep up w/ me! I feel completely existential alienation to the world, and maybe that's for the best!!! Cancelling plans has become my favorite hobby lately bcs of my exhaustion!!! Sarah invited me out for drinks but I ignored her text message! I feel completely existential alienation to the world, and maybe that's for the best! Sarah invited me out for drinks but I ignored her text message! I just want to be left alone in a dark room w/ absolutely zero noise!!!",Burnout
P152,36,Non-binary,"Data Scientist",Master's,narrative,exclamations,No,professional,"My thoughts are swirling around like a hurricane and I can't catch one! My brain is running at a hundred miles an hour but going nowhere!!!","Woke up feeling refreshed and ready to take on the day's tasks! My hands are always busy with something, I simply cannot sit quiet!!! Cooked a nutritious dinner with fresh vegetables and slept very soundly! I went for a long run after work and felt a great release of tension! I feel physically energetic, healthy, and in tune with my body's needs! Took a nice afternoon stretch and drank plenty of water today! Even taking a shower felt like an Olympian task that required days of planning!!! Woke up feeling refreshed and ready to take on the day's tasks! I went for a long run after work and felt a great release of tension!!!","I feel completely existential alienation to the world, and maybe that's for the best! Spent a quiet evening playing board games with my family, which was lovely! I had a really honest, supportive conversation with my mom on the phone! I am terrified that I said something stupid and ruined my friendship! I was able to support my coworker through a difficult issue today!","I dealt with a minor transient stressor today but managed to keep things in perspective! I am completely paralyzed by the fear of making a terrible mistake! I feel optimal affective equilibrium and at peace with where things are headed right now!!! Woke up at 2 PM and lay in bed staring at the wall until dark! I feel incredibly guilty for wasting another entire day doing nothing! I feel so restless, like I need to run away but I don't know where! I dealt with a minor transient stressor today but managed to keep things in perspective! My mind feels like it's severe cognitive hyperactivity competing for space at once! The silence in my apartment is deafening, yet I don't want to break it!","Remembering old times with high school friends made me text them to catch up! Thought about how much I've grown over the last few years and felt proud!!!","I looked at my computer screen and literally wanted to throw it out the window! I have checked my locked door five times already tonight! I spent the afternoon copy-pasting numbers on a spreadsheet while feeling like a zombie! I felt a positive psychological orientation while drinking my tea and watching the rain!!! Today felt balanced, calm, and relatively straightforward! I feel optimal affective equilibrium and at peace with where things are headed right now!!! Today felt balanced, calm, and relatively straightforward! Had some time to reflect on my personal goals and felt quite optimistic!","My phone kept ringing but I let it go to voicemail every time! I was able to support my coworker through a difficult issue today! Had an absolute blast hanging out with Marcus and Jenna at the local park!!! I feel so isolated, but the thought of talking to someone makes me shudder!!! My friends asked me to choose a restaurant and my brain completely froze from pressure! I feel completely existential alienation to the world, and maybe that's for the best! We went out to a new Italian bistro in town and laughed for hours!",Healthy
P153,50,Non-binary,"Biotech Lead Investigator",PhD,formal,ellipses,No,academic,"There is this deep ache in my chest that refuses to lift... I am so tired of feeling like an absolute psychological liability to everyone around me... There is a persistent, heavy severe anhedonic state sitting over everything today... The existential disillusionment in me is completely taking over at this point... My clients are complaining and I feel completely disconnected from the outcomes...","I have zero energy left to even brush my hair or change my clothes... My throat feels tight and it feels like I am struggling to get enough oxygen... I forgot to eat lunch today, honestly food just tastes like cardboard lately...","I feel completely existential alienation to the world, and maybe that's for the best... I cancelled our weekend plans because I can't pretend to be happy... Sarah invited me out for drinks but I ignored her text message... My phone kept ringing but I let it go to voicemail every time... I just want to be left alone in a dark room with absolutely zero noise... I totally forgot to reply to ten text messages that I opened this morning...","Every single email from my manager feels like a personal attack... I spent the afternoon copy-pasting numbers on a spreadsheet while feeling like a zombie...","My brain is on a constant loop of recalling every friendship I've ruined... Thinking back to last year when I had motivation and drive... I look at old photos of me smiling and wonder who that person was... I was thinking about how simple things used to be before this heaviness took over...","It feels like I am carrying a mountain on my back just to walk to the kitchen... I cried in the shower this morning for no concrete reason... I cried in the shower this morning for no concrete reason...","I rehearsed my entire conversation in my head before saying a single word... My friends asked me to choose a restaurant and my brain completely froze from pressure... I cancelled our weekend plans because I can't pretend to be happy... My partner tried to talk about dinner and I completely snapped at them... Everyone else is out living their lives while I am stuck in this depressive paralysis... I feel so isolated, but the thought of talking to someone makes me shudder... I just want to be left alone in a dark room with absolutely zero noise... My phone kept ringing but I let it go to voicemail every time...",Depression
P154,64,Male,"AI Ethics Researcher",PhD,formal,ellipses,Yes,academic,"I looked at my computer screen and literally wanted to throw it out the window... My thoughts are swirling around like a hurricane and I can't catch one... Every minor detail feels like a massive crisis waiting to happen... I spent the afternoon copy-pasting numbers on a spreadsheet while feeling like a zombie... I have been sitting at my desk for nine hours and demonstrated negligible cognitive productivity... I spent the afternoon copy-pasting numbers on a spreadsheet while feeling like a zombie... I had a rly productive morning and felt a nice sense of accomplishment... The existential disillusionment in me is completely taking over at this point... My inbox is overflowing w/ urgent requests that aren't actually urgent... Every minor detail feels like a massive crisis waiting to happen...","My throat feels tight and it feels like I am struggling to get enough oxygen... My hands are shaking so much that typing is becoming a struggle... My hands are shaking so much that typing is becoming a struggle... I feel incredibly dizzy and nauseous from this constant state of alertness... Even taking a shower felt like an Olympian task that required days of planning... My heart is pounding against my ribs for absolutely no reason...","I ended up leaving early bcs the crowded room felt suffocating... My friends asked me to choose a restaurant and my brain completely froze from pressure... Cancelling plans has become my favorite hobby lately bcs of my exhaustion... My friends asked me to choose a restaurant and my brain completely froze from pressure...","I have checked my locked door five times already tonight... My brain is running at a hundred miles an hour but going nowhere... I am completely paralyzed by the fear of making a terrible mistake... Everything feels incredibly urgent and I am constantly anticipatory panic cycles... I feel so restless, like I need to run away but idk where... My mind is on an absolute loop of 'catastrophic cognitive distortions' that I cannot shut down...","I look at old photos of me smiling and wonder who that person was... I recalled how excited I was on my first day here, which feels like a comedy now... I keep playing back embarrassing moments in my head on repeat... I recalled how excited I was on my first day here, which feels like a comedy now... I keep remembering old mistakes and cringing at my younger self...","I spent the afternoon copy-pasting numbers on a spreadsheet while feeling like a zombie... My brain is running at a hundred miles an hour but going nowhere... Woke up staring at the ceiling, experiencing acute anticipatory occupational anxiety...","My partner tried to talk about dinner and I completely snapped at them... I lost my car keys twice today and was late meeting my friends, again... My partner tried to talk about dinner and I completely snapped at them... I cancelled our weekend plans bcs I can't pretend to be happy... I rehearsed my entire conversation in my head before saying a single word...",Anxiety
P155,25,Female,"Social Media Coordinator",Bachelor's,abbreviated,minimal,Yes,professional,"I cried in the shower this morning for no concrete reason. I feel completely detached from my body, like I'm watching myself from above. I feel completely numb, as if all my emotions have been drained out. I feel this profound sense of unsafety even in my own locked home. I feel so restless, like I need to run away but idk where. A wave of intense, irrational anger washed over me out of nowhere.","I forgot to eat lunch today, honestly food just tastes like cardboard lately. I forgot to eat lunch today, honestly food just tastes like cardboard lately. I haven't had a full night of uninterrupted sleep in what feels like months.","I am terrified that I said sth stupid and ruined my friendship. I am putting up massive walls to keep ppl from getting too close to me.","Everything feels incredibly urgent and I am constantly waiting for the other shoe to drop. I tried to read my book but the words just swam around w/o meaning. A sudden loud noise in the street made my heart shoot into my throat. Everything feels incredibly urgent and I am constantly waiting for the other shoe to drop. I felt incredibly jumpy all day, constantly checking behind my back. I felt incredibly jumpy all day, constantly checking behind my back. Nothing seems to bring even a flicker of interest or pleasure anymore. It feels like I am carrying a mountain on my back just to walk to the kitchen.","I keep playing back embarrassing moments in my head on repeat. I had a sudden, vivid memory of that night that felt so real I forgot where I actually was. I keep playing back embarrassing moments in my head on repeat. I spent the afternoon trying to push down images of past experiences that kept resurfacing. I spent the afternoon trying to push down images of past experiences that kept resurfacing. Thinking back to last year when I had motivation and drive. My brain is on a constant loop of recalling every friendship I've ruined. Memories of what happened are crashing through my brain like uninvited ghosts.","It feels like I am carrying a mountain on my back just to walk to the kitchen. Woke up at 2 PM and lay in bed staring at the wall until dark. A wave of intense, irrational anger washed over me out of nowhere. A sudden loud noise in the street made my heart shoot into my throat. I am so tired of feeling like an absolute burden to everyone around me. I feel so restless, like I need to run away but idk where. There is a persistent, heavy grey fog sitting over everything today. I feel so restless, like I need to run away but idk where. I feel incredibly guilty for wasting another entire day doing nothing.","My friends asked me to choose a restaurant and my brain completely froze from pressure. Sarah invited me out for drinks but I ignored her text message. I went to a small gathering but felt like everyone was silently judging me. I avoid going to crowded places bcs they trigger a deep panic. I feel bad for talking so fast that ppl struggle to keep up w/ me. I snapped at my brother when he startled me by walking into the kitchen. Everyone else is out living their lives while I am stuck in this quicksand.",PTSD
P156,50,Female,"Astrophysicist",PhD,formal,exclamations,No,academic,"My attention is constantly drifting off in the middle of standard conversations! The silence in my apartment is deafening, yet I don't want to break it! I had a really productive morning and felt a nice sense of accomplishment! I feel so frustrated with my executive attention impairments and pay attention! Woke up staring at the ceiling, experiencing acute anticipatory occupational anxiety! It feels like I am carrying a mountain on my back just to walk to the kitchen! My brain is running at a hundred miles an hour but going nowhere! I feel so frustrated with my executive attention impairments and pay attention!","Sleeping for twelve hours didn't do anything to cure this tiredness! My hands are shaking so much that typing is becoming a struggle! I feel like a severe depersonalization state of myself, just going through the motions! My hands are always busy with something, I simply cannot sit quiet! My hands are always busy with something, I simply cannot sit quiet! I forgot to eat lunch today, honestly food just tastes like cardboard lately! I am constantly fidgeting, tapping my feet, and chewing on my pen! My heart is pounding against my ribs for absolutely no reason!","Spent a quiet evening playing board games with my family, which was lovely! I lost my car keys twice today and was late meeting my friends, again! I feel completely existential alienation to the world, and maybe that's for the best! I feel so isolated, but the thought of talking to someone makes me shudder!","Today felt balanced, calm, and relatively straightforward! I spent five hours prolonged attentional focus a random Wikipedia article about history! I spent five hours prolonged attentional focus a random Wikipedia article about history! I feel this intense restlessness and boredom that actually feels physically uncomfortable! I spent five hours prolonged attentional focus a random Wikipedia article about history! My thoughts are swirling around like a hurricane and I can't catch one! My mind is on an absolute loop of 'catastrophic cognitive distortions' that I cannot shut down!","Thought about that chore I started this morning and realized it is still half-done! I look at old photos of me smiling and wonder who that person was!","I spent five hours prolonged attentional focus a random Wikipedia article about history! I am constantly starting new tasks while my desk is covered in unfinished work! I spent five hours prolonged attentional focus a random Wikipedia article about history!!! I am constantly starting new tasks while my desk is covered in unfinished work!!!","I cancelled our weekend plans because I can't pretend to be happy! I cancelled our weekend plans because I can't pretend to be happy! I am terrified that I said something stupid and ruined my friendship!!! I ended up leaving early because the crowded room felt suffocating! We went out but my mind drifted and I missed the entire punchline of the story! I sat with my back to the wall at the restaurant, scanning the exit doors!",ADHD
P157,47,Non-binary,"Speech Pathologist",Master's,disorganized,standard,Yes,professional,"I spent three hours overanalyzing a single text message from my colleague. I looked at my computer screen and literally wanted to throw it out the window. I have been sitting at my desk for nine hours and demonstrated negligible cognitive productivity. I spent the afternoon copy-pasting numbers on a spreadsheet while feeling like a zombie.","Sleeping for twelve hours didn't do anything to cure this tiredness. I feel like a severe depersonalization state of myself, just going through the motions. I forgot to eat lunch today, honestly food just tastes like cardboard lately. I am profound somatic fatigue but as soon as my head hits the pillow, my brain stays awake. My chest feels incredibly tight, like someone is standing on it. I feel tense, rigid, and my muscles are aching from constant bracing. Even taking a shower felt like an Olympian task that required days of planning.","I cancelled our weekend plans bcs I can't pretend to be happy. My friends asked me to choose a restaurant and my brain completely froze from pressure. Sarah invited me out for drinks but I ignored her text message. I feel completely existential alienation to the world, and maybe that's for the best. My partner tried to talk about dinner and I completely snapped at them. I feel completely existential alienation to the world, and maybe that's for the best. Sarah invited me out for drinks but I ignored her text message. I ended up leaving early bcs the crowded room felt suffocating. I ended up leaving early bcs the crowded room felt suffocating. I lost my car keys twice today and was late meeting my friends, again.","Another meeting that could have been an email, wasting my remaining energy. Every single email from my manager feels like a personal attack. I cried in the shower this morning for no concrete reason. I felt incredibly hypervigilant sensory responses all day, constantly checking behind my back.","Thought about how much I've grown over the last few years and felt proud. I remember when I actually used to be passionate about this job. Stumbled upon an old project folder and couldn't believe how much effort I used to put in. I keep playing back embarrassing moments in my head on repeat. I keep remembering that one presentation where my voice cracked. I look at old photos of me smiling and wonder who that person was. Stumbled upon an old project folder and couldn't believe how much effort I used to put in. I keep remembering old mistakes and cringing at my younger self. Stumbled upon an old project folder and couldn't believe how much effort I used to put in. I recalled how excited I was on my first day here, which feels like a comedy now.","I tried to read my book but the words just swam around w/o meaning. The existential disillusionment in me is completely taking over at this point. I am so tired of feeling like an absolute psychological liability to everyone around me. I feel so restless, like I need to run away but idk where. I spent five hours prolonged attentional focus a random Wikipedia article about history. I feel completely pronounced depersonalization/dissociation, like I'm watching myself from above. I am so incredibly overwhelmed by the sheer volume of my own thoughts.","I am putting up massive walls to keep ppl from getting too close to me. Everyone else is out living their lives while I am stuck in this depressive paralysis. I feel bad for talking so fast that ppl struggle to keep up w/ me. I cancelled our weekend plans bcs I can't pretend to be happy. My phone kept ringing but I let it go to voicemail every time. My phone kept ringing but I let it go to voicemail every time. I had a rly honest, supportive conversation w/ my mom on the phone. Everyone else is out living their lives while I am stuck in this depressive paralysis. My partner tried to talk about dinner and I completely snapped at them. I went to a small gathering but felt like everyone was silently judging me.",Burnout
P158,29,Female,"Management Consultant",Master's,formal,standard,No,colloquial,"It feels like I am carrying a mountain on my back just to walk to the kitchen. My thoughts are swirling around like a hurricane and I can't catch one. I dealt with a minor transient stressor today but managed to keep things in perspective. Had some time to reflect on my personal goals and felt quite optimistic. I felt a positive psychological orientation while drinking my tea and watching the rain. My mind is on an absolute loop of 'catastrophic cognitive distortions' that I cannot shut down. My mind feels like it's severe cognitive hyperactivity competing for space at once. My attention is constantly drifting off in the middle of standard conversations. I had a really productive morning and felt a nice sense of accomplishment. Today felt balanced, calm, and relatively straightforward.","Took a nice afternoon stretch and drank plenty of water today. Cooked a nutritious dinner with fresh vegetables and slept very soundly. Woke up with a massive burst of creative energy at 3 AM and started painting. I feel physically energetic, healthy, and in tune with my body's needs. Woke up gasping for air, drenched in sweat from another intense nightmare. Cooked a nutritious dinner with fresh vegetables and slept very soundly. Woke up feeling refreshed and ready to take on the day's tasks.","Everyone else is out living their lives while I am stuck in this depressive paralysis. I feel so isolated, but the thought of talking to someone makes me shudder. I was able to support my coworker through a difficult issue today. I was able to support my coworker through a difficult issue today. Spent a quiet evening playing board games with my family, which was lovely. I went to a small gathering but felt like everyone was silently judging me. I was able to support my coworker through a difficult issue today. We went out to a new Italian bistro in town and laughed for hours.","The silence in my apartment is deafening, yet I don't want to break it. I feel optimal affective equilibrium and at peace with where things are headed right now. I felt incredibly hypervigilant sensory responses all day, constantly checking behind my back.","Remembering old failures and worrying that history is bound to repeat itself today. Thought about how much I've grown over the last few years and felt proud. Thought about how much I've grown over the last few years and felt proud. Thought about that chore I started this morning and realized it is still half-done. I recalled some helpful advice my mentor gave me a few years ago. Remembering old times with high school friends made me text them to catch up. I was remembering our summer trip and smiling at the memories. Thought about how much I've grown over the last few years and felt proud.","I dealt with a minor transient stressor today but managed to keep things in perspective. I spent five hours prolonged attentional focus a random Wikipedia article about history. Had some time to reflect on my personal goals and felt quite optimistic. I feel optimal affective equilibrium and at peace with where things are headed right now. I cried in the shower this morning for no concrete reason. I feel optimal affective equilibrium and at peace with where things are headed right now. I dealt with a minor transient stressor today but managed to keep things in perspective. I feel optimal affective equilibrium and at peace with where things are headed right now.","I feel completely existential alienation to the world, and maybe that's for the best. Spent a quiet evening playing board games with my family, which was lovely. My phone kept ringing but I let it go to voicemail every time. I had a really honest, supportive conversation with my mom on the phone.",Healthy
P159,61,Non-binary,"Data Scientist",Master's,disorganized,standard,Yes,professional,"It feels like I am carrying a mountain on my back just to walk to the kitchen. I tried to read my book but the words just swam around w/o meaning. I feel so restless, like I need to run away but idk where. I tried to read my book but the words just swam around w/o meaning. Woke up staring at the ceiling, experiencing acute anticipatory occupational anxiety. I feel this constant, generalized somatic hyperarousal in the pit of my stomach. Woke up at 2 PM and lay in bed staring at the wall until dark. My mind is on an absolute loop of 'catastrophic cognitive distortions' that I cannot shut down. It feels like I am carrying a mountain on my back just to walk to the kitchen. There is a persistent, heavy severe anhedonic state sitting over everything today.","Sleeping for twelve hours didn't do anything to cure this tiredness. My shoulders are permanently glued to my ears from pure tension. Even taking a shower felt like an Olympian task that required days of planning.","I don't have the emotional capacity to listen to anyone else's problems. I just want to be left alone in a dark room w/ absolutely zero noise. My partner tried to talk about dinner and I completely snapped at them. I just want to be left alone in a dark room w/ absolutely zero noise.","I am completely paralyzed by the fear of making a terrible mistake. Nothing seems to bring even a flicker of interest or pleasure anymore. I dealt w/ a minor transient stressor today but managed to keep things in perspective. Every minor detail feels like a massive crisis waiting to happen. I feel so restless, like I need to run away but idk where. I looked at my computer screen and literally wanted to throw it out the window. They keep asking for more deliverables but my tank has been empty for weeks. It feels like I am carrying a mountain on my back just to walk to the kitchen. I feel completely emotional blunting, as if all my emotions have been drained out. The silence in my apartment is deafening, yet I don't want to break it.","I was remembering our summer trip and smiling at the memories. Stumbled upon an old project folder and couldn't believe how much effort I used to put in. I look at old photos of me smiling and wonder who that person was. Remembering old failures and worrying that history is bound to repeat itself today.","The silence in my apartment is deafening, yet I don't want to break it. I looked at my computer screen and literally wanted to throw it out the window. I feel so frustrated w/ my executive attention impairments and pay attention. I am completely paralyzed by the fear of making a terrible mistake. I tried to read my book but the words just swam around w/o meaning. There is a persistent, heavy severe anhedonic state sitting over everything today. I cried in the shower this morning for no concrete reason.","My phone kept ringing but I let it go to voicemail every time. I ended up leaving early bcs the crowded room felt suffocating. I ended up leaving early bcs the crowded room felt suffocating. I just want to be left alone in a dark room w/ absolutely zero noise. I lost my car keys twice today and was late meeting my friends, again. I feel so isolated, but the thought of talking to someone makes me shudder.",Depression
P160,35,Male,"Financial Analyst",Bachelor's,sarcastic,exclamations,No,professional,"My thoughts are swirling around like a hurricane and I can't catch one! There is this deep ache in my chest that refuses to lift!!! I am so incredibly overwhelmed by the sheer volume of my own thoughts!!! I feel this constant, buzzing dread in the pit of my stomach! Today felt balanced, calm, and relatively straightforward! My thoughts are swirling around like a hurricane and I can't catch one!!! I am so tired of feeling like an absolute burden to everyone around me!","Another day, another masterpiece of timing! my heart is pounding against my ribs for absolutely no reason! Living the dream as usual! my throat feels tight and it feels like I am struggling to get enough oxygen!","Because why not, sarah invited me out for drinks but I ignored her text message!!! I went to a small gathering but felt like everyone was silently judging me! In a shocking turn of events, i feel so isolated, but the thought of talking to someone makes me shudder! Another day, another masterpiece of timing! i rehearsed my entire conversation in my head before saying a single word! Oh, absolutely brilliant! i feel bad for talking so fast that people struggle to keep up with me! Spoiler alert: i went to a small gathering but felt like everyone was silently judging me!","Everything feels incredibly urgent and I am constantly waiting for the other shoe to drop!!! I have checked my locked door five times already tonight! It feels like I am carrying a mountain on my back just to walk to the kitchen! It feels like I am carrying a mountain on my back just to walk to the kitchen! My brain is running at a hundred miles an hour but going nowhere! A wave of intense, irrational anger washed over me out of nowhere! Fabulous, just fabulous! a wave of intense, irrational anger washed over me out of nowhere! I feel so restless, like I need to run away but I don't know where!","I keep remembering that one presentation where my voice cracked! Remembering old failures and worrying that history is bound to repeat itself today! I look at old photos of me smiling and wonder who that person was! Remembering old failures and worrying that history is bound to repeat itself today!","Because why not, i feel incredibly guilty for wasting another entire day doing nothing! Exactly what I needed! everything feels incredibly urgent and I am constantly waiting for the other shoe to drop! I feel completely numb, as if all my emotions have been drained out! I have checked my locked door five times already tonight! I am completely paralyzed by the fear of making a terrible mistake!!! I had a really productive morning and felt a nice sense of accomplishment!","I went to a small gathering but felt like everyone was silently judging me! My phone kept ringing but I let it go to voicemail every time! I rehearsed my entire conversation in my head before saying a single word!",Anxiety
P161,50,Non-binary,"Senior Research Scientist",PhD,formal,ellipses,No,academic,"I cried in the shower this morning for no concrete reason... I feel completely pronounced depersonalization/dissociation, like I'm watching myself from above... I am so tired of feeling like an absolute psychological liability to everyone around me... I feel completely pronounced depersonalization/dissociation, like I'm watching myself from above... My nervous system is stuck on high alert and I can't seem to turn it off... I feel this profound sense of persistent threat-appraisal bias even in my own locked home... I feel incredibly guilty for wasting another entire day doing nothing... There is a persistent, heavy severe anhedonic state sitting over everything today... Woke up at 2 PM and lay in bed staring at the wall until dark... I spent three hours overanalyzing a single text message from my colleague...","I feel incredibly dizzy and nauseous from this constant state of alertness... My limbs feel like they are filled with lead blocks...","I feel like an outsider who can't connect with normal human experiences... I am putting up massive walls to keep people from getting too close to me... I am putting up massive walls to keep people from getting too close to me... I feel like an outsider who can't connect with normal human experiences... I sat with my back to the wall at the restaurant, scanning the exit doors... Everyone else is out living their lives while I am stuck in this depressive paralysis... My phone kept ringing but I let it go to voicemail every time... I am terrified that I said something stupid and ruined my friendship... I am putting up massive walls to keep people from getting too close to me...","Woke up at 2 PM and lay in bed staring at the wall until dark... There is a persistent, heavy severe anhedonic state sitting over everything today... My thoughts are swirling around like a hurricane and I can't catch one... The existential disillusionment in me is completely taking over at this point... I feel completely pronounced depersonalization/dissociation, like I'm watching myself from above... I feel incredibly guilty for wasting another entire day doing nothing... I have checked my locked door five times already tonight...","I was thinking about how simple things used to be before this heaviness took over... I look at old photos of me smiling and wonder who that person was... A specific smell today instantly transported me back to that the distressing index event in my past... I keep remembering that one presentation where my voice cracked... I keep remembering old mistakes and cringing at my younger self... I keep remembering that one presentation where my voice cracked...","I feel optimal affective equilibrium and at peace with where things are headed right now... I feel incredibly guilty for wasting another entire day doing nothing... My nervous system is stuck on high alert and I can't seem to turn it off...","I cancelled our weekend plans because I can't pretend to be happy... I am terrified that I said something stupid and ruined my friendship... Everyone else is out living their lives while I am stuck in this depressive paralysis...",PTSD
P162,38,Male,"Barista",High School,formal,standard,Yes,colloquial,"They keep asking for more deliverables but my tank has been empty for weeks. I had a rly productive morning and felt a nice sense of accomplishment. I feel so restless, like I need to run away but idk where. My attention is constantly drifting off in the middle of standard conversations. I feel so frustrated w/ my inability to just settle down and pay attention.","My hands are shaking so much that typing is becoming a struggle. I am physically exhausted but as soon as my head hits the pillow, my brain stays awake.","My partner tried to talk about dinner and I completely snapped at them. I went to a small gathering but felt like everyone was silently judging me. We went out but my mind drifted and I missed the entire punchline of the story.","My mind feels like it's racing w/ twenty different thoughts competing for space at once. Today felt balanced, calm, and relatively straightforward.","I had a sudden, vivid memory of that night that felt so real I forgot where I actually was. I keep remembering all these great ideas I had but never actually finished.","My attention is constantly drifting off in the middle of standard conversations. I am constantly starting new tasks while my desk is covered in unfinished work. I feel content and at peace w/ where things are headed right now. I am so incredibly overwhelmed by the sheer volume of my own thoughts. I tried to read my book but the words just swam around w/o meaning. A wave of intense, irrational anger washed over me out of nowhere. I spent five hours completely lost in reading a random Wikipedia article about history. I cried in the shower this morning for no concrete reason.","I totally forgot to reply to ten text messages that I opened this morning. I feel so isolated, but the thought of talking to someone makes me shudder. I ended up leaving early bcs the crowded room felt suffocating. I interrupted my friend three times today bcs I was excited about an idea. We went out but my mind drifted and I missed the entire punchline of the story.",ADHD
P163,40,Female,"Nurse Practitioner",Master's,abbreviated,ellipses,No,professional,"My attention is constantly drifting off in the middle of standard conversations... Woke up staring at the ceiling, experiencing acute anticipatory occupational anxiety...","My hands are shaking so much that typing is becoming a struggle... I feel incredibly dizzy and nauseous from this constant state of alertness... I have zero energy left to even brush my hair or change my clothes... My limbs feel like they are filled with lead blocks... My heart is pounding against my ribs for absolutely no reason... My throat feels tight and it feels like I am struggling to get enough oxygen... My heart is pounding against my ribs for absolutely no reason... My heart is pounding against my ribs for absolutely no reason... I forgot to eat lunch again because I was rearranging my bookshelf by color...","I lost my car keys twice today and was late meeting my friends, again... Cancelling plans has become my favorite hobby lately because of my exhaustion... My partner tried to talk about dinner and I completely snapped at them... Had an absolute blast hanging out with Marcus and Jenna at the local park... I rehearsed my entire conversation in my head before saying a single word... I rehearsed my entire conversation in my head before saying a single word... Sarah invited me out for drinks but I ignored her text message... Everyone else is out living their lives while I am stuck in this depressive paralysis...","I spent three hours overanalyzing a single text message from my colleague... My inbox is overflowing with urgent requests that aren't actually urgent... Every single email from my manager feels like a personal attack... There is this deep ache in my chest that refuses to lift... Another meeting that could have been an email, wasting my remaining energy... I feel so restless, like I need to run away but I don't know where... I cried in the shower this morning for no concrete reason... Woke up at 2 PM and lay in bed staring at the wall until dark...","Stumbled upon an old project folder and couldn't believe how much effort I used to put in... Suddenly remembered that bill I was supposed to pay three weeks ago... I look at old photos of me smiling and wonder who that person was... Suddenly remembered that bill I was supposed to pay three weeks ago... I look at old photos of me smiling and wonder who that person was... Thought about how much I've grown over the last few years and felt proud...","I looked at my computer screen and literally wanted to throw it out the window... My clients are complaining and I feel completely disconnected from the outcomes...","Everyone else is out living their lives while I am stuck in this depressive paralysis... I lost my car keys twice today and was late meeting my friends, again... My friends asked me to choose a restaurant and my brain completely froze from pressure... I just want to be left alone in a dark room with absolutely zero noise... I ended up leaving early because the crowded room felt suffocating... I just want to be left alone in a dark room with absolutely zero noise...",Burnout
P164,35,Female,"Clinical Neuropsychologist",PhD,formal,ellipses,No,academic,"Today felt balanced, calm, and relatively straightforward... I had a really productive morning and felt a nice sense of accomplishment... My mind feels like it's severe cognitive hyperactivity competing for space at once... I feel optimal affective equilibrium and at peace with where things are headed right now... Today felt balanced, calm, and relatively straightforward...","Woke up feeling refreshed and ready to take on the day's tasks... I went for a long run after work and felt a great release of tension... Woke up feeling refreshed and ready to take on the day's tasks... I feel physically energetic, healthy, and in tune with my body's needs...","Had an absolute blast hanging out with Marcus and Jenna at the local park... Had an absolute blast hanging out with Marcus and Jenna at the local park... I had a really honest, supportive conversation with my mom on the phone... I had a really honest, supportive conversation with my mom on the phone... I had a really honest, supportive conversation with my mom on the phone... My friends asked me to choose a restaurant and my brain completely froze from pressure... I had a really honest, supportive conversation with my mom on the phone...","I dealt with a minor transient stressor today but managed to keep things in perspective... Today felt balanced, calm, and relatively straightforward... I felt a positive psychological orientation while drinking my tea and watching the rain...","I was remembering our summer trip and smiling at the memories... I was remembering our summer trip and smiling at the memories... I look at old photos of me smiling and wonder who that person was... Remembering old times with high school friends made me text them to catch up... I recalled some helpful advice my mentor gave me a few years ago... Remembering old failures and worrying that history is bound to repeat itself today... I keep remembering that one presentation where my voice cracked...","I simply do not care about these performance milestones anymore... I feel so frustrated with my executive attention impairments and pay attention... Had some time to reflect on my personal goals and felt quite optimistic...","I was able to support my coworker through a difficult issue today... I had a really honest, supportive conversation with my mom on the phone... I had a really honest, supportive conversation with my mom on the phone... I cancelled our weekend plans because I can't pretend to be happy... We went out to a new Italian bistro in town and laughed for hours... I was able to support my coworker through a difficult issue today... I had a really honest, supportive conversation with my mom on the phone... I just want to be left alone in a dark room with absolutely zero noise... Spent a quiet evening playing board games with my family, which was lovely...",Healthy
P165,22,Female,"Investment Banker",Master's,abbreviated,ellipses,Yes,colloquial,"The silence in my apartment is deafening, yet I don't want to break it... I am so tired of feeling like an absolute psychological liability to everyone around me... I feel incredibly guilty for wasting another entire day doing nothing... I am so tired of feeling like an absolute psychological liability to everyone around me... I feel incredibly guilty for wasting another entire day doing nothing... I have been sitting at my desk for nine hours and demonstrated negligible cognitive productivity...","Cooked a nutritious dinner w/ fresh vegetables and slept very soundly... Drinking my fourth cup of coffee today just to keep my eyes open... Drinking my fourth cup of coffee today just to keep my eyes open... I haven't had a full night of uninterrupted sleep in what feels like months... I forgot to eat lunch today, honestly food just tastes like cardboard lately...","I snapped at my brother when he startled me by walking into the kitchen... I just want to be left alone in a dark room w/ absolutely zero noise... I cancelled our weekend plans bcs I can't pretend to be happy... I feel completely existential alienation to the world, and maybe that's for the best...","My attention is constantly drifting off in the middle of standard conversations... My thoughts are swirling around like a hurricane and I can't catch one... I spent three hours overanalyzing a single text message from my colleague... I tried to read my book but the words just swam around w/o meaning...","I keep remembering old mistakes and cringing at my younger self... I spent the afternoon trying to push down images of past experiences that kept resurfacing... Remembering old failures and worrying that history is bound to repeat itself today...","My attention is constantly drifting off in the middle of standard conversations... My mind is on an absolute loop of 'catastrophic cognitive distortions' that I cannot shut down... There is this deep ache in my chest that refuses to lift... My mind feels like it's severe cognitive hyperactivity competing for space at once... The silence in my apartment is deafening, yet I don't want to break it... My brain is running at a hundred miles an hour but going nowhere...","We went out but my mind drifted and I missed the entire punchline of the story... I feel so isolated, but the thought of talking to someone makes me shudder... I am terrified that I said sth stupid and ruined my friendship... I feel so isolated, but the thought of talking to someone makes me shudder... I cancelled our weekend plans bcs I can't pretend to be happy... Sarah invited me out for drinks but I ignored her text message... I rehearsed my entire conversation in my head before saying a single word... Cancelling plans has become my favorite hobby lately bcs of my exhaustion...",Depression
P166,28,Male,"Quantitative Analyst",PhD,formal,exclamations,Yes,academic,"I feel this constant, generalized somatic hyperarousal in the pit of my stomach! I have checked my locked door five times already tonight! I feel this intense restlessness and boredom that actually feels physically uncomfortable! The silence in my apartment is deafening, yet I don't want to break it!","Even taking a shower felt like an Olympian task that required days of planning!!! I feel incredibly dizzy and nauseous from this constant state of alertness! My heart is pounding against my ribs for absolutely no reason!","Cancelling plans has become my favorite hobby lately bcs of my exhaustion! I feel completely existential alienation to the world, and maybe that's for the best! I had a rly honest, supportive conversation w/ my mom on the phone!","I cried in the shower this morning for no concrete reason! There is this deep ache in my chest that refuses to lift!!!","I remember when I actually used to be passionate about this job! I remember when I actually used to be passionate about this job! Stumbled upon an old project folder and couldn't believe how much effort I used to put in! I recalled how excited I was on my first day here, which feels like a comedy now!!! I keep remembering old mistakes and cringing at my younger self!","They keep asking for more deliverables but my tank has been empty for weeks! I feel so restless, like I need to run away but idk where! I looked at my computer screen and literally wanted to throw it out the window! I feel this constant, generalized somatic hyperarousal in the pit of my stomach! I am completely paralyzed by the fear of making a terrible mistake!!! Every minor detail feels like a massive crisis waiting to happen! My brain is running at a hundred miles an hour but going nowhere! I am so incredibly overwhelmed by the sheer volume of my own thoughts!!! My mind is on an absolute loop of 'catastrophic cognitive distortions' that I cannot shut down!!! Had some time to reflect on my personal goals and felt quite optimistic!!!","My phone kept ringing but I let it go to voicemail every time!!! My partner tried to talk about dinner and I completely snapped at them! I just want to be left alone in a dark room w/ absolutely zero noise! Everyone else is out living their lives while I am stuck in this depressive paralysis! My friends asked me to choose a restaurant and my brain completely froze from pressure! I rehearsed my entire conversation in my head before saying a single word!!! My friends asked me to choose a restaurant and my brain completely froze from pressure!",Anxiety
P167,41,Non-binary,"Nurse Practitioner",Master's,narrative,ellipses,No,colloquial,"I tried to read my book but the words just swam around without meaning... I feel this profound sense of persistent threat-appraisal bias even in my own locked home... I feel this profound sense of persistent threat-appraisal bias even in my own locked home... Every minor detail feels like a massive crisis waiting to happen... I feel completely pronounced depersonalization/dissociation, like I'm watching myself from above... I feel completely pronounced depersonalization/dissociation, like I'm watching myself from above... A wave of intense, irrational anger washed over me out of nowhere...","I haven't had a full night of uninterrupted sleep in what feels like months... Woke up with a massive burst of creative energy at 3 AM and started painting... My stomach is in knots and I am constantly on edge... I haven't had a full night of uninterrupted sleep in what feels like months... My chest feels incredibly tight, like someone is standing on it... I feel tense, rigid, and my muscles are aching from constant bracing... I have zero energy left to even brush my hair or change my clothes... I forgot to eat lunch today, honestly food just tastes like cardboard lately... I am constantly fidgeting, tapping my feet, and chewing on my pen...","I went to a small gathering but felt like everyone was silently judging me... My phone kept ringing but I let it go to voicemail every time... I sat with my back to the wall at the restaurant, scanning the exit doors... I ended up leaving early because the crowded room felt suffocating... I ended up leaving early because the crowded room felt suffocating... I snapped at my brother when he startled me by walking into the kitchen...","I have checked my locked door five times already tonight... I felt incredibly hypervigilant sensory responses all day, constantly checking behind my back... Nothing seems to bring even a flicker of interest or pleasure anymore... I feel incredibly guilty for wasting another entire day doing nothing... Nothing seems to bring even a flicker of interest or pleasure anymore... I feel incredibly guilty for wasting another entire day doing nothing... It feels like I am carrying a mountain on my back just to walk to the kitchen... There is this deep ache in my chest that refuses to lift... The silence in my apartment is deafening, yet I don't want to break it...","I keep remembering that one presentation where my voice cracked... I spent the afternoon trying to push down images of past experiences that kept resurfacing... A specific smell today instantly transported me back to that the distressing index event in my past... Memories of what happened are crashing through my brain like uninvited ghosts... Memories of what happened are crashing through my brain like uninvited ghosts... I spent the afternoon trying to push down images of past experiences that kept resurfacing... I keep remembering old mistakes and cringing at my younger self... Thought about that chore I started this morning and realized it is still half-done...","My thoughts are swirling around like a hurricane and I can't catch one... My attention is constantly drifting off in the middle of standard conversations... A wave of intense, irrational anger washed over me out of nowhere... A sudden loud noise in the street made my heart shoot into my throat... I have been sitting at my desk for nine hours and demonstrated negligible cognitive productivity... The silence in my apartment is deafening, yet I don't want to break it...","I just want to be left alone in a dark room with absolutely zero noise... My friends asked me to choose a restaurant and my brain completely froze from pressure... Everyone else is out living their lives while I am stuck in this depressive paralysis... My friends asked me to choose a restaurant and my brain completely froze from pressure... I am terrified that I said something stupid and ruined my friendship... I am putting up massive walls to keep people from getting too close to me...",PTSD
P168,61,Non-binary,"Investment Banker",Master's,abbreviated,standard,Yes,professional,"My mind feels like it's severe cognitive hyperactivity competing for space at once. My mind feels like it's severe cognitive hyperactivity competing for space at once. I spent the afternoon copy-pasting numbers on a spreadsheet while feeling like a zombie. Every minor detail feels like a massive crisis waiting to happen. Today felt balanced, calm, and relatively straightforward. My thoughts are swirling around like a hurricane and I can't catch one. My attention is constantly drifting off in the middle of standard conversations.","My hands are always busy w/ sth, I simply cannot sit quiet. I went for a long run after work and felt a great release of tension. I have been pacing around my room for an hour trying to remember what I was doing. I am constantly fidgeting, tapping my feet, and chewing on my pen. My chest feels incredibly tight, like someone is standing on it. My chest feels incredibly tight, like someone is standing on it.","We went out but my mind drifted and I missed the entire punchline of the story. Sarah invited me out for drinks but I ignored her text message. My friends asked me to choose a restaurant and my brain completely froze from pressure. I totally forgot to reply to ten text messages that I opened this morning. I feel bad for talking so fast that ppl struggle to keep up w/ me. I ended up leaving early bcs the crowded room felt suffocating. I had a rly honest, supportive conversation w/ my mom on the phone.","I feel this constant, generalized somatic hyperarousal in the pit of my stomach. I have checked my locked door five times already tonight. There is this deep ache in my chest that refuses to lift. I spent five hours prolonged attentional focus a random Wikipedia article about history. I have checked my locked door five times already tonight. I tried to read my book but the words just swam around w/o meaning.","I keep remembering all these great ideas I had but never actually finished. Remembering old failures and worrying that history is bound to repeat itself today. I keep playing back embarrassing moments in my head on repeat. My mind suddenly recalled a minor argument from five years ago and now I can't sleep. Remembering old failures and worrying that history is bound to repeat itself today.","The silence in my apartment is deafening, yet I don't want to break it. I spent three hours overanalyzing a single text message from my colleague. I cried in the shower this morning for no concrete reason. I am so incredibly overwhelmed by the sheer volume of my own thoughts. My attention is constantly drifting off in the middle of standard conversations. I dealt w/ a minor transient stressor today but managed to keep things in perspective.","I feel bad for talking so fast that ppl struggle to keep up w/ me. My friends asked me to choose a restaurant and my brain completely froze from pressure. I feel bad for talking so fast that ppl struggle to keep up w/ me. I lost my car keys twice today and was late meeting my friends, again. We went out but my mind drifted and I missed the entire punchline of the story. I feel so isolated, but the thought of talking to someone makes me shudder.",ADHD
P169,50,Male,"Financial Analyst",Bachelor's,formal,minimal,No,professional,"Another meeting that could have been an email, wasting my remaining energy. It feels like I am carrying a mountain on my back just to walk to the kitchen. The silence in my apartment is deafening, yet I don't want to break it. I am completely paralyzed by the fear of making a terrible mistake.","I have been pacing around my room for an hour trying to remember what I was doing. I feel like a hollow shell of myself, just going through the motions. Drinking my fourth cup of coffee today just to keep my eyes open. I forgot to eat lunch today, honestly food just tastes like cardboard lately. Drinking my fourth cup of coffee today just to keep my eyes open. Cooked a nutritious dinner with fresh vegetables and slept very soundly. My shoulders are permanently glued to my ears from pure tension.","My partner tried to talk about dinner and I completely snapped at them. Everyone else is out living their lives while I am stuck in this quicksand. Cancelling plans has become my favorite hobby lately because of my exhaustion. I ended up leaving early because the crowded room felt suffocating.","I feel incredibly guilty for wasting another entire day doing nothing. The silence in my apartment is deafening, yet I don't want to break it. I spent the afternoon copy-pasting numbers on a spreadsheet while feeling like a zombie.","Thinking back to last year when I had motivation and drive. I recalled how excited I was on my first day here, which feels like a comedy now. I was remembering our summer trip and smiling at the memories. I recalled how excited I was on my first day here, which feels like a comedy now. I was remembering our summer trip and smiling at the memories.","The silence in my apartment is deafening, yet I don't want to break it. I am so incredibly overwhelmed by the sheer volume of my own thoughts.","I ended up leaving early because the crowded room felt suffocating. I just want to be left alone in a dark room with absolutely zero noise.",Burnout
P170,57,Male,"Senior UX Researcher",Master's,formal,exclamations,No,professional,"Had some time to reflect on my personal goals and felt quite optimistic! I had a really productive morning and felt a nice sense of accomplishment! I feel optimal affective equilibrium and at peace with where things are headed right now! I had a really productive morning and felt a nice sense of accomplishment! I dealt with a minor transient stressor today but managed to keep things in perspective! The existential disillusionment in me is completely taking over at this point!!! I feel optimal affective equilibrium and at peace with where things are headed right now! Another meeting that could have been an email, wasting my remaining energy! I feel completely emotional blunting, as if all my emotions have been drained out!","I feel tense, rigid, and my muscles are aching from constant bracing!!! I went for a long run after work and felt a great release of tension!","I was able to support my coworker through a difficult issue today! I ended up leaving early because the crowded room felt suffocating! Everyone else is out living their lives while I am stuck in this depressive paralysis! Spent a quiet evening playing board games with my family, which was lovely! We went out to a new Italian bistro in town and laughed for hours! I had a really honest, supportive conversation with my mom on the phone! We went out to a new Italian bistro in town and laughed for hours!!! I feel so isolated, but the thought of talking to someone makes me shudder!!! I feel so isolated, but the thought of talking to someone makes me shudder! I had a really honest, supportive conversation with my mom on the phone!","I dealt with a minor transient stressor today but managed to keep things in perspective! I felt a positive psychological orientation while drinking my tea and watching the rain! I felt a positive psychological orientation while drinking my tea and watching the rain!","I recalled a random fact about space that I learned in school instead of working! I had a sudden, intrusive cognitive recall of that night that felt so real I forgot where I actually was! Thought about that chore I started this morning and realized it is still half-done! I look at old photos of me smiling and wonder who that person was! I recalled some helpful advice my mentor gave me a few years ago!!! I was remembering our summer trip and smiling at the memories! Thinking back to last year when I had motivation and drive! Remembering old times with high school friends made me text them to catch up! Thought about how much I've grown over the last few years and felt proud! I was remembering our summer trip and smiling at the memories!","There is this deep ache in my chest that refuses to lift! I felt a positive psychological orientation while drinking my tea and watching the rain!!! My attention is constantly drifting off in the middle of standard conversations! Every single email from my manager feels like a personal attack! Had some time to reflect on my personal goals and felt quite optimistic! I feel optimal affective equilibrium and at peace with where things are headed right now! I dealt with a minor transient stressor today but managed to keep things in perspective! I had a really productive morning and felt a nice sense of accomplishment! I dealt with a minor transient stressor today but managed to keep things in perspective! I had a really productive morning and felt a nice sense of accomplishment!!!","Spent a quiet evening playing board games with my family, which was lovely! I feel so isolated, but the thought of talking to someone makes me shudder! My phone kept ringing but I let it go to voicemail every time! My partner tried to talk about dinner and I completely snapped at them!",Healthy
P171,31,Non-binary,"Social Media Coordinator",Bachelor's,formal,minimal,Yes,professional,"There is this deep ache in my chest that refuses to lift. The cynic in me is completely taking over at this point. My brain is running at a hundred miles an hour but going nowhere. I feel incredibly guilty for wasting another entire day doing nothing. Woke up at 2 PM and lay in bed staring at the wall until dark. Nothing seems to bring even a flicker of interest or pleasure anymore. A sudden loud noise in the street made my heart shoot into my throat. I spent the afternoon copy-pasting numbers on a spreadsheet while feeling like a zombie. Nothing seems to bring even a flicker of interest or pleasure anymore.","I feel tense, rigid, and my muscles are aching from constant bracing. My body feels heavy, sluggish, and constantly on the verge of collapsing. I am physically exhausted but as soon as my head hits the pillow, my brain stays awake. My heart is pounding against my ribs for absolutely no reason. Even taking a shower felt like an Olympian task that required days of planning. Drinking my fourth cup of coffee today just to keep my eyes open. Sleeping for twelve hours didn't do anything to cure this tiredness. My body feels heavy, sluggish, and constantly on the verge of collapsing. Drinking my fourth cup of coffee today just to keep my eyes open. Woke up gasping for air, drenched in sweat from another intense nightmare.","I was able to support my coworker through a difficult issue today. I cancelled our weekend plans bcs I can't pretend to be happy. I feel completely invisible to the world, and maybe that's for the best. I interrupted my friend three times today bcs I was excited about an idea. My phone kept ringing but I let it go to voicemail every time. I feel completely invisible to the world, and maybe that's for the best. I just want to be left alone in a dark room w/ absolutely zero noise. We went out to a new Italian bistro in town and laughed for hours. I feel completely invisible to the world, and maybe that's for the best.","It feels like I am carrying a mountain on my back just to walk to the kitchen. I cried in the shower this morning for no concrete reason. Woke up at 2 PM and lay in bed staring at the wall until dark. Every minor detail feels like a massive crisis waiting to happen. I spent five hours completely lost in reading a random Wikipedia article about history. The silence in my apartment is deafening, yet I don't want to break it. Woke up at 2 PM and lay in bed staring at the wall until dark.","I keep playing back embarrassing moments in my head on repeat. I look at old photos of me smiling and wonder who that person was. I was thinking about how simple things used to be before this heaviness took over. I recalled some helpful advice my mentor gave me a few years ago. I recalled how excited I was on my first day here, which feels like a comedy now.","I feel this intense restlessness and boredom that actually feels physically uncomfortable. I felt incredibly jumpy all day, constantly checking behind my back. My thoughts are swirling around like a hurricane and I can't catch one. Woke up staring at the ceiling, dreading the morning standup. I had a rly productive morning and felt a nice sense of accomplishment. I spent five hours completely lost in reading a random Wikipedia article about history. Today felt balanced, calm, and relatively straightforward. My nervous system is stuck on high alert and I can't seem to turn it off.","Everyone else is out living their lives while I am stuck in this quicksand. Everyone else is out living their lives while I am stuck in this quicksand. I feel completely invisible to the world, and maybe that's for the best. I feel so isolated, but the thought of talking to someone makes me shudder. My friends asked me to choose a restaurant and my brain completely froze from pressure.",Depression
P172,59,Non-binary,"Customer Service Agent",High School,narrative,ellipses,No,simple,"I have checked my locked door five times already tonight... I tried to read my book but the words just swam around without meaning... There is this deep ache in my chest that refuses to lift... I feel so frustrated with my inability to just settle down and pay attention... Every minor detail feels like a massive crisis waiting to happen...","Sleeping for twelve hours didn't do anything to cure this tiredness... Sleeping for twelve hours didn't do anything to cure this tiredness... I am constantly fidgeting, tapping my feet, and chewing on my pen...","My friends asked me to choose a restaurant and my brain completely froze from pressure... I went to a small gathering but felt like everyone was silently judging me... I am terrified that I said something stupid and ruined my friendship... I feel so isolated, but the thought of talking to someone makes me shudder... My friends asked me to choose a restaurant and my brain completely froze from pressure... I am terrified that I said something stupid and ruined my friendship...","The cynic in me is completely taking over at this point... I spent the afternoon copy-pasting numbers on a spreadsheet while feeling like a zombie... My attention is constantly drifting off in the middle of standard conversations... I feel this constant, buzzing dread in the pit of my stomach... There is this deep ache in my chest that refuses to lift... I am completely paralyzed by the fear of making a terrible mistake...","I keep playing back embarrassing moments in my head on repeat... Remembering old failures and worrying that history is bound to repeat itself today... I keep remembering that one presentation where my voice cracked... My mind suddenly recalled a minor argument from five years ago and now I can't sleep... My mind suddenly recalled a minor argument from five years ago and now I can't sleep... I recalled some helpful advice my mentor gave me a few years ago...","My thoughts are swirling around like a hurricane and I can't catch one... I feel this constant, buzzing dread in the pit of my stomach... I have checked my locked door five times already tonight... I feel so restless, like I need to run away but I don't know where... I simply do not care about these performance milestones anymore... Woke up staring at the ceiling, dreading the morning standup... I felt a wave of gratitude while drinking my tea and watching the rain...","I rehearsed my entire conversation in my head before saying a single word... I feel so isolated, but the thought of talking to someone makes me shudder... I feel completely invisible to the world, and maybe that's for the best... I went to a small gathering but felt like everyone was silently judging me...",Anxiety
P173,35,Non-binary,"Urban Planner",Master's,sarcastic,exclamations,No,colloquial,"I feel this constant, generalized somatic hyperarousal in the pit of my stomach! There is this deep ache in my chest that refuses to lift!!! I spent the afternoon copy-pasting numbers on a spreadsheet while feeling like a zombie! I feel so restless, like I need to run away but I don't know where! Living the dream as usual! i have been sitting at my desk for nine hours and demonstrated negligible cognitive productivity! I spent the afternoon copy-pasting numbers on a spreadsheet while feeling like a zombie! I feel this profound sense of persistent threat-appraisal bias even in my own locked home! Every minor detail feels like a massive crisis waiting to happen! I feel this profound sense of persistent threat-appraisal bias even in my own locked home!","In a shocking turn of events, woke up feeling refreshed and ready to take on the day's tasks! My heart is pounding against my ribs for absolutely no reason!!! My hands are always busy with something, I simply cannot sit quiet! I haven't had a full night of uninterrupted sleep in what feels like months! I have zero energy left to even brush my hair or change my clothes! Even taking a shower felt like an Olympian task that required days of planning! I feel like a severe depersonalization state of myself, just going through the motions! Woke up gasping for air, drenched in sweat from another intense nightmare!!!","Living the dream as usual! i feel like an outsider who can't connect with normal human experiences! I feel completely existential alienation to the world, and maybe that's for the best!!! In a shocking turn of events, i ended up leaving early because the crowded room felt suffocating!!! My phone kept ringing but I let it go to voicemail every time! I snapped at my brother when he startled me by walking into the kitchen!!! Fabulous, just fabulous! had an absolute blast hanging out with Marcus and Jenna at the local park! I feel like an outsider who can't connect with normal human experiences! I am putting up massive walls to keep people from getting too close to me!","I feel this intense restlessness and boredom that actually feels physically uncomfortable! I cried in the shower this morning for no concrete reason! It feels like I am carrying a mountain on my back just to walk to the kitchen! Oh, absolutely brilliant! i feel this constant, generalized somatic hyperarousal in the pit of my stomach! In a shocking turn of events, my nervous system is stuck on high alert and I can't seem to turn it off!!!","I was thinking about how simple things used to be before this heaviness took over! Exactly what I needed! memories of what happened are crashing through my brain like uninvited ghosts! I spent the afternoon trying to push down images of past experiences that kept resurfacing! My mind suddenly recalled a minor argument from five years ago and now I can't sleep! Living the dream as usual! remembering old failures and worrying that history is bound to repeat itself today! Stumbled upon an old project folder and couldn't believe how much effort I used to put in!!! I spent the afternoon trying to push down images of past experiences that kept resurfacing!!! Living the dream as usual! my brain is on a constant loop of recalling every friendship I've ruined! I remember when I actually used to be passionate about this job!!!","I feel so restless, like I need to run away but I don't know where!!! I felt incredibly hypervigilant sensory responses all day, constantly checking behind my back!!! Exactly what I needed! i tried to read my book but the words just swam around without meaning!!! Living the dream as usual! a wave of intense, irrational anger washed over me out of nowhere!!! Spoiler alert: i am so incredibly overwhelmed by the sheer volume of my own thoughts! I have checked my locked door five times already tonight! My thoughts are swirling around like a hurricane and I can't catch one! My thoughts are swirling around like a hurricane and I can't catch one!!!","Cancelling plans has become my favorite hobby lately because of my exhaustion! I avoid going to crowded places because they trigger a deep panic! I am putting up massive walls to keep people from getting too close to me! My friends asked me to choose a restaurant and my brain completely froze from pressure! Oh, absolutely brilliant! i snapped at my brother when he startled me by walking into the kitchen!",PTSD
P174,61,Male,"School Principal",Master's,narrative,standard,No,colloquial,"Woke up staring at the ceiling, experiencing acute anticipatory occupational anxiety. I feel this profound sense of persistent threat-appraisal bias even in my own locked home.","I am profound somatic fatigue but as soon as my head hits the pillow, my brain stays awake. Woke up with a massive burst of creative energy at 3 AM and started painting. I forgot to eat lunch again because I was rearranging my bookshelf by color. I forgot to eat lunch again because I was rearranging my bookshelf by color. Woke up with a massive burst of creative energy at 3 AM and started painting. My hands are always busy with something, I simply cannot sit quiet.","I interrupted my friend three times today because I was excited about an idea. I feel like an outsider who can't connect with normal human experiences. I had a really honest, supportive conversation with my mom on the phone. Had an absolute blast hanging out with Marcus and Jenna at the local park. I interrupted my friend three times today because I was excited about an idea. I just want to be left alone in a dark room with absolutely zero noise. I am terrified that I said something stupid and ruined my friendship. I feel completely existential alienation to the world, and maybe that's for the best. I feel bad for talking so fast that people struggle to keep up with me. We went out but my mind drifted and I missed the entire punchline of the story.","I feel this intense restlessness and boredom that actually feels physically uncomfortable. My mind feels like it's severe cognitive hyperactivity competing for space at once. I spent five hours prolonged attentional focus a random Wikipedia article about history. They keep asking for more deliverables but my tank has been empty for weeks. I have been sitting at my desk for nine hours and demonstrated negligible cognitive productivity. I spent five hours prolonged attentional focus a random Wikipedia article about history. There is this deep ache in my chest that refuses to lift. My mind feels like it's severe cognitive hyperactivity competing for space at once.","I was thinking about how simple things used to be before this heaviness took over. I keep remembering all these great ideas I had but never actually finished. Suddenly remembered that bill I was supposed to pay three weeks ago. Remembering old failures and worrying that history is bound to repeat itself today.","My mind feels like it's severe cognitive hyperactivity competing for space at once. My attention is constantly drifting off in the middle of standard conversations. I tried to read my book but the words just swam around without meaning. I feel so frustrated with my executive attention impairments and pay attention.","I avoid going to crowded places because they trigger a deep panic. I feel so isolated, but the thought of talking to someone makes me shudder. I interrupted my friend three times today because I was excited about an idea. I had a really honest, supportive conversation with my mom on the phone. My phone kept ringing but I let it go to voicemail every time.",ADHD
P175,62,Male,"Historian & Archivist",PhD,formal,exclamations,No,academic,"I looked at my computer screen and literally wanted to throw it out the window! I have been sitting at my desk for nine hours and demonstrated negligible cognitive productivity!","My shoulders are permanently glued to my ears from pure tension! Woke up feeling refreshed and ready to take on the day's tasks! I have zero energy left to even brush my hair or change my clothes! My heart is pounding against my ribs for absolutely no reason!!! My body feels heavy, sluggish, and constantly on the verge of collapsing! I have zero energy left to even brush my hair or change my clothes! I feel physically energetic, healthy, and in tune with my body's needs! Sleeping for twelve hours didn't do anything to cure this tiredness! Drinking my fourth cup of coffee today just to keep my eyes open! I feel incredibly dizzy and nauseous from this constant state of alertness!!!","Sarah invited me out for drinks but I ignored her text message! Everyone else is out living their lives while I am stuck in this depressive paralysis! I feel completely existential alienation to the world, and maybe that's for the best! I don't have the emotional capacity to listen to anyone else's problems! I rehearsed my entire conversation in my head before saying a single word! Everyone else is out living their lives while I am stuck in this depressive paralysis!!! I went to a small gathering but felt like everyone was silently judging me! Cancelling plans has become my favorite hobby lately because of my exhaustion! I cancelled our weekend plans because I can't pretend to be happy!","The existential disillusionment in me is completely taking over at this point! I tried to read my book but the words just swam around without meaning! My inbox is overflowing with urgent requests that aren't actually urgent! I feel incredibly guilty for wasting another entire day doing nothing! My inbox is overflowing with urgent requests that aren't actually urgent!!! I spent five hours prolonged attentional focus a random Wikipedia article about history! I looked at my computer screen and literally wanted to throw it out the window! Another meeting that could have been an email, wasting my remaining energy! I looked at my computer screen and literally wanted to throw it out the window! I have been sitting at my desk for nine hours and demonstrated negligible cognitive productivity!","Thinking back to last year when I had motivation and drive! Thinking back to last year when I had motivation and drive! A specific smell today instantly transported me back to that the distressing index event in my past! I recalled how excited I was on my first day here, which feels like a comedy now! I keep remembering old mistakes and cringing at my younger self! I was thinking about how simple things used to be before this heaviness took over! Stumbled upon an old project folder and couldn't believe how much effort I used to put in! I recalled how excited I was on my first day here, which feels like a comedy now!!!","I spent five hours prolonged attentional focus a random Wikipedia article about history!!! I looked at my computer screen and literally wanted to throw it out the window!!! I have been sitting at my desk for nine hours and demonstrated negligible cognitive productivity! I have been sitting at my desk for nine hours and demonstrated negligible cognitive productivity! I spent three hours overanalyzing a single text message from my colleague!!! They keep asking for more deliverables but my tank has been empty for weeks!","I don't have the emotional capacity to listen to anyone else's problems! I rehearsed my entire conversation in my head before saying a single word! Cancelling plans has become my favorite hobby lately because of my exhaustion! My phone kept ringing but I let it go to voicemail every time! Sarah invited me out for drinks but I ignored her text message!!! My partner tried to talk about dinner and I completely snapped at them! I just want to be left alone in a dark room with absolutely zero noise! I feel completely existential alienation to the world, and maybe that's for the best!",Burnout
P176,43,Non-binary,"Administrative Assistant",High School,highly-emotional,standard,No,simple,"I felt a wave of gratitude while drinking my tea and watching the rain. Today felt balanced, calm, and relatively straightforward. I feel content and at peace with where things are headed right now. I spent five hours completely lost in reading a random Wikipedia article about history. Every minor detail feels like a massive crisis waiting to happen. I feel content and at peace with where things are headed right now. My attention is constantly drifting off in the middle of standard conversations. My thoughts are swirling around like a hurricane and I can't catch one.","I forgot to eat lunch again because I was rearranging my bookshelf by color. I went for a long run after work and felt a great release of tension. Cooked a nutritious dinner with fresh vegetables and slept very soundly. I went for a long run after work and felt a great release of tension. I am physically exhausted but as soon as my head hits the pillow, my brain stays awake. I went for a long run after work and felt a great release of tension.","Had an absolute blast hanging out with Marcus and Jenna at the local park. Spent a quiet evening playing board games with my family, which was lovely. I was able to support my coworker through a difficult issue today. I had a really honest, supportive conversation with my mom on the phone. I am terrified that I said something stupid and ruined my friendship. I feel bad for talking so fast that people struggle to keep up with me. Spent a quiet evening playing board games with my family, which was lovely. We went out to a new Italian bistro in town and laughed for hours. I had a really honest, supportive conversation with my mom on the phone. Spent a quiet evening playing board games with my family, which was lovely.","I dealt with a minor setback today but managed to keep things in perspective. Today felt balanced, calm, and relatively straightforward. Today felt balanced, calm, and relatively straightforward. Today felt balanced, calm, and relatively straightforward. I feel content and at peace with where things are headed right now. Had some time to reflect on my personal goals and felt quite optimistic. The silence in my apartment is deafening, yet I don't want to break it.","Remembering old failures and worrying that history is bound to repeat itself today. I keep remembering all these great ideas I had but never actually finished. My mind suddenly recalled a minor argument from five years ago and now I can't sleep. Remembering old failures and worrying that history is bound to repeat itself today. Thought about that chore I started this morning and realized it is still half-done. I recalled some helpful advice my mentor gave me a few years ago. I spent the afternoon trying to push down images of past experiences that kept resurfacing.","I had a really productive morning and felt a nice sense of accomplishment. Had some time to reflect on my personal goals and felt quite optimistic. Had some time to reflect on my personal goals and felt quite optimistic. I felt a wave of gratitude while drinking my tea and watching the rain. Had some time to reflect on my personal goals and felt quite optimistic. I feel content and at peace with where things are headed right now. I feel content and at peace with where things are headed right now.","I had a really honest, supportive conversation with my mom on the phone. I went to a small gathering but felt like everyone was silently judging me. We went out to a new Italian bistro in town and laughed for hours. I feel bad for talking so fast that people struggle to keep up with me. I feel bad for talking so fast that people struggle to keep up with me. Had an absolute blast hanging out with Marcus and Jenna at the local park. Spent a quiet evening playing board games with my family, which was lovely. Had an absolute blast hanging out with Marcus and Jenna at the local park.",Healthy
P177,41,Male,"Project Manager",Bachelor's,sarcastic,exclamations,No,colloquial,"A sudden loud noise in the street made my heart shoot into my throat! I feel completely numb, as if all my emotions have been drained out!!! In a shocking turn of events, another meeting that could have been an email, wasting my remaining energy! Woke up at 2 PM and lay in bed staring at the wall until dark! In a shocking turn of events, i feel this constant, buzzing dread in the pit of my stomach! A sudden loud noise in the street made my heart shoot into my throat! Everything feels incredibly urgent and I am constantly waiting for the other shoe to drop! Spoiler alert: it feels like I am carrying a mountain on my back just to walk to the kitchen! I cried in the shower this morning for no concrete reason!","Oh, absolutely brilliant! my throat feels tight and it feels like I am struggling to get enough oxygen! My heart is pounding against my ribs for absolutely no reason! My hands are shaking so much that typing is becoming a struggle! My body feels heavy, sluggish, and constantly on the verge of collapsing! My limbs feel like they are filled with lead blocks! I have zero energy left to even brush my hair or change my clothes! I forgot to eat lunch again because I was rearranging my bookshelf by color!","Another day, another masterpiece of timing! i don't have the emotional capacity to listen to anyone else's problems!!! I don't have the emotional capacity to listen to anyone else's problems! I feel completely invisible to the world, and maybe that's for the best! Exactly what I needed! i interrupted my friend three times today because I was excited about an idea! I don't have the emotional capacity to listen to anyone else's problems! Everyone else is out living their lives while I am stuck in this quicksand! My phone kept ringing but I let it go to voicemail every time! My phone kept ringing but I let it go to voicemail every time!","Living the dream as usual! i looked at my computer screen and literally wanted to throw it out the window! I am completely paralyzed by the fear of making a terrible mistake! I am so incredibly overwhelmed by the sheer volume of my own thoughts! Because why not, there is this deep ache in my chest that refuses to lift!!! I feel completely detached from my body, like I'm watching myself from above! My brain is running at a hundred miles an hour but going nowhere!!! My mind is on an absolute loop of 'what-ifs' that I cannot shut down! Fabulous, just fabulous! i looked at my computer screen and literally wanted to throw it out the window! I cried in the shower this morning for no concrete reason!","I was thinking about how simple things used to be before this heaviness took over! I keep remembering all these great ideas I had but never actually finished!","My thoughts are swirling around like a hurricane and I can't catch one! Spoiler alert: i cried in the shower this morning for no concrete reason! Another day, another masterpiece of timing! the cynic in me is completely taking over at this point! I dealt with a minor setback today but managed to keep things in perspective! My clients are complaining and I feel completely disconnected from the outcomes!!! Spoiler alert: i tried to read my book but the words just swam around without meaning!","Everyone else is out living their lives while I am stuck in this quicksand! I just want to be left alone in a dark room with absolutely zero noise! Because why not, my phone kept ringing but I let it go to voicemail every time! I am terrified that I said something stupid and ruined my friendship! I feel completely invisible to the world, and maybe that's for the best! Everyone else is out living their lives while I am stuck in this quicksand! I went to a small gathering but felt like everyone was silently judging me! I went to a small gathering but felt like everyone was silently judging me! Everyone else is out living their lives while I am stuck in this quicksand! I just want to be left alone in a dark room with absolutely zero noise!",Depression
P178,20,Female,"Social Media Coordinator",Bachelor's,abbreviated,minimal,No,colloquial,"Another meeting that could have been an email, wasting my remaining energy. I spent the afternoon copy-pasting numbers on a spreadsheet while feeling like a zombie. My brain is running at a hundred miles an hour but going nowhere. I have checked my locked door five times already tonight. My mind is on an absolute loop of 'what-ifs' that I cannot shut down. Another meeting that could have been an email, wasting my remaining energy. My clients are complaining and I feel completely disconnected from the outcomes.","My body feels heavy, sluggish, and constantly on the verge of collapsing. My heart is pounding against my ribs for absolutely no reason. Drinking my fourth cup of coffee today just to keep my eyes open. My hands are shaking so much that typing is becoming a struggle. My limbs feel like they are filled with lead blocks. My heart is pounding against my ribs for absolutely no reason. My throat feels tight and it feels like I am struggling to get enough oxygen. My heart is pounding against my ribs for absolutely no reason. I feel physically energetic, healthy, and in tune with my body's needs.","I am terrified that I said something stupid and ruined my friendship. My phone kept ringing but I let it go to voicemail every time. Spent a quiet evening playing board games with my family, which was lovely. I went to a small gathering but felt like everyone was silently judging me. I am terrified that I said something stupid and ruined my friendship. I just want to be left alone in a dark room with absolutely zero noise. Sarah invited me out for drinks but I ignored her text message. My phone kept ringing but I let it go to voicemail every time. I am terrified that I said something stupid and ruined my friendship.","A wave of intense, irrational anger washed over me out of nowhere. The cynic in me is completely taking over at this point.","Remembering old failures and worrying that history is bound to repeat itself today. Thinking back to last year when I had motivation and drive. I recalled how excited I was on my first day here, which feels like a comedy now. I keep playing back embarrassing moments in my head on repeat. Stumbled upon an old project folder and couldn't believe how much effort I used to put in.","I felt a wave of gratitude while drinking my tea and watching the rain. I spent three hours overanalyzing a single text message from my colleague. There is a persistent, heavy grey fog sitting over everything today. There is this deep ache in my chest that refuses to lift.","Sarah invited me out for drinks but I ignored her text message. I ended up leaving early because the crowded room felt suffocating. Cancelling plans has become my favorite hobby lately because of my exhaustion. I went to a small gathering but felt like everyone was silently judging me. I rehearsed my entire conversation in my head before saying a single word. My friends asked me to choose a restaurant and my brain completely froze from pressure. I rehearsed my entire conversation in my head before saying a single word. Sarah invited me out for drinks but I ignored her text message. I don't have the emotional capacity to listen to anyone else's problems. I don't have the emotional capacity to listen to anyone else's problems.",Anxiety
P179,33,Female,"Historian & Archivist",PhD,narrative,standard,No,academic,"My nervous system is stuck on high alert and I can't seem to turn it off. Another meeting that could have been an email, wasting my remaining energy.","I feel tense, rigid, and my muscles are aching from constant bracing. My stomach is in knots and I am constantly on edge. Cooked a nutritious dinner with fresh vegetables and slept very soundly. I feel tense, rigid, and my muscles are aching from constant bracing. My limbs feel like they are filled with lead blocks. Woke up with a massive burst of creative energy at 3 AM and started painting. I have zero energy left to even brush my hair or change my clothes. I forgot to eat lunch again because I was rearranging my bookshelf by color.","I feel completely existential alienation to the world, and maybe that's for the best. I am terrified that I said something stupid and ruined my friendship. I sat with my back to the wall at the restaurant, scanning the exit doors. I feel so isolated, but the thought of talking to someone makes me shudder. My phone kept ringing but I let it go to voicemail every time. I went to a small gathering but felt like everyone was silently judging me. I went to a small gathering but felt like everyone was silently judging me.","Woke up at 2 PM and lay in bed staring at the wall until dark. I dealt with a minor transient stressor today but managed to keep things in perspective. I felt incredibly hypervigilant sensory responses all day, constantly checking behind my back. I have been sitting at my desk for nine hours and demonstrated negligible cognitive productivity. The silence in my apartment is deafening, yet I don't want to break it. Every minor detail feels like a massive crisis waiting to happen. The silence in my apartment is deafening, yet I don't want to break it. I am completely paralyzed by the fear of making a terrible mistake. I am constantly starting new tasks while my desk is covered in unfinished work.","A specific smell today instantly transported me back to that the distressing index event in my past. I keep remembering that one presentation where my voice cracked. I keep remembering that one presentation where my voice cracked.","I feel this constant, generalized somatic hyperarousal in the pit of my stomach. A sudden loud noise in the street made my heart shoot into my throat. They keep asking for more deliverables but my tank has been empty for weeks. I feel completely emotional blunting, as if all my emotions have been drained out. I felt incredibly hypervigilant sensory responses all day, constantly checking behind my back.","My friends asked me to choose a restaurant and my brain completely froze from pressure. Sarah invited me out for drinks but I ignored her text message. I ended up leaving early because the crowded room felt suffocating. My phone kept ringing but I let it go to voicemail every time. I ended up leaving early because the crowded room felt suffocating. I avoid going to crowded places because they trigger a deep panic. I feel like an outsider who can't connect with normal human experiences. My friends asked me to choose a restaurant and my brain completely froze from pressure.",PTSD
P180,34,Male,"Customer Service Agent",High School,abbreviated,minimal,No,colloquial,"I feel content and at peace with where things are headed right now. I feel this intense restlessness and boredom that actually feels physically uncomfortable. I spent five hours completely lost in reading a random Wikipedia article about history.","Took a nice afternoon stretch and drank plenty of water today. My throat feels tight and it feels like I am struggling to get enough oxygen. I am constantly fidgeting, tapping my feet, and chewing on my pen.","I feel bad for talking so fast that people struggle to keep up with me. Had an absolute blast hanging out with Marcus and Jenna at the local park. We went out but my mind drifted and I missed the entire punchline of the story. We went out to a new Italian bistro in town and laughed for hours. I feel bad for talking so fast that people struggle to keep up with me. I was able to support my coworker through a difficult issue today. I totally forgot to reply to ten text messages that I opened this morning.","A wave of intense, irrational anger washed over me out of nowhere. My attention is constantly drifting off in the middle of standard conversations. I feel this constant, buzzing dread in the pit of my stomach.","I look at old photos of me smiling and wonder who that person was. I recalled a random fact about space that I learned in school instead of working. Suddenly remembered that bill I was supposed to pay three weeks ago. My mind suddenly recalled a minor argument from five years ago and now I can't sleep. Thought about how much I've grown over the last few years and felt proud.","I had a really productive morning and felt a nice sense of accomplishment. Woke up at 2 PM and lay in bed staring at the wall until dark.","I lost my car keys twice today and was late meeting my friends, again. I lost my car keys twice today and was late meeting my friends, again. Spent a quiet evening playing board games with my family, which was lovely. Everyone else is out living their lives while I am stuck in this quicksand.",ADHD
P181,41,Non-binary,"Quantitative Analyst",PhD,abbreviated,minimal,Yes,academic,"I simply do not care about these performance milestones anymore. I looked at my computer screen and literally wanted to throw it out the window. I tried to read my book but the words just swam around w/o meaning.","Even taking a shower felt like an Olympian task that required days of planning. I have zero energy left to even brush my hair or change my clothes. I feel like a severe depersonalization state of myself, just going through the motions.","I feel so isolated, but the thought of talking to someone makes me shudder. My partner tried to talk about dinner and I completely snapped at them. I cancelled our weekend plans bcs I can't pretend to be happy. I just want to be left alone in a dark room w/ absolutely zero noise. I feel bad for talking so fast that ppl struggle to keep up w/ me. My phone kept ringing but I let it go to voicemail every time. I ended up leaving early bcs the crowded room felt suffocating. I feel so isolated, but the thought of talking to someone makes me shudder.","They keep asking for more deliverables but my tank has been empty for weeks. I have been sitting at my desk for nine hours and demonstrated negligible cognitive productivity.","I look at old photos of me smiling and wonder who that person was. I had a sudden, intrusive cognitive recall of that night that felt so real I forgot where I actually was. I was thinking about how simple things used to be before this heaviness took over. I remember when I actually used to be passionate about this job. Thinking back to last year when I had motivation and drive. I remember when I actually used to be passionate about this job. I remember when I actually used to be passionate about this job. I remember when I actually used to be passionate about this job. Thinking back to last year when I had motivation and drive.","Woke up at 2 PM and lay in bed staring at the wall until dark. My mind is on an absolute loop of 'catastrophic cognitive distortions' that I cannot shut down. I simply do not care about these performance milestones anymore. I spent the afternoon copy-pasting numbers on a spreadsheet while feeling like a zombie. I felt incredibly hypervigilant sensory responses all day, constantly checking behind my back. The existential disillusionment in me is completely taking over at this point. Nothing seems to bring even a flicker of interest or pleasure anymore. I feel completely emotional blunting, as if all my emotions have been drained out.","I am terrified that I said sth stupid and ruined my friendship. Cancelling plans has become my favorite hobby lately bcs of my exhaustion. I went to a small gathering but felt like everyone was silently judging me. My phone kept ringing but I let it go to voicemail every time. I feel completely existential alienation to the world, and maybe that's for the best. I don't have the emotional capacity to listen to anyone else's problems. I feel completely existential alienation to the world, and maybe that's for the best.",Burnout
P182,30,Non-binary,"Administrative Assistant",High School,highly-emotional,ellipses,No,simple,"I feel this intense restlessness and boredom that actually feels physically uncomfortable... I feel content and at peace with where things are headed right now... I dealt with a minor setback today but managed to keep things in perspective... I had a really productive morning and felt a nice sense of accomplishment...","I feel physically energetic, healthy, and in tune with my body's needs... I have zero energy left to even brush my hair or change my clothes... Cooked a nutritious dinner with fresh vegetables and slept very soundly... I feel physically energetic, healthy, and in tune with my body's needs...","I was able to support my coworker through a difficult issue today... I totally forgot to reply to ten text messages that I opened this morning...","I feel content and at peace with where things are headed right now... I felt a wave of gratitude while drinking my tea and watching the rain... My mind feels like it's racing with twenty different thoughts competing for space at once... I feel so frustrated with my inability to just settle down and pay attention... I feel this intense restlessness and boredom that actually feels physically uncomfortable... Had some time to reflect on my personal goals and felt quite optimistic... My thoughts are swirling around like a hurricane and I can't catch one... I spent five hours completely lost in reading a random Wikipedia article about history... I had a really productive morning and felt a nice sense of accomplishment...","I spent the afternoon trying to push down images of past experiences that kept resurfacing... Thought about how much I've grown over the last few years and felt proud... Remembering old failures and worrying that history is bound to repeat itself today... Thought about how much I've grown over the last few years and felt proud...","I had a really productive morning and felt a nice sense of accomplishment... I had a really productive morning and felt a nice sense of accomplishment... Had some time to reflect on my personal goals and felt quite optimistic... I cried in the shower this morning for no concrete reason... I feel so restless, like I need to run away but I don't know where... I spent five hours completely lost in reading a random Wikipedia article about history... Had some time to reflect on my personal goals and felt quite optimistic... The silence in my apartment is deafening, yet I don't want to break it...","I was able to support my coworker through a difficult issue today... I had a really honest, supportive conversation with my mom on the phone... We went out to a new Italian bistro in town and laughed for hours... We went out to a new Italian bistro in town and laughed for hours... I went to a small gathering but felt like everyone was silently judging me... Had an absolute blast hanging out with Marcus and Jenna at the local park... I rehearsed my entire conversation in my head before saying a single word... Had an absolute blast hanging out with Marcus and Jenna at the local park... I cancelled our weekend plans because I can't pretend to be happy... I totally forgot to reply to ten text messages that I opened this morning...",Healthy
P183,35,Non-binary,"Journalist",Bachelor's,abbreviated,standard,No,professional,"I feel so restless, like I need to run away but I don't know where. I feel so frustrated with my inability to just settle down and pay attention. My thoughts are swirling around like a hurricane and I can't catch one. I am so incredibly overwhelmed by the sheer volume of my own thoughts. The silence in my apartment is deafening, yet I don't want to break it. Woke up at 2 PM and lay in bed staring at the wall until dark. It feels like I am carrying a mountain on my back just to walk to the kitchen. Woke up at 2 PM and lay in bed staring at the wall until dark. I simply do not care about these performance milestones anymore. The cynic in me is completely taking over at this point.","Drinking my fourth cup of coffee today just to keep my eyes open. My hands are shaking so much that typing is becoming a struggle. Sleeping for twelve hours didn't do anything to cure this tiredness. I feel incredibly dizzy and nauseous from this constant state of alertness.","I feel so isolated, but the thought of talking to someone makes me shudder. Everyone else is out living their lives while I am stuck in this quicksand. Everyone else is out living their lives while I am stuck in this quicksand. I totally forgot to reply to ten text messages that I opened this morning. I feel so isolated, but the thought of talking to someone makes me shudder. I feel completely invisible to the world, and maybe that's for the best. I feel so isolated, but the thought of talking to someone makes me shudder. I went to a small gathering but felt like everyone was silently judging me. I went to a small gathering but felt like everyone was silently judging me.","I have checked my locked door five times already tonight. Every single email from my manager feels like a personal attack. I feel completely numb, as if all my emotions have been drained out. A wave of intense, irrational anger washed over me out of nowhere. The silence in my apartment is deafening, yet I don't want to break it. The silence in my apartment is deafening, yet I don't want to break it. Woke up at 2 PM and lay in bed staring at the wall until dark. Nothing seems to bring even a flicker of interest or pleasure anymore. My inbox is overflowing with urgent requests that aren't actually urgent.","I was thinking about how simple things used to be before this heaviness took over. I look at old photos of me smiling and wonder who that person was. I keep playing back embarrassing moments in my head on repeat. I was thinking about how simple things used to be before this heaviness took over. I keep remembering that one presentation where my voice cracked. My mind suddenly recalled a minor argument from five years ago and now I can't sleep. I keep remembering old mistakes and cringing at my younger self. Thinking back to last year when I had motivation and drive. I keep remembering old mistakes and cringing at my younger self. Thinking back to last year when I had motivation and drive.","There is this deep ache in my chest that refuses to lift. I feel incredibly guilty for wasting another entire day doing nothing. My thoughts are swirling around like a hurricane and I can't catch one. There is this deep ache in my chest that refuses to lift. I feel so restless, like I need to run away but I don't know where. My mind is on an absolute loop of 'what-ifs' that I cannot shut down. There is this deep ache in my chest that refuses to lift. I spent three hours overanalyzing a single text message from my colleague.","I am terrified that I said something stupid and ruined my friendship. My partner tried to talk about dinner and I completely snapped at them. Everyone else is out living their lives while I am stuck in this quicksand. I am terrified that I said something stupid and ruined my friendship. I feel completely invisible to the world, and maybe that's for the best. I sat with my back to the wall at the restaurant, scanning the exit doors. Everyone else is out living their lives while I am stuck in this quicksand.",Depression
P184,55,Non-binary,"Urban Planner",Master's,narrative,exclamations,No,professional,"My clients are complaining and I feel completely disconnected from the outcomes!!! My brain is running at a hundred miles an hour but going nowhere! I had a really productive morning and felt a nice sense of accomplishment! I am so incredibly overwhelmed by the sheer volume of my own thoughts!!! I simply do not care about these performance milestones anymore! I am so incredibly overwhelmed by the sheer volume of my own thoughts! I am so incredibly overwhelmed by the sheer volume of my own thoughts!","My hands are shaking so much that typing is becoming a struggle! Even taking a shower felt like an Olympian task that required days of planning! I feel like a severe depersonalization state of myself, just going through the motions!!! I feel incredibly dizzy and nauseous from this constant state of alertness! My chest feels incredibly tight, like someone is standing on it!!! Even taking a shower felt like an Olympian task that required days of planning!","I am putting up massive walls to keep people from getting too close to me! I am terrified that I said something stupid and ruined my friendship!!! I am terrified that I said something stupid and ruined my friendship! I feel so isolated, but the thought of talking to someone makes me shudder! I am terrified that I said something stupid and ruined my friendship! We went out to a new Italian bistro in town and laughed for hours!","My thoughts are swirling around like a hurricane and I can't catch one! Every minor detail feels like a massive crisis waiting to happen!","Remembering old failures and worrying that history is bound to repeat itself today! A specific smell today instantly transported me back to that the distressing index event in my past! Stumbled upon an old project folder and couldn't believe how much effort I used to put in!","I feel this constant, generalized somatic hyperarousal in the pit of my stomach!!! Nothing seems to bring even a flicker of interest or pleasure anymore! My brain is running at a hundred miles an hour but going nowhere! Another meeting that could have been an email, wasting my remaining energy! Woke up at 2 PM and lay in bed staring at the wall until dark! I am so tired of feeling like an absolute psychological liability to everyone around me! Everything feels incredibly urgent and I am constantly anticipatory panic cycles! I am completely paralyzed by the fear of making a terrible mistake!","I avoid going to crowded places because they trigger a deep panic! I feel completely existential alienation to the world, and maybe that's for the best! I feel bad for talking so fast that people struggle to keep up with me!",Anxiety
P185,31,Male,"Urban Planner",Master's,sarcastic,ellipses,No,colloquial,"Living the dream as usual... my thoughts are swirling around like a hurricane and I can't catch one... There is this deep ache in my chest that refuses to lift... I feel so frustrated with my executive attention impairments and pay attention... Everything feels incredibly urgent and I am constantly anticipatory panic cycles... The silence in my apartment is deafening, yet I don't want to break it...","My throat feels tight and it feels like I am struggling to get enough oxygen... My chest feels incredibly tight, like someone is standing on it... My stomach is in knots and I am constantly on edge... Sleeping for twelve hours didn't do anything to cure this tiredness...","I avoid going to crowded places because they trigger a deep panic... Oh, absolutely brilliant... had an absolute blast hanging out with Marcus and Jenna at the local park... In a shocking turn of events, i avoid going to crowded places because they trigger a deep panic... I ended up leaving early because the crowded room felt suffocating... I cancelled our weekend plans because I can't pretend to be happy... I rehearsed my entire conversation in my head before saying a single word... I interrupted my friend three times today because I was excited about an idea...","The silence in my apartment is deafening, yet I don't want to break it... Everything feels incredibly urgent and I am constantly anticipatory panic cycles... I tried to read my book but the words just swam around without meaning... I tried to read my book but the words just swam around without meaning... Woke up at 2 PM and lay in bed staring at the wall until dark... My mind feels like it's severe cognitive hyperactivity competing for space at once... I feel this profound sense of persistent threat-appraisal bias even in my own locked home...","I keep remembering that one presentation where my voice cracked... I had a sudden, intrusive cognitive recall of that night that felt so real I forgot where I actually was... I had a sudden, intrusive cognitive recall of that night that felt so real I forgot where I actually was... I keep remembering that one presentation where my voice cracked... I look at old photos of me smiling and wonder who that person was...","My brain is running at a hundred miles an hour but going nowhere... There is this deep ache in my chest that refuses to lift... A wave of intense, irrational anger washed over me out of nowhere... My brain is running at a hundred miles an hour but going nowhere... I feel this profound sense of persistent threat-appraisal bias even in my own locked home...","Exactly what I needed... i cancelled our weekend plans because I can't pretend to be happy... Oh, absolutely brilliant... i am putting up massive walls to keep people from getting too close to me... Because why not, i sat with my back to the wall at the restaurant, scanning the exit doors... Another day, another masterpiece of timing... i am putting up massive walls to keep people from getting too close to me... In a shocking turn of events, i feel so isolated, but the thought of talking to someone makes me shudder... Because why not, my friends asked me to choose a restaurant and my brain completely froze from pressure... I went to a small gathering but felt like everyone was silently judging me... I don't have the emotional capacity to listen to anyone else's problems... Exactly what I needed... i had a really honest, supportive conversation with my mom on the phone...",PTSD
P186,58,Non-binary,"Quantitative Analyst",PhD,disorganized,exclamations,Yes,academic,"Woke up at 2 PM and lay in bed staring at the wall until dark! I am constantly starting new tasks while my desk is covered in unfinished work! Woke up staring at the ceiling, experiencing acute anticipatory occupational anxiety! I looked at my computer screen and literally wanted to throw it out the window! I feel completely emotional blunting, as if all my emotions have been drained out! A sudden loud noise in the street made my heart shoot into my throat! I feel this intense restlessness and boredom that actually feels physically uncomfortable!!! My attention is constantly drifting off in the middle of standard conversations! I feel so frustrated w/ my executive attention impairments and pay attention! Everything feels incredibly urgent and I am constantly anticipatory panic cycles!","I forgot to eat lunch today, honestly food just tastes like cardboard lately! I forgot to eat lunch again bcs I was rearranging my bookshelf by color! My hands are always busy w/ sth, I simply cannot sit quiet!","I ended up leaving early bcs the crowded room felt suffocating! We went out but my mind drifted and I missed the entire punchline of the story!!! I feel like an outsider who can't connect w/ normal human experiences!!! Spent a quiet evening playing board games w/ my family, which was lovely! I am putting up massive walls to keep ppl from getting too close to me! I interrupted my friend three times today bcs I was excited about an idea! I am terrified that I said sth stupid and ruined my friendship! I had a rly honest, supportive conversation w/ my mom on the phone! We went out to a new Italian bistro in town and laughed for hours!!! We went out but my mind drifted and I missed the entire punchline of the story!","I feel so frustrated w/ my executive attention impairments and pay attention!!! I spent five hours prolonged attentional focus a random Wikipedia article about history!!! My mind is on an absolute loop of 'catastrophic cognitive distortions' that I cannot shut down!!! I feel incredibly guilty for wasting another entire day doing nothing! My mind feels like it's severe cognitive hyperactivity competing for space at once!","Remembering old failures and worrying that history is bound to repeat itself today! I keep playing back embarrassing moments in my head on repeat! My mind suddenly recalled a minor argument from five years ago and now I can't sleep! I keep remembering old mistakes and cringing at my younger self! I recalled a random fact about space that I learned in school instead of working! I keep remembering all these great ideas I had but never actually finished! Stumbled upon an old project folder and couldn't believe how much effort I used to put in! Thought about that chore I started this morning and realized it is still half-done! My brain is on a constant loop of recalling every friendship I've ruined!!!","I feel so frustrated w/ my executive attention impairments and pay attention!!! Today felt balanced, calm, and relatively straightforward!","Sarah invited me out for drinks but I ignored her text message! I totally forgot to reply to ten text messages that I opened this morning! I feel bad for talking so fast that ppl struggle to keep up w/ me! I cancelled our weekend plans bcs I can't pretend to be happy!!! I totally forgot to reply to ten text messages that I opened this morning!",ADHD
P187,43,Female,"Nurse Practitioner",Master's,abbreviated,minimal,No,colloquial,"My brain is running at a hundred miles an hour but going nowhere. I have been sitting at my desk for nine hours and demonstrated negligible cognitive productivity. I simply do not care about these performance milestones anymore. I feel so frustrated with my executive attention impairments and pay attention. They keep asking for more deliverables but my tank has been empty for weeks. I have been sitting at my desk for nine hours and demonstrated negligible cognitive productivity.","I forgot to eat lunch today, honestly food just tastes like cardboard lately. I feel like a severe depersonalization state of myself, just going through the motions. My throat feels tight and it feels like I am struggling to get enough oxygen. I feel like a severe depersonalization state of myself, just going through the motions. My shoulders are permanently glued to my ears from pure tension. Drinking my fourth cup of coffee today just to keep my eyes open. My hands are shaking so much that typing is becoming a struggle.","I just want to be left alone in a dark room with absolutely zero noise. My phone kept ringing but I let it go to voicemail every time. My friends asked me to choose a restaurant and my brain completely froze from pressure. Everyone else is out living their lives while I am stuck in this depressive paralysis. I don't have the emotional capacity to listen to anyone else's problems. Cancelling plans has become my favorite hobby lately because of my exhaustion. My partner tried to talk about dinner and I completely snapped at them. Sarah invited me out for drinks but I ignored her text message. Cancelling plans has become my favorite hobby lately because of my exhaustion.","Had some time to reflect on my personal goals and felt quite optimistic. There is a persistent, heavy severe anhedonic state sitting over everything today. They keep asking for more deliverables but my tank has been empty for weeks. My inbox is overflowing with urgent requests that aren't actually urgent. I am constantly starting new tasks while my desk is covered in unfinished work. My inbox is overflowing with urgent requests that aren't actually urgent. Nothing seems to bring even a flicker of interest or pleasure anymore. Every minor detail feels like a massive crisis waiting to happen. Every minor detail feels like a massive crisis waiting to happen. The existential disillusionment in me is completely taking over at this point.","I keep remembering that one presentation where my voice cracked. Stumbled upon an old project folder and couldn't believe how much effort I used to put in. I was thinking about how simple things used to be before this heaviness took over. My mind suddenly recalled a minor argument from five years ago and now I can't sleep. I was remembering our summer trip and smiling at the memories. I look at old photos of me smiling and wonder who that person was.","I am completely paralyzed by the fear of making a terrible mistake. I tried to read my book but the words just swam around without meaning.","My phone kept ringing but I let it go to voicemail every time. My partner tried to talk about dinner and I completely snapped at them. I am putting up massive walls to keep people from getting too close to me. I feel completely existential alienation to the world, and maybe that's for the best.",Burnout
P188,53,Male,"Senior UX Researcher",Master's,abbreviated,minimal,No,professional,"My attention is constantly drifting off in the middle of standard conversations. I spent five hours prolonged attentional focus a random Wikipedia article about history. Had some time to reflect on my personal goals and felt quite optimistic. I felt a positive psychological orientation while drinking my tea and watching the rain. I felt a positive psychological orientation while drinking my tea and watching the rain. I felt a positive psychological orientation while drinking my tea and watching the rain. Today felt balanced, calm, and relatively straightforward. My mind is on an absolute loop of 'catastrophic cognitive distortions' that I cannot shut down.","I feel incredibly dizzy and nauseous from this constant state of alertness. My hands are always busy with something, I simply cannot sit quiet. Woke up feeling refreshed and ready to take on the day's tasks. Woke up feeling refreshed and ready to take on the day's tasks. Cooked a nutritious dinner with fresh vegetables and slept very soundly. Took a nice afternoon stretch and drank plenty of water today. Cooked a nutritious dinner with fresh vegetables and slept very soundly. Took a nice afternoon stretch and drank plenty of water today.","I had a really honest, supportive conversation with my mom on the phone. Spent a quiet evening playing board games with my family, which was lovely. I feel so isolated, but the thought of talking to someone makes me shudder. I snapped at my brother when he startled me by walking into the kitchen. Had an absolute blast hanging out with Marcus and Jenna at the local park. I went to a small gathering but felt like everyone was silently judging me. I had a really honest, supportive conversation with my mom on the phone. I am terrified that I said something stupid and ruined my friendship.","I felt a positive psychological orientation while drinking my tea and watching the rain. Today felt balanced, calm, and relatively straightforward. I feel optimal affective equilibrium and at peace with where things are headed right now. I had a really productive morning and felt a nice sense of accomplishment. Every minor detail feels like a massive crisis waiting to happen. I had a really productive morning and felt a nice sense of accomplishment. A sudden loud noise in the street made my heart shoot into my throat. I felt a positive psychological orientation while drinking my tea and watching the rain.","Remembering old times with high school friends made me text them to catch up. A specific smell today instantly transported me back to that the distressing index event in my past. I recalled some helpful advice my mentor gave me a few years ago.","Today felt balanced, calm, and relatively straightforward. Had some time to reflect on my personal goals and felt quite optimistic. Every minor detail feels like a massive crisis waiting to happen. A sudden loud noise in the street made my heart shoot into my throat.","Spent a quiet evening playing board games with my family, which was lovely. We went out to a new Italian bistro in town and laughed for hours. We went out to a new Italian bistro in town and laughed for hours. Had an absolute blast hanging out with Marcus and Jenna at the local park.",Healthy
P189,28,Female,"Security Guard",High School,formal,exclamations,No,colloquial,"I tried to read my book but the words just swam around without meaning! I spent three hours overanalyzing a single text message from my colleague! My mind is on an absolute loop of 'what-ifs' that I cannot shut down! I spent the afternoon copy-pasting numbers on a spreadsheet while feeling like a zombie!!!","Sleeping for twelve hours didn't do anything to cure this tiredness! Even taking a shower felt like an Olympian task that required days of planning! I forgot to eat lunch today, honestly food just tastes like cardboard lately! I am physically exhausted but as soon as my head hits the pillow, my brain stays awake! Drinking my fourth cup of coffee today just to keep my eyes open! I have zero energy left to even brush my hair or change my clothes! Sleeping for twelve hours didn't do anything to cure this tiredness! I feel incredibly dizzy and nauseous from this constant state of alertness! I am physically exhausted but as soon as my head hits the pillow, my brain stays awake!!!","I am terrified that I said something stupid and ruined my friendship! I went to a small gathering but felt like everyone was silently judging me! I sat with my back to the wall at the restaurant, scanning the exit doors! I feel bad for talking so fast that people struggle to keep up with me! Cancelling plans has become my favorite hobby lately because of my exhaustion! I am terrified that I said something stupid and ruined my friendship! I just want to be left alone in a dark room with absolutely zero noise!!! I don't have the emotional capacity to listen to anyone else's problems!!!","My brain is running at a hundred miles an hour but going nowhere! Woke up staring at the ceiling, dreading the morning standup!!! I looked at my computer screen and literally wanted to throw it out the window!!! I spent the afternoon copy-pasting numbers on a spreadsheet while feeling like a zombie! Woke up at 2 PM and lay in bed staring at the wall until dark!","Stumbled upon an old project folder and couldn't believe how much effort I used to put in!!! I was thinking about how simple things used to be before this heaviness took over! I keep remembering that one presentation where my voice cracked!!! I recalled how excited I was on my first day here, which feels like a comedy now! Thinking back to last year when I had motivation and drive!!! I was thinking about how simple things used to be before this heaviness took over!!! My brain is on a constant loop of recalling every friendship I've ruined!!! I keep playing back embarrassing moments in my head on repeat! I recalled how excited I was on my first day here, which feels like a comedy now!","It feels like I am carrying a mountain on my back just to walk to the kitchen!!! My mind is on an absolute loop of 'what-ifs' that I cannot shut down!!! Nothing seems to bring even a flicker of interest or pleasure anymore! There is this deep ache in my chest that refuses to lift! They keep asking for more deliverables but my tank has been empty for weeks!!! Woke up at 2 PM and lay in bed staring at the wall until dark! My attention is constantly drifting off in the middle of standard conversations! My brain is running at a hundred miles an hour but going nowhere! I tried to read my book but the words just swam around without meaning!","I cancelled our weekend plans because I can't pretend to be happy! Everyone else is out living their lives while I am stuck in this quicksand!",Depression
P190,49,Female,"Customer Service Agent",High School,normal,exclamations,Yes,simple,"I spent three hours overanalyzing a single text message from my colleague!!! Every single email from my manager feels like a personal attack! It feels like I am carrying a mountain on my back just to walk to the kitchen! I am completely paralyzed by the fear of making a terrible mistake! The cynic in me is completely taking over at this point! Every single email from my manager feels like a personal attack! Had some time to reflect on my personal goals and felt quite optimistic!!! I feel this constant, buzzing dread in the pit of my stomach!!!","My chest feels incredibly tight, like someone is standing on it! Drinking my fourth cup of coffee today just to keep my eyes open!!! My hands are shaking so much that typing is becoming a struggle! I feel incredibly dizzy and nauseous from this constant state of alertness! My heart is pounding against my ribs for absolutely no reason! I forgot to eat lunch today, honestly food just tastes like cardboard lately! My heart is pounding against my ribs for absolutely no reason! I feel incredibly dizzy and nauseous from this constant state of alertness!","Sarah invited me out for drinks but I ignored her text message! I ended up leaving early bcs the crowded room felt suffocating!","My brain is running at a hundred miles an hour but going nowhere! My mind is on an absolute loop of 'what-ifs' that I cannot shut down! Everything feels incredibly urgent and I am constantly waiting for the other shoe to drop! My brain is running at a hundred miles an hour but going nowhere!","I recalled how excited I was on my first day here, which feels like a comedy now! Stumbled upon an old project folder and couldn't believe how much effort I used to put in! I remember when I actually used to be passionate about this job! My mind suddenly recalled a minor argument from five years ago and now I can't sleep!!! I keep remembering that one presentation where my voice cracked! I was thinking about how simple things used to be before this heaviness took over! My mind suddenly recalled a minor argument from five years ago and now I can't sleep! Remembering old times w/ high school friends made me text them to catch up!","Everything feels incredibly urgent and I am constantly waiting for the other shoe to drop! I spent three hours overanalyzing a single text message from my colleague! There is a persistent, heavy grey fog sitting over everything today! Today felt balanced, calm, and relatively straightforward! The silence in my apartment is deafening, yet I don't want to break it! I am so incredibly overwhelmed by the sheer volume of my own thoughts! My clients are complaining and I feel completely disconnected from the outcomes! I feel incredibly guilty for wasting another entire day doing nothing! I have been sitting at my desk for nine hours and accomplished absolutely nothing!","Had an absolute blast hanging out w/ Marcus and Jenna at the local park! Sarah invited me out for drinks but I ignored her text message!!! I cancelled our weekend plans bcs I can't pretend to be happy!!! I feel bad for talking so fast that ppl struggle to keep up w/ me!!!",Anxiety
P191,41,Female,"Barista",High School,normal,standard,Yes,colloquial,"I feel this profound sense of unsafety even in my own locked home. My thoughts are swirling around like a hurricane and I can't catch one. I feel completely detached from my body, like I'm watching myself from above. I felt incredibly jumpy all day, constantly checking behind my back. It feels like I am carrying a mountain on my back just to walk to the kitchen.","My hands are always busy w/ sth, I simply cannot sit quiet. My heart is pounding against my ribs for absolutely no reason. My chest feels incredibly tight, like someone is standing on it.","Everyone else is out living their lives while I am stuck in this quicksand. I avoid going to crowded places bcs they trigger a deep panic. I am terrified that I said sth stupid and ruined my friendship. I am terrified that I said sth stupid and ruined my friendship.","A wave of intense, irrational anger washed over me out of nowhere. I felt incredibly jumpy all day, constantly checking behind my back.","Memories of what happened are crashing through my brain like uninvited ghosts. I recalled a random fact about space that I learned in school instead of working. I had a sudden, vivid memory of that night that felt so real I forgot where I actually was. Memories of what happened are crashing through my brain like uninvited ghosts. A specific smell today instantly transported me back to that difficult moment in my past. Thinking back to last year when I had motivation and drive. I keep remembering that one presentation where my voice cracked. I look at old photos of me smiling and wonder who that person was.","My attention is constantly drifting off in the middle of standard conversations. Woke up staring at the ceiling, dreading the morning standup. A sudden loud noise in the street made my heart shoot into my throat. Every minor detail feels like a massive crisis waiting to happen. Nothing seems to bring even a flicker of interest or pleasure anymore. I felt incredibly jumpy all day, constantly checking behind my back. I am so incredibly overwhelmed by the sheer volume of my own thoughts. Everything feels incredibly urgent and I am constantly waiting for the other shoe to drop.","My friends asked me to choose a restaurant and my brain completely froze from pressure. I ended up leaving early bcs the crowded room felt suffocating. I snapped at my brother when he startled me by walking into the kitchen. I am putting up massive walls to keep ppl from getting too close to me.",PTSD
P192,40,Male,"Quantitative Analyst",PhD,normal,minimal,Yes,academic,"My mind feels like it's severe cognitive hyperactivity competing for space at once. I am constantly starting new tasks while my desk is covered in unfinished work. I feel this intense restlessness and boredom that actually feels physically uncomfortable. I feel this intense restlessness and boredom that actually feels physically uncomfortable. My mind feels like it's severe cognitive hyperactivity competing for space at once. I simply do not care about these performance milestones anymore. I dealt w/ a minor transient stressor today but managed to keep things in perspective. Woke up staring at the ceiling, experiencing acute anticipatory occupational anxiety. I feel this intense restlessness and boredom that actually feels physically uncomfortable. I have been sitting at my desk for nine hours and demonstrated negligible cognitive productivity.","I have been pacing around my room for an hour trying to remember what I was doing. Woke up w/ a massive burst of creative energy at 3 AM and started painting. I forgot to eat lunch again bcs I was rearranging my bookshelf by color. I have been pacing around my room for an hour trying to remember what I was doing. My shoulders are permanently glued to my ears from pure tension.","I interrupted my friend three times today bcs I was excited about an idea. We went out but my mind drifted and I missed the entire punchline of the story. I am terrified that I said sth stupid and ruined my friendship. Sarah invited me out for drinks but I ignored her text message. Spent a quiet evening playing board games w/ my family, which was lovely. Had an absolute blast hanging out w/ Marcus and Jenna at the local park. I ended up leaving early bcs the crowded room felt suffocating. I rehearsed my entire conversation in my head before saying a single word. I totally forgot to reply to ten text messages that I opened this morning. I am putting up massive walls to keep ppl from getting too close to me.","They keep asking for more deliverables but my tank has been empty for weeks. I dealt w/ a minor transient stressor today but managed to keep things in perspective.","Thinking back to last year when I had motivation and drive. I look at old photos of me smiling and wonder who that person was. I recalled some helpful advice my mentor gave me a few years ago. A specific smell today instantly transported me back to that the distressing index event in my past. Remembering old failures and worrying that history is bound to repeat itself today. My mind suddenly recalled a minor argument from five years ago and now I can't sleep.","I feel optimal affective equilibrium and at peace w/ where things are headed right now. I feel this constant, generalized somatic hyperarousal in the pit of my stomach. My mind feels like it's severe cognitive hyperactivity competing for space at once. I feel optimal affective equilibrium and at peace w/ where things are headed right now. My mind is on an absolute loop of 'catastrophic cognitive distortions' that I cannot shut down. I feel this intense restlessness and boredom that actually feels physically uncomfortable. I feel so frustrated w/ my executive attention impairments and pay attention. My mind feels like it's severe cognitive hyperactivity competing for space at once. My attention is constantly drifting off in the middle of standard conversations.","I lost my car keys twice today and was late meeting my friends, again. I just want to be left alone in a dark room w/ absolutely zero noise. I totally forgot to reply to ten text messages that I opened this morning. We went out to a new Italian bistro in town and laughed for hours. Spent a quiet evening playing board games w/ my family, which was lovely. We went out to a new Italian bistro in town and laughed for hours. I totally forgot to reply to ten text messages that I opened this morning. I lost my car keys twice today and was late meeting my friends, again.",ADHD
P193,57,Female,"Clinical Neuropsychologist",PhD,normal,exclamations,No,academic,"I dealt with a minor transient stressor today but managed to keep things in perspective! I had a really productive morning and felt a nice sense of accomplishment! I spent five hours prolonged attentional focus a random Wikipedia article about history! I feel completely emotional blunting, as if all my emotions have been drained out!!! Every single email from my manager feels like a personal attack! My attention is constantly drifting off in the middle of standard conversations! I feel this profound sense of persistent threat-appraisal bias even in my own locked home! My clients are complaining and I feel completely disconnected from the outcomes! My mind is on an absolute loop of 'catastrophic cognitive distortions' that I cannot shut down! I am so tired of feeling like an absolute psychological liability to everyone around me!","My body feels heavy, sluggish, and constantly on the verge of collapsing! I forgot to eat lunch today, honestly food just tastes like cardboard lately!!! Cooked a nutritious dinner with fresh vegetables and slept very soundly! Woke up gasping for air, drenched in sweat from another intense nightmare!","My phone kept ringing but I let it go to voicemail every time!!! I rehearsed my entire conversation in my head before saying a single word!!! Everyone else is out living their lives while I am stuck in this depressive paralysis!","I looked at my computer screen and literally wanted to throw it out the window! I spent three hours overanalyzing a single text message from my colleague!","I keep remembering that one presentation where my voice cracked! I keep remembering old mistakes and cringing at my younger self! My brain is on a constant loop of recalling every friendship I've ruined!","My mind is on an absolute loop of 'catastrophic cognitive distortions' that I cannot shut down! I looked at my computer screen and literally wanted to throw it out the window! My clients are complaining and I feel completely disconnected from the outcomes!!!","I ended up leaving early because the crowded room felt suffocating! I had a really honest, supportive conversation with my mom on the phone! I don't have the emotional capacity to listen to anyone else's problems! I ended up leaving early because the crowded room felt suffocating! I am terrified that I said something stupid and ruined my friendship! I feel so isolated, but the thought of talking to someone makes me shudder! My phone kept ringing but I let it go to voicemail every time! I am terrified that I said something stupid and ruined my friendship! Sarah invited me out for drinks but I ignored her text message! Everyone else is out living their lives while I am stuck in this depressive paralysis!",Burnout
P194,33,Male,"Graphic Designer",Bachelor's,highly-emotional,ellipses,No,colloquial,"My thoughts are swirling around like a hurricane and I can't catch one... Had some time to reflect on my personal goals and felt quite optimistic... Today felt balanced, calm, and relatively straightforward... Woke up at 2 PM and lay in bed staring at the wall until dark... Had some time to reflect on my personal goals and felt quite optimistic... Had some time to reflect on my personal goals and felt quite optimistic... I feel this intense restlessness and boredom that actually feels physically uncomfortable...","I have been pacing around my room for an hour trying to remember what I was doing... Woke up feeling refreshed and ready to take on the day's tasks... Took a nice afternoon stretch and drank plenty of water today... I feel physically energetic, healthy, and in tune with my body's needs... Woke up feeling refreshed and ready to take on the day's tasks... Cooked a nutritious dinner with fresh vegetables and slept very soundly...","My friends asked me to choose a restaurant and my brain completely froze from pressure... We went out to a new Italian bistro in town and laughed for hours... Spent a quiet evening playing board games with my family, which was lovely... Spent a quiet evening playing board games with my family, which was lovely...","Today felt balanced, calm, and relatively straightforward... Today felt balanced, calm, and relatively straightforward... I felt a wave of gratitude while drinking my tea and watching the rain... I feel content and at peace with where things are headed right now... I have checked my locked door five times already tonight... I tried to read my book but the words just swam around without meaning... I dealt with a minor setback today but managed to keep things in perspective...","Thought about how much I've grown over the last few years and felt proud... I recalled some helpful advice my mentor gave me a few years ago... Thought about how much I've grown over the last few years and felt proud... I was remembering our summer trip and smiling at the memories... Remembering old times with high school friends made me text them to catch up...","Today felt balanced, calm, and relatively straightforward... A sudden loud noise in the street made my heart shoot into my throat... I have been sitting at my desk for nine hours and accomplished absolutely nothing... I feel content and at peace with where things are headed right now... Today felt balanced, calm, and relatively straightforward... I dealt with a minor setback today but managed to keep things in perspective...","Had an absolute blast hanging out with Marcus and Jenna at the local park... We went out to a new Italian bistro in town and laughed for hours... I was able to support my coworker through a difficult issue today... I am terrified that I said something stupid and ruined my friendship...",Healthy
P195,33,Non-binary,"Astrophysicist",PhD,normal,exclamations,No,academic,"I cried in the shower this morning for no concrete reason! It feels like I am carrying a mountain on my back just to walk to the kitchen!!! My mind feels like it's severe cognitive hyperactivity competing for space at once! My brain is running at a hundred miles an hour but going nowhere! I cried in the shower this morning for no concrete reason! The silence in my apartment is deafening, yet I don't want to break it!!! I am completely paralyzed by the fear of making a terrible mistake! The silence in my apartment is deafening, yet I don't want to break it! I spent three hours overanalyzing a single text message from my colleague!!!","My body feels heavy, sluggish, and constantly on the verge of collapsing! Took a nice afternoon stretch and drank plenty of water today! I forgot to eat lunch today, honestly food just tastes like cardboard lately! My limbs feel like they are filled with lead blocks!!!","I ended up leaving early because the crowded room felt suffocating! My partner tried to talk about dinner and I completely snapped at them! I rehearsed my entire conversation in my head before saying a single word! I cancelled our weekend plans because I can't pretend to be happy! I went to a small gathering but felt like everyone was silently judging me! I went to a small gathering but felt like everyone was silently judging me! I feel so isolated, but the thought of talking to someone makes me shudder! I had a really honest, supportive conversation with my mom on the phone!!! I went to a small gathering but felt like everyone was silently judging me!","I am so tired of feeling like an absolute psychological liability to everyone around me! Had some time to reflect on my personal goals and felt quite optimistic! I am so tired of feeling like an absolute psychological liability to everyone around me!!! It feels like I am carrying a mountain on my back just to walk to the kitchen! I feel so frustrated with my executive attention impairments and pay attention! My inbox is overflowing with urgent requests that aren't actually urgent! I feel so restless, like I need to run away but I don't know where!","I recalled a random fact about space that I learned in school instead of working! I keep remembering old mistakes and cringing at my younger self! I keep remembering that one presentation where my voice cracked! I look at old photos of me smiling and wonder who that person was! Stumbled upon an old project folder and couldn't believe how much effort I used to put in! I keep remembering old mistakes and cringing at my younger self! My mind suddenly recalled a minor argument from five years ago and now I can't sleep!!! A specific smell today instantly transported me back to that the distressing index event in my past!","Every single email from my manager feels like a personal attack! My thoughts are swirling around like a hurricane and I can't catch one! I have checked my locked door five times already tonight! I am so incredibly overwhelmed by the sheer volume of my own thoughts! The silence in my apartment is deafening, yet I don't want to break it!","I feel completely existential alienation to the world, and maybe that's for the best! My friends asked me to choose a restaurant and my brain completely froze from pressure! I went to a small gathering but felt like everyone was silently judging me! My friends asked me to choose a restaurant and my brain completely froze from pressure! I interrupted my friend three times today because I was excited about an idea! I lost my car keys twice today and was late meeting my friends, again! I interrupted my friend three times today because I was excited about an idea! My phone kept ringing but I let it go to voicemail every time! My partner tried to talk about dinner and I completely snapped at them!",Depression
P196,53,Non-binary,"Biotech Lead Investigator",PhD,formal,minimal,No,academic,"Woke up at 2 PM and lay in bed staring at the wall until dark. A sudden loud noise in the street made my heart shoot into my throat. Everything feels incredibly urgent and I am constantly anticipatory panic cycles. Had some time to reflect on my personal goals and felt quite optimistic. I have checked my locked door five times already tonight. Every minor detail feels like a massive crisis waiting to happen. There is this deep ache in my chest that refuses to lift. I feel this profound sense of persistent threat-appraisal bias even in my own locked home. I feel this constant, generalized somatic hyperarousal in the pit of my stomach. Every minor detail feels like a massive crisis waiting to happen.","My limbs feel like they are filled with lead blocks. I am profound somatic fatigue but as soon as my head hits the pillow, my brain stays awake. My throat feels tight and it feels like I am struggling to get enough oxygen. My hands are always busy with something, I simply cannot sit quiet. My limbs feel like they are filled with lead blocks. Drinking my fourth cup of coffee today just to keep my eyes open. My heart is pounding against my ribs for absolutely no reason.","I went to a small gathering but felt like everyone was silently judging me. My phone kept ringing but I let it go to voicemail every time. I interrupted my friend three times today because I was excited about an idea. I rehearsed my entire conversation in my head before saying a single word. My friends asked me to choose a restaurant and my brain completely froze from pressure. I feel like an outsider who can't connect with normal human experiences. I am terrified that I said something stupid and ruined my friendship. I went to a small gathering but felt like everyone was silently judging me. I rehearsed my entire conversation in my head before saying a single word. I feel completely existential alienation to the world, and maybe that's for the best.","I simply do not care about these performance milestones anymore. I am so incredibly overwhelmed by the sheer volume of my own thoughts. Everything feels incredibly urgent and I am constantly anticipatory panic cycles. My attention is constantly drifting off in the middle of standard conversations. I am completely paralyzed by the fear of making a terrible mistake. It feels like I am carrying a mountain on my back just to walk to the kitchen.","My mind suddenly recalled a minor argument from five years ago and now I can't sleep. Remembering old failures and worrying that history is bound to repeat itself today.","My brain is running at a hundred miles an hour but going nowhere. Everything feels incredibly urgent and I am constantly anticipatory panic cycles. Nothing seems to bring even a flicker of interest or pleasure anymore. My attention is constantly drifting off in the middle of standard conversations. I feel completely emotional blunting, as if all my emotions have been drained out. I am constantly starting new tasks while my desk is covered in unfinished work. I feel this profound sense of persistent threat-appraisal bias even in my own locked home. My attention is constantly drifting off in the middle of standard conversations. Woke up staring at the ceiling, experiencing acute anticipatory occupational anxiety. I feel optimal affective equilibrium and at peace with where things are headed right now.","My partner tried to talk about dinner and I completely snapped at them. My friends asked me to choose a restaurant and my brain completely froze from pressure. I went to a small gathering but felt like everyone was silently judging me. I rehearsed my entire conversation in my head before saying a single word. Everyone else is out living their lives while I am stuck in this depressive paralysis. My phone kept ringing but I let it go to voicemail every time. Sarah invited me out for drinks but I ignored her text message. I went to a small gathering but felt like everyone was silently judging me.",Anxiety
P197,56,Non-binary,"Historian & Archivist",PhD,formal,exclamations,No,academic,"I feel this profound sense of persistent threat-appraisal bias even in my own locked home! I tried to read my book but the words just swam around without meaning! A wave of intense, irrational anger washed over me out of nowhere! My mind is on an absolute loop of 'catastrophic cognitive distortions' that I cannot shut down! A wave of intense, irrational anger washed over me out of nowhere! I cried in the shower this morning for no concrete reason!","My limbs feel like they are filled with lead blocks! My stomach is in knots and I am constantly on edge!","I snapped at my brother when he startled me by walking into the kitchen! I am putting up massive walls to keep people from getting too close to me! I totally forgot to reply to ten text messages that I opened this morning!","It feels like I am carrying a mountain on my back just to walk to the kitchen! My thoughts are swirling around like a hurricane and I can't catch one!!! I felt incredibly hypervigilant sensory responses all day, constantly checking behind my back! I feel completely pronounced depersonalization/dissociation, like I'm watching myself from above! I looked at my computer screen and literally wanted to throw it out the window! I feel completely pronounced depersonalization/dissociation, like I'm watching myself from above!","I had a sudden, intrusive cognitive recall of that night that felt so real I forgot where I actually was!!! Stumbled upon an old project folder and couldn't believe how much effort I used to put in! Memories of what happened are crashing through my brain like uninvited ghosts! I look at old photos of me smiling and wonder who that person was! I spent the afternoon trying to push down images of past experiences that kept resurfacing! I was thinking about how simple things used to be before this heaviness took over!!! I look at old photos of me smiling and wonder who that person was! Thinking back to last year when I had motivation and drive! I keep playing back embarrassing moments in my head on repeat!","My nervous system is stuck on high alert and I can't seem to turn it off! I feel completely pronounced depersonalization/dissociation, like I'm watching myself from above! I am completely paralyzed by the fear of making a terrible mistake!","I sat with my back to the wall at the restaurant, scanning the exit doors! Had an absolute blast hanging out with Marcus and Jenna at the local park! I cancelled our weekend plans because I can't pretend to be happy! I avoid going to crowded places because they trigger a deep panic! I snapped at my brother when he startled me by walking into the kitchen!!! I snapped at my brother when he startled me by walking into the kitchen! I sat with my back to the wall at the restaurant, scanning the exit doors!",PTSD
P198,48,Non-binary,"Speech Pathologist",Master's,disorganized,ellipses,Yes,professional,"My attention is constantly drifting off in the middle of standard conversations... I feel so frustrated w/ my executive attention impairments and pay attention... I feel this intense restlessness and boredom that actually feels physically uncomfortable... I felt a positive psychological orientation while drinking my tea and watching the rain... I feel so frustrated w/ my executive attention impairments and pay attention... My mind feels like it's severe cognitive hyperactivity competing for space at once... Had some time to reflect on my personal goals and felt quite optimistic... Everything feels incredibly urgent and I am constantly anticipatory panic cycles... I am constantly starting new tasks while my desk is covered in unfinished work... I feel this intense restlessness and boredom that actually feels physically uncomfortable...","My hands are shaking so much that typing is becoming a struggle... I forgot to eat lunch again bcs I was rearranging my bookshelf by color... Woke up w/ a massive burst of creative energy at 3 AM and started painting... Drinking my fourth cup of coffee today just to keep my eyes open...","I rehearsed my entire conversation in my head before saying a single word... Had an absolute blast hanging out w/ Marcus and Jenna at the local park... I don't have the emotional capacity to listen to anyone else's problems...","I feel this intense restlessness and boredom that actually feels physically uncomfortable... I am constantly starting new tasks while my desk is covered in unfinished work... Woke up staring at the ceiling, experiencing acute anticipatory occupational anxiety... I feel so frustrated w/ my executive attention impairments and pay attention... I am constantly starting new tasks while my desk is covered in unfinished work... I feel so frustrated w/ my executive attention impairments and pay attention...","I recalled a random fact about space that I learned in school instead of working... Suddenly remembered that bill I was supposed to pay three weeks ago... Thought about that chore I started this morning and realized it is still half-done... Thought about that chore I started this morning and realized it is still half-done...","I tried to read my book but the words just swam around w/o meaning... I feel this intense restlessness and boredom that actually feels physically uncomfortable... I feel so frustrated w/ my executive attention impairments and pay attention... I feel so frustrated w/ my executive attention impairments and pay attention... I am constantly starting new tasks while my desk is covered in unfinished work... I dealt w/ a minor transient stressor today but managed to keep things in perspective... I had a rly productive morning and felt a nice sense of accomplishment... I am constantly starting new tasks while my desk is covered in unfinished work... I am constantly starting new tasks while my desk is covered in unfinished work...","I lost my car keys twice today and was late meeting my friends, again... I feel bad for talking so fast that ppl struggle to keep up w/ me... Sarah invited me out for drinks but I ignored her text message... I interrupted my friend three times today bcs I was excited about an idea... We went out but my mind drifted and I missed the entire punchline of the story... I lost my car keys twice today and was late meeting my friends, again... I lost my car keys twice today and was late meeting my friends, again... I interrupted my friend three times today bcs I was excited about an idea... Spent a quiet evening playing board games w/ my family, which was lovely... My friends asked me to choose a restaurant and my brain completely froze from pressure...",ADHD
P199,43,Male,"Nurse Practitioner",Master's,formal,minimal,No,professional,"The silence in my apartment is deafening, yet I don't want to break it. I had a really productive morning and felt a nice sense of accomplishment. My thoughts are swirling around like a hurricane and I can't catch one. Woke up staring at the ceiling, experiencing acute anticipatory occupational anxiety.","My throat feels tight and it feels like I am struggling to get enough oxygen. I have zero energy left to even brush my hair or change my clothes. Woke up feeling refreshed and ready to take on the day's tasks. My heart is pounding against my ribs for absolutely no reason. My hands are shaking so much that typing is becoming a struggle. I have zero energy left to even brush my hair or change my clothes. Cooked a nutritious dinner with fresh vegetables and slept very soundly. My hands are shaking so much that typing is becoming a struggle.","I don't have the emotional capacity to listen to anyone else's problems. I don't have the emotional capacity to listen to anyone else's problems. I cancelled our weekend plans because I can't pretend to be happy. My phone kept ringing but I let it go to voicemail every time. My phone kept ringing but I let it go to voicemail every time. I feel completely existential alienation to the world, and maybe that's for the best. My friends asked me to choose a restaurant and my brain completely froze from pressure. My partner tried to talk about dinner and I completely snapped at them.","Had some time to reflect on my personal goals and felt quite optimistic. Woke up staring at the ceiling, experiencing acute anticipatory occupational anxiety. I have been sitting at my desk for nine hours and demonstrated negligible cognitive productivity. I looked at my computer screen and literally wanted to throw it out the window. Woke up staring at the ceiling, experiencing acute anticipatory occupational anxiety. I spent the afternoon copy-pasting numbers on a spreadsheet while feeling like a zombie. Woke up at 2 PM and lay in bed staring at the wall until dark. I have been sitting at my desk for nine hours and demonstrated negligible cognitive productivity.","I remember when I actually used to be passionate about this job. Thought about that chore I started this morning and realized it is still half-done. I look at old photos of me smiling and wonder who that person was. Stumbled upon an old project folder and couldn't believe how much effort I used to put in.","I tried to read my book but the words just swam around without meaning. I simply do not care about these performance milestones anymore.","My friends asked me to choose a restaurant and my brain completely froze from pressure. I feel completely existential alienation to the world, and maybe that's for the best. Sarah invited me out for drinks but I ignored her text message. Sarah invited me out for drinks but I ignored her text message. I cancelled our weekend plans because I can't pretend to be happy. I feel so isolated, but the thought of talking to someone makes me shudder. Cancelling plans has become my favorite hobby lately because of my exhaustion.",Burnout
P200,65,Male,"Astrophysicist",PhD,abbreviated,standard,Yes,academic,"I had a rly productive morning and felt a nice sense of accomplishment. I had a rly productive morning and felt a nice sense of accomplishment. I am completely paralyzed by the fear of making a terrible mistake. I feel this intense restlessness and boredom that actually feels physically uncomfortable. I feel optimal affective equilibrium and at peace w/ where things are headed right now. I felt a positive psychological orientation while drinking my tea and watching the rain. I feel optimal affective equilibrium and at peace w/ where things are headed right now.","Took a nice afternoon stretch and drank plenty of water today. I feel physically energetic, healthy, and in tune w/ my body's needs.","We went out to a new Italian bistro in town and laughed for hours. I was able to support my coworker through a difficult issue today. I feel bad for talking so fast that ppl struggle to keep up w/ me. I had a rly honest, supportive conversation w/ my mom on the phone. My partner tried to talk about dinner and I completely snapped at them.","They keep asking for more deliverables but my tank has been empty for weeks. Today felt balanced, calm, and relatively straightforward. I dealt w/ a minor transient stressor today but managed to keep things in perspective. My thoughts are swirling around like a hurricane and I can't catch one. I feel completely pronounced depersonalization/dissociation, like I'm watching myself from above. I feel incredibly guilty for wasting another entire day doing nothing.","Remembering old failures and worrying that history is bound to repeat itself today. Remembering old times w/ high school friends made me text them to catch up.","I dealt w/ a minor transient stressor today but managed to keep things in perspective. Had some time to reflect on my personal goals and felt quite optimistic. Had some time to reflect on my personal goals and felt quite optimistic. I have checked my locked door five times already tonight. I am constantly starting new tasks while my desk is covered in unfinished work.","My phone kept ringing but I let it go to voicemail every time. I feel bad for talking so fast that ppl struggle to keep up w/ me. Spent a quiet evening playing board games w/ my family, which was lovely. I feel like an outsider who can't connect w/ normal human experiences. Spent a quiet evening playing board games w/ my family, which was lovely. We went out to a new Italian bistro in town and laughed for hours.",Healthy
P201,52,Non-binary,"Security Guard",High School,formal,exclamations,Yes,simple,"I feel incredibly guilty for wasting another entire day doing nothing! My brain is running at a hundred miles an hour but going nowhere! There is this deep ache in my chest that refuses to lift! My thoughts are swirling around like a hurricane and I can't catch one!!! It feels like I am carrying a mountain on my back just to walk to the kitchen!!! It feels like I am carrying a mountain on my back just to walk to the kitchen!!! Nothing seems to bring even a flicker of interest or pleasure anymore! I feel completely detached from my body, like I'm watching myself from above!","I forgot to eat lunch today, honestly food just tastes like cardboard lately! Drinking my fourth cup of coffee today just to keep my eyes open! Woke up gasping for air, drenched in sweat from another intense nightmare! My limbs feel like they are filled w/ lead blocks! My heart is pounding against my ribs for absolutely no reason!","We went out to a new Italian bistro in town and laughed for hours! My partner tried to talk about dinner and I completely snapped at them! I feel completely invisible to the world, and maybe that's for the best!","I feel incredibly guilty for wasting another entire day doing nothing!!! Every minor detail feels like a massive crisis waiting to happen! Every single email from my manager feels like a personal attack!!! I feel incredibly guilty for wasting another entire day doing nothing! I spent three hours overanalyzing a single text message from my colleague!","I was thinking about how simple things used to be before this heaviness took over! I remember when I actually used to be passionate about this job! My brain is on a constant loop of recalling every friendship I've ruined! Thought about how much I've grown over the last few years and felt proud! I keep remembering old mistakes and cringing at my younger self! I keep remembering that one presentation where my voice cracked!!! I remember when I actually used to be passionate about this job! I keep playing back embarrassing moments in my head on repeat! I remember when I actually used to be passionate about this job!!!","A wave of intense, irrational anger washed over me out of nowhere! I had a rly productive morning and felt a nice sense of accomplishment! I cried in the shower this morning for no concrete reason! I feel so restless, like I need to run away but idk where! I feel so restless, like I need to run away but idk where! It feels like I am carrying a mountain on my back just to walk to the kitchen! I have checked my locked door five times already tonight!","I cancelled our weekend plans bcs I can't pretend to be happy! I rehearsed my entire conversation in my head before saying a single word!!! I feel so isolated, but the thought of talking to someone makes me shudder!!! I just want to be left alone in a dark room w/ absolutely zero noise! I totally forgot to reply to ten text messages that I opened this morning! My friends asked me to choose a restaurant and my brain completely froze from pressure! My phone kept ringing but I let it go to voicemail every time! Cancelling plans has become my favorite hobby lately bcs of my exhaustion!",Depression
P202,43,Male,"Security Guard",High School,disorganized,ellipses,No,colloquial,"I felt incredibly jumpy all day, constantly checking behind my back... I have checked my locked door five times already tonight... I spent three hours overanalyzing a single text message from my colleague... I spent three hours overanalyzing a single text message from my colleague... I spent three hours overanalyzing a single text message from my colleague... Every minor detail feels like a massive crisis waiting to happen... I have checked my locked door five times already tonight... I have checked my locked door five times already tonight...","I feel incredibly dizzy and nauseous from this constant state of alertness... My throat feels tight and it feels like I am struggling to get enough oxygen... Drinking my fourth cup of coffee today just to keep my eyes open... I feel incredibly dizzy and nauseous from this constant state of alertness... My throat feels tight and it feels like I am struggling to get enough oxygen... My chest feels incredibly tight, like someone is standing on it...","My phone kept ringing but I let it go to voicemail every time... My phone kept ringing but I let it go to voicemail every time... I cancelled our weekend plans because I can't pretend to be happy... I ended up leaving early because the crowded room felt suffocating... I rehearsed my entire conversation in my head before saying a single word... I am terrified that I said something stupid and ruined my friendship... Everyone else is out living their lives while I am stuck in this quicksand... I lost my car keys twice today and was late meeting my friends, again...","I cried in the shower this morning for no concrete reason... Everything feels incredibly urgent and I am constantly waiting for the other shoe to drop... I spent three hours overanalyzing a single text message from my colleague... I spent three hours overanalyzing a single text message from my colleague...","I was thinking about how simple things used to be before this heaviness took over... Remembering old failures and worrying that history is bound to repeat itself today... I keep remembering that one presentation where my voice cracked... I recalled some helpful advice my mentor gave me a few years ago... I was thinking about how simple things used to be before this heaviness took over... I look at old photos of me smiling and wonder who that person was... My mind suddenly recalled a minor argument from five years ago and now I can't sleep... I recalled how excited I was on my first day here, which feels like a comedy now... I keep playing back embarrassing moments in my head on repeat... My mind suddenly recalled a minor argument from five years ago and now I can't sleep...","The silence in my apartment is deafening, yet I don't want to break it... Woke up at 2 PM and lay in bed staring at the wall until dark... I feel this constant, buzzing dread in the pit of my stomach... I simply do not care about these performance milestones anymore... I spent the afternoon copy-pasting numbers on a spreadsheet while feeling like a zombie... I have been sitting at my desk for nine hours and accomplished absolutely nothing... My thoughts are swirling around like a hurricane and I can't catch one... The cynic in me is completely taking over at this point...","I ended up leaving early because the crowded room felt suffocating... I rehearsed my entire conversation in my head before saying a single word... I went to a small gathering but felt like everyone was silently judging me... I am terrified that I said something stupid and ruined my friendship... I ended up leaving early because the crowded room felt suffocating... I ended up leaving early because the crowded room felt suffocating... We went out but my mind drifted and I missed the entire punchline of the story... I went to a small gathering but felt like everyone was silently judging me...",Anxiety
P203,40,Non-binary,"High School Teacher",Bachelor's,highly-emotional,minimal,No,professional,"I have checked my locked door five times already tonight. I had a really productive morning and felt a nice sense of accomplishment. I tried to read my book but the words just swam around without meaning.","My stomach is in knots and I am constantly on edge. My hands are shaking so much that typing is becoming a struggle. Woke up gasping for air, drenched in sweat from another intense nightmare. My chest feels incredibly tight, like someone is standing on it. My stomach is in knots and I am constantly on edge. I forgot to eat lunch again because I was rearranging my bookshelf by color. My body is exhausted from being in a perpetual state of fight-or-flight. My body is exhausted from being in a perpetual state of fight-or-flight. I forgot to eat lunch again because I was rearranging my bookshelf by color.","I am terrified that I said something stupid and ruined my friendship. I am terrified that I said something stupid and ruined my friendship.","I feel this profound sense of unsafety even in my own locked home. I simply do not care about these performance milestones anymore. A sudden loud noise in the street made my heart shoot into my throat. My thoughts are swirling around like a hurricane and I can't catch one. I feel incredibly guilty for wasting another entire day doing nothing. Nothing seems to bring even a flicker of interest or pleasure anymore. I am completely paralyzed by the fear of making a terrible mistake. My nervous system is stuck on high alert and I can't seem to turn it off. I felt incredibly jumpy all day, constantly checking behind my back. I feel so restless, like I need to run away but I don't know where.","I keep remembering that one presentation where my voice cracked. Memories of what happened are crashing through my brain like uninvited ghosts. I keep remembering old mistakes and cringing at my younger self. I keep remembering that one presentation where my voice cracked. I look at old photos of me smiling and wonder who that person was.","I felt incredibly jumpy all day, constantly checking behind my back. I feel content and at peace with where things are headed right now. I have been sitting at my desk for nine hours and accomplished absolutely nothing. I feel completely detached from my body, like I'm watching myself from above. I feel completely detached from my body, like I'm watching myself from above. Today felt balanced, calm, and relatively straightforward. Another meeting that could have been an email, wasting my remaining energy. I am completely paralyzed by the fear of making a terrible mistake.","I went to a small gathering but felt like everyone was silently judging me. My phone kept ringing but I let it go to voicemail every time. Cancelling plans has become my favorite hobby lately because of my exhaustion. I sat with my back to the wall at the restaurant, scanning the exit doors. I was able to support my coworker through a difficult issue today. I snapped at my brother when he startled me by walking into the kitchen. I cancelled our weekend plans because I can't pretend to be happy. I am terrified that I said something stupid and ruined my friendship. Had an absolute blast hanging out with Marcus and Jenna at the local park.",PTSD
P204,25,Male,"Quantitative Analyst",PhD,disorganized,exclamations,Yes,academic,"I feel completely pronounced depersonalization/dissociation, like I'm watching myself from above! I feel this intense restlessness and boredom that actually feels physically uncomfortable!!! I feel so frustrated w/ my executive attention impairments and pay attention!!! I had a rly productive morning and felt a nice sense of accomplishment! I feel so restless, like I need to run away but idk where!","I am constantly fidgeting, tapping my feet, and chewing on my pen!!! My hands are shaking so much that typing is becoming a struggle! I feel incredibly dizzy and nauseous from this constant state of alertness! Took a nice afternoon stretch and drank plenty of water today! I forgot to eat lunch today, honestly food just tastes like cardboard lately! I have been pacing around my room for an hour trying to remember what I was doing! Took a nice afternoon stretch and drank plenty of water today! I am constantly fidgeting, tapping my feet, and chewing on my pen!!! My chest feels incredibly tight, like someone is standing on it!","My friends asked me to choose a restaurant and my brain completely froze from pressure! I interrupted my friend three times today bcs I was excited about an idea! Spent a quiet evening playing board games w/ my family, which was lovely! I interrupted my friend three times today bcs I was excited about an idea!","I spent five hours prolonged attentional focus a random Wikipedia article about history! I am constantly starting new tasks while my desk is covered in unfinished work! I spent five hours prolonged attentional focus a random Wikipedia article about history!!! I feel incredibly guilty for wasting another entire day doing nothing! I am so tired of feeling like an absolute psychological liability to everyone around me! I am constantly starting new tasks while my desk is covered in unfinished work! I feel this constant, generalized somatic hyperarousal in the pit of my stomach!","I had a sudden, intrusive cognitive recall of that night that felt so real I forgot where I actually was! I was remembering our summer trip and smiling at the memories! I look at old photos of me smiling and wonder who that person was! Thought about how much I've grown over the last few years and felt proud! I keep remembering all these great ideas I had but never actually finished! A specific smell today instantly transported me back to that the distressing index event in my past! I look at old photos of me smiling and wonder who that person was!!!","I dealt w/ a minor transient stressor today but managed to keep things in perspective! I feel so restless, like I need to run away but idk where! My clients are complaining and I feel completely disconnected from the outcomes!","I lost my car keys twice today and was late meeting my friends, again!!! I sat w/ my back to the wall at the restaurant, scanning the exit doors! My friends asked me to choose a restaurant and my brain completely froze from pressure! I feel bad for talking so fast that ppl struggle to keep up w/ me! I rehearsed my entire conversation in my head before saying a single word! I lost my car keys twice today and was late meeting my friends, again!!! I feel so isolated, but the thought of talking to someone makes me shudder! I snapped at my brother when he startled me by walking into the kitchen! We went out to a new Italian bistro in town and laughed for hours! I totally forgot to reply to ten text messages that I opened this morning!",ADHD
P205,22,Female,"Senior Research Scientist",PhD,formal,ellipses,No,academic,"The existential disillusionment in me is completely taking over at this point... I looked at my computer screen and literally wanted to throw it out the window... My inbox is overflowing with urgent requests that aren't actually urgent... My thoughts are swirling around like a hurricane and I can't catch one... I spent three hours overanalyzing a single text message from my colleague... Every single email from my manager feels like a personal attack... I spent the afternoon copy-pasting numbers on a spreadsheet while feeling like a zombie... Every minor detail feels like a massive crisis waiting to happen...","My shoulders are permanently glued to my ears from pure tension... My hands are shaking so much that typing is becoming a struggle... I have zero energy left to even brush my hair or change my clothes... Sleeping for twelve hours didn't do anything to cure this tiredness... I forgot to eat lunch again because I was rearranging my bookshelf by color... I haven't had a full night of uninterrupted sleep in what feels like months... I am profound somatic fatigue but as soon as my head hits the pillow, my brain stays awake...","I sat with my back to the wall at the restaurant, scanning the exit doors... I ended up leaving early because the crowded room felt suffocating...","There is this deep ache in my chest that refuses to lift... I felt incredibly hypervigilant sensory responses all day, constantly checking behind my back... I looked at my computer screen and literally wanted to throw it out the window... I feel so restless, like I need to run away but I don't know where... Another meeting that could have been an email, wasting my remaining energy... My mind is on an absolute loop of 'catastrophic cognitive distortions' that I cannot shut down... Another meeting that could have been an email, wasting my remaining energy...","Stumbled upon an old project folder and couldn't believe how much effort I used to put in... I remember when I actually used to be passionate about this job... Thinking back to last year when I had motivation and drive... I look at old photos of me smiling and wonder who that person was... I keep remembering old mistakes and cringing at my younger self... I keep remembering that one presentation where my voice cracked... My mind suddenly recalled a minor argument from five years ago and now I can't sleep...","It feels like I am carrying a mountain on my back just to walk to the kitchen... My thoughts are swirling around like a hurricane and I can't catch one... Woke up staring at the ceiling, experiencing acute anticipatory occupational anxiety... My thoughts are swirling around like a hurricane and I can't catch one... There is a persistent, heavy severe anhedonic state sitting over everything today... My mind is on an absolute loop of 'catastrophic cognitive distortions' that I cannot shut down... I have been sitting at my desk for nine hours and demonstrated negligible cognitive productivity...","I just want to be left alone in a dark room with absolutely zero noise... My friends asked me to choose a restaurant and my brain completely froze from pressure... My phone kept ringing but I let it go to voicemail every time... Sarah invited me out for drinks but I ignored her text message...",Burnout
P206,63,Non-binary,"Graphic Designer",Bachelor's,narrative,ellipses,Yes,professional,"My nervous system is stuck on high alert and I can't seem to turn it off... I am completely paralyzed by the fear of making a terrible mistake... I dealt w/ a minor setback today but managed to keep things in perspective... I dealt w/ a minor setback today but managed to keep things in perspective... Every minor detail feels like a massive crisis waiting to happen... I felt a wave of gratitude while drinking my tea and watching the rain... My mind is on an absolute loop of 'what-ifs' that I cannot shut down... Had some time to reflect on my personal goals and felt quite optimistic... A wave of intense, irrational anger washed over me out of nowhere...","Took a nice afternoon stretch and drank plenty of water today... Woke up feeling refreshed and ready to take on the day's tasks... I feel physically energetic, healthy, and in tune w/ my body's needs... I feel physically energetic, healthy, and in tune w/ my body's needs... Took a nice afternoon stretch and drank plenty of water today... Took a nice afternoon stretch and drank plenty of water today... Cooked a nutritious dinner w/ fresh vegetables and slept very soundly...","I had a rly honest, supportive conversation w/ my mom on the phone... We went out to a new Italian bistro in town and laughed for hours... Had an absolute blast hanging out w/ Marcus and Jenna at the local park...","I feel content and at peace w/ where things are headed right now... I had a rly productive morning and felt a nice sense of accomplishment... It feels like I am carrying a mountain on my back just to walk to the kitchen... I felt a wave of gratitude while drinking my tea and watching the rain... I had a rly productive morning and felt a nice sense of accomplishment...","I recalled some helpful advice my mentor gave me a few years ago... I was remembering our summer trip and smiling at the memories... Remembering old times w/ high school friends made me text them to catch up... Remembering old times w/ high school friends made me text them to catch up... Thought about how much I've grown over the last few years and felt proud...","My nervous system is stuck on high alert and I can't seem to turn it off... I dealt w/ a minor setback today but managed to keep things in perspective... Everything feels incredibly urgent and I am constantly waiting for the other shoe to drop... Had some time to reflect on my personal goals and felt quite optimistic... I dealt w/ a minor setback today but managed to keep things in perspective... A sudden loud noise in the street made my heart shoot into my throat...","Spent a quiet evening playing board games w/ my family, which was lovely... I was able to support my coworker through a difficult issue today...",Healthy
P207,62,Male,"Astrophysicist",PhD,formal,standard,No,academic,"I feel incredibly guilty for wasting another entire day doing nothing. I tried to read my book but the words just swam around without meaning. There is a persistent, heavy severe anhedonic state sitting over everything today.","I feel incredibly dizzy and nauseous from this constant state of alertness. My body is exhausted from being in a perpetual state of fight-or-flight. My body is exhausted from being in a perpetual state of fight-or-flight. My chest feels incredibly tight, like someone is standing on it. I feel like a severe depersonalization state of myself, just going through the motions. My body feels heavy, sluggish, and constantly on the verge of collapsing. Even taking a shower felt like an Olympian task that required days of planning.","Everyone else is out living their lives while I am stuck in this depressive paralysis. We went out to a new Italian bistro in town and laughed for hours. We went out to a new Italian bistro in town and laughed for hours. I don't have the emotional capacity to listen to anyone else's problems. I don't have the emotional capacity to listen to anyone else's problems. My partner tried to talk about dinner and I completely snapped at them.","I feel incredibly guilty for wasting another entire day doing nothing. Woke up at 2 PM and lay in bed staring at the wall until dark. I looked at my computer screen and literally wanted to throw it out the window. The silence in my apartment is deafening, yet I don't want to break it. I feel this constant, generalized somatic hyperarousal in the pit of my stomach.","I keep remembering old mistakes and cringing at my younger self. Remembering old failures and worrying that history is bound to repeat itself today. I was remembering our summer trip and smiling at the memories. I keep remembering old mistakes and cringing at my younger self. I look at old photos of me smiling and wonder who that person was.","I feel this profound sense of persistent threat-appraisal bias even in my own locked home. I feel completely pronounced depersonalization/dissociation, like I'm watching myself from above. I felt a positive psychological orientation while drinking my tea and watching the rain. My brain is running at a hundred miles an hour but going nowhere. Nothing seems to bring even a flicker of interest or pleasure anymore. I felt a positive psychological orientation while drinking my tea and watching the rain. I cried in the shower this morning for no concrete reason.","I cancelled our weekend plans because I can't pretend to be happy. My partner tried to talk about dinner and I completely snapped at them. Everyone else is out living their lives while I am stuck in this depressive paralysis. I feel completely existential alienation to the world, and maybe that's for the best. Spent a quiet evening playing board games with my family, which was lovely. I feel so isolated, but the thought of talking to someone makes me shudder. I just want to be left alone in a dark room with absolutely zero noise. I feel completely existential alienation to the world, and maybe that's for the best.",Depression
P208,47,Male,"Delivery Driver",High School,narrative,ellipses,No,colloquial,"My mind is on an absolute loop of 'what-ifs' that I cannot shut down... I feel so restless, like I need to run away but I don't know where... My thoughts are swirling around like a hurricane and I can't catch one... Every minor detail feels like a massive crisis waiting to happen... I am completely paralyzed by the fear of making a terrible mistake... There is this deep ache in my chest that refuses to lift...","I forgot to eat lunch today, honestly food just tastes like cardboard lately... My body feels heavy, sluggish, and constantly on the verge of collapsing... I feel incredibly dizzy and nauseous from this constant state of alertness... Woke up feeling refreshed and ready to take on the day's tasks... My limbs feel like they are filled with lead blocks... I have zero energy left to even brush my hair or change my clothes...","Everyone else is out living their lives while I am stuck in this quicksand... Had an absolute blast hanging out with Marcus and Jenna at the local park... I cancelled our weekend plans because I can't pretend to be happy... I went to a small gathering but felt like everyone was silently judging me... I am terrified that I said something stupid and ruined my friendship... I feel completely invisible to the world, and maybe that's for the best... I rehearsed my entire conversation in my head before saying a single word... I am terrified that I said something stupid and ruined my friendship... Had an absolute blast hanging out with Marcus and Jenna at the local park...","I cried in the shower this morning for no concrete reason... I feel incredibly guilty for wasting another entire day doing nothing...","Stumbled upon an old project folder and couldn't believe how much effort I used to put in... I keep remembering old mistakes and cringing at my younger self... I was remembering our summer trip and smiling at the memories... I remember when I actually used to be passionate about this job...","Everything feels incredibly urgent and I am constantly waiting for the other shoe to drop... Nothing seems to bring even a flicker of interest or pleasure anymore... I have checked my locked door five times already tonight... I feel content and at peace with where things are headed right now...","I am terrified that I said something stupid and ruined my friendship... My phone kept ringing but I let it go to voicemail every time... I ended up leaving early because the crowded room felt suffocating... Everyone else is out living their lives while I am stuck in this quicksand... I feel completely invisible to the world, and maybe that's for the best... We went out to a new Italian bistro in town and laughed for hours... My friends asked me to choose a restaurant and my brain completely froze from pressure... I am putting up massive walls to keep people from getting too close to me... My friends asked me to choose a restaurant and my brain completely froze from pressure...",Anxiety
P209,24,Male,"Administrative Assistant",High School,normal,exclamations,Yes,simple,"I feel completely numb, as if all my emotions have been drained out! I spent three hours overanalyzing a single text message from my colleague! I felt a wave of gratitude while drinking my tea and watching the rain! I am so tired of feeling like an absolute burden to everyone around me! Every minor detail feels like a massive crisis waiting to happen!!! I feel this intense restlessness and boredom that actually feels physically uncomfortable!","Woke up feeling refreshed and ready to take on the day's tasks! Even taking a shower felt like an Olympian task that required days of planning! I have zero energy left to even brush my hair or change my clothes! Woke up gasping for air, drenched in sweat from another intense nightmare!!! Even taking a shower felt like an Olympian task that required days of planning! I feel incredibly dizzy and nauseous from this constant state of alertness!!!","My phone kept ringing but I let it go to voicemail every time! I ended up leaving early bcs the crowded room felt suffocating! My phone kept ringing but I let it go to voicemail every time!!! I totally forgot to reply to ten text messages that I opened this morning! I feel like an outsider who can't connect w/ normal human experiences! I don't have the emotional capacity to listen to anyone else's problems!!! I feel so isolated, but the thought of talking to someone makes me shudder! I feel like an outsider who can't connect w/ normal human experiences! My friends asked me to choose a restaurant and my brain completely froze from pressure! I feel completely invisible to the world, and maybe that's for the best!","A wave of intense, irrational anger washed over me out of nowhere!!! I am so incredibly overwhelmed by the sheer volume of my own thoughts! I feel completely detached from my body, like I'm watching myself from above!!!","I spent the afternoon trying to push down images of past experiences that kept resurfacing! I keep remembering that one presentation where my voice cracked! Remembering old failures and worrying that history is bound to repeat itself today! Thought about that chore I started this morning and realized it is still half-done! I keep remembering that one presentation where my voice cracked! A specific smell today instantly transported me back to that difficult moment in my past! Memories of what happened are crashing through my brain like uninvited ghosts! I keep remembering old mistakes and cringing at my younger self! I keep remembering old mistakes and cringing at my younger self! I look at old photos of me smiling and wonder who that person was!","I feel this profound sense of unsafety even in my own locked home! My thoughts are swirling around like a hurricane and I can't catch one! Nothing seems to bring even a flicker of interest or pleasure anymore! I feel this profound sense of unsafety even in my own locked home!!! I cried in the shower this morning for no concrete reason! I am completely paralyzed by the fear of making a terrible mistake! I felt incredibly jumpy all day, constantly checking behind my back! I feel this constant, buzzing dread in the pit of my stomach! Woke up at 2 PM and lay in bed staring at the wall until dark! I am so tired of feeling like an absolute burden to everyone around me!!!","I went to a small gathering but felt like everyone was silently judging me! Everyone else is out living their lives while I am stuck in this quicksand! I feel completely invisible to the world, and maybe that's for the best!!!",PTSD
P210,61,Male,"Graphic Designer",Bachelor's,disorganized,standard,Yes,colloquial,"I spent five hours completely lost in reading a random Wikipedia article about history. I feel this intense restlessness and boredom that actually feels physically uncomfortable. I feel so frustrated w/ my inability to just settle down and pay attention.","My chest feels incredibly tight, like someone is standing on it. I feel physically energetic, healthy, and in tune w/ my body's needs. I feel physically energetic, healthy, and in tune w/ my body's needs. My limbs feel like they are filled w/ lead blocks.","I lost my car keys twice today and was late meeting my friends, again. I went to a small gathering but felt like everyone was silently judging me. We went out to a new Italian bistro in town and laughed for hours. I cancelled our weekend plans bcs I can't pretend to be happy. I am putting up massive walls to keep ppl from getting too close to me. I went to a small gathering but felt like everyone was silently judging me. We went out but my mind drifted and I missed the entire punchline of the story.","Today felt balanced, calm, and relatively straightforward. A sudden loud noise in the street made my heart shoot into my throat. My mind feels like it's racing w/ twenty different thoughts competing for space at once. Woke up staring at the ceiling, dreading the morning standup. There is this deep ache in my chest that refuses to lift. My mind feels like it's racing w/ twenty different thoughts competing for space at once. I had a rly productive morning and felt a nice sense of accomplishment. My attention is constantly drifting off in the middle of standard conversations. Had some time to reflect on my personal goals and felt quite optimistic.","I look at old photos of me smiling and wonder who that person was. Suddenly remembered that bill I was supposed to pay three weeks ago. Thought about that chore I started this morning and realized it is still half-done.","I am constantly starting new tasks while my desk is covered in unfinished work. A wave of intense, irrational anger washed over me out of nowhere. I am constantly starting new tasks while my desk is covered in unfinished work. My mind feels like it's racing w/ twenty different thoughts competing for space at once.","I feel bad for talking so fast that ppl struggle to keep up w/ me. I interrupted my friend three times today bcs I was excited about an idea. I cancelled our weekend plans bcs I can't pretend to be happy. I interrupted my friend three times today bcs I was excited about an idea. I feel bad for talking so fast that ppl struggle to keep up w/ me.",ADHD
P211,26,Non-binary,"Bartender",High School,normal,minimal,No,colloquial,"I am so incredibly overwhelmed by the sheer volume of my own thoughts. They keep asking for more deliverables but my tank has been empty for weeks. My mind is on an absolute loop of 'what-ifs' that I cannot shut down. My clients are complaining and I feel completely disconnected from the outcomes. I feel this intense restlessness and boredom that actually feels physically uncomfortable. I feel this intense restlessness and boredom that actually feels physically uncomfortable. I spent the afternoon copy-pasting numbers on a spreadsheet while feeling like a zombie. I feel incredibly guilty for wasting another entire day doing nothing. They keep asking for more deliverables but my tank has been empty for weeks. I simply do not care about these performance milestones anymore.","My chest feels incredibly tight, like someone is standing on it. Even taking a shower felt like an Olympian task that required days of planning. I have been pacing around my room for an hour trying to remember what I was doing. My shoulders are permanently glued to my ears from pure tension.","I had a really honest, supportive conversation with my mom on the phone. I ended up leaving early because the crowded room felt suffocating. I am terrified that I said something stupid and ruined my friendship. I cancelled our weekend plans because I can't pretend to be happy. I just want to be left alone in a dark room with absolutely zero noise. My friends asked me to choose a restaurant and my brain completely froze from pressure.","Nothing seems to bring even a flicker of interest or pleasure anymore. I spent the afternoon copy-pasting numbers on a spreadsheet while feeling like a zombie. My inbox is overflowing with urgent requests that aren't actually urgent. I feel so restless, like I need to run away but I don't know where. My mind feels like it's racing with twenty different thoughts competing for space at once. I felt a wave of gratitude while drinking my tea and watching the rain. My mind is on an absolute loop of 'what-ifs' that I cannot shut down.","Stumbled upon an old project folder and couldn't believe how much effort I used to put in. I recalled how excited I was on my first day here, which feels like a comedy now. Stumbled upon an old project folder and couldn't believe how much effort I used to put in. My mind suddenly recalled a minor argument from five years ago and now I can't sleep. I recalled some helpful advice my mentor gave me a few years ago. I recalled how excited I was on my first day here, which feels like a comedy now. I keep remembering that one presentation where my voice cracked. I recalled how excited I was on my first day here, which feels like a comedy now. I remember when I actually used to be passionate about this job. I was thinking about how simple things used to be before this heaviness took over.","I have been sitting at my desk for nine hours and accomplished absolutely nothing. The silence in my apartment is deafening, yet I don't want to break it. I have been sitting at my desk for nine hours and accomplished absolutely nothing. My brain is running at a hundred miles an hour but going nowhere. Woke up staring at the ceiling, dreading the morning standup. I have been sitting at my desk for nine hours and accomplished absolutely nothing. I looked at my computer screen and literally wanted to throw it out the window.","We went out but my mind drifted and I missed the entire punchline of the story. I feel completely invisible to the world, and maybe that's for the best. I cancelled our weekend plans because I can't pretend to be happy. I feel bad for talking so fast that people struggle to keep up with me. I feel so isolated, but the thought of talking to someone makes me shudder. My friends asked me to choose a restaurant and my brain completely froze from pressure. I had a really honest, supportive conversation with my mom on the phone.",Burnout
P212,34,Female,"Security Guard",High School,disorganized,exclamations,Yes,simple,"I felt a wave of gratitude while drinking my tea and watching the rain! I felt a wave of gratitude while drinking my tea and watching the rain!!! I had a rly productive morning and felt a nice sense of accomplishment! Had some time to reflect on my personal goals and felt quite optimistic! I dealt w/ a minor setback today but managed to keep things in perspective! I feel content and at peace w/ where things are headed right now! I am constantly starting new tasks while my desk is covered in unfinished work!!! My mind feels like it's racing w/ twenty different thoughts competing for space at once! Had some time to reflect on my personal goals and felt quite optimistic!!!","Cooked a nutritious dinner w/ fresh vegetables and slept very soundly! I went for a long run after work and felt a great release of tension!!!","I was able to support my coworker through a difficult issue today! I had a rly honest, supportive conversation w/ my mom on the phone!!! We went out to a new Italian bistro in town and laughed for hours! Spent a quiet evening playing board games w/ my family, which was lovely! I totally forgot to reply to ten text messages that I opened this morning! Had an absolute blast hanging out w/ Marcus and Jenna at the local park! Had an absolute blast hanging out w/ Marcus and Jenna at the local park! I lost my car keys twice today and was late meeting my friends, again! We went out to a new Italian bistro in town and laughed for hours! Cancelling plans has become my favorite hobby lately bcs of my exhaustion!","I felt a wave of gratitude while drinking my tea and watching the rain!!! I spent five hours completely lost in reading a random Wikipedia article about history!!! I feel content and at peace w/ where things are headed right now!!! There is a persistent, heavy grey fog sitting over everything today! Had some time to reflect on my personal goals and felt quite optimistic!!! I feel content and at peace w/ where things are headed right now! I feel completely detached from my body, like I'm watching myself from above! Today felt balanced, calm, and relatively straightforward!","Remembering old times w/ high school friends made me text them to catch up! I recalled how excited I was on my first day here, which feels like a comedy now!!! I keep remembering all these great ideas I had but never actually finished! I recalled some helpful advice my mentor gave me a few years ago! Thinking back to last year when I had motivation and drive! Remembering old times w/ high school friends made me text them to catch up! I was remembering our summer trip and smiling at the memories! I keep remembering old mistakes and cringing at my younger self! I was remembering our summer trip and smiling at the memories!","Today felt balanced, calm, and relatively straightforward! A sudden loud noise in the street made my heart shoot into my throat! I felt a wave of gratitude while drinking my tea and watching the rain! I dealt w/ a minor setback today but managed to keep things in perspective! Another meeting that could have been an email, wasting my remaining energy! My thoughts are swirling around like a hurricane and I can't catch one! My mind feels like it's racing w/ twenty different thoughts competing for space at once!","We went out to a new Italian bistro in town and laughed for hours! I don't have the emotional capacity to listen to anyone else's problems!!! Spent a quiet evening playing board games w/ my family, which was lovely!!! I had a rly honest, supportive conversation w/ my mom on the phone! I had a rly honest, supportive conversation w/ my mom on the phone!",Healthy
P213,45,Male,"Construction Worker",High School,normal,exclamations,No,colloquial,"Every minor detail feels like a massive crisis waiting to happen!!! Today felt balanced, calm, and relatively straightforward! I tried to read my book but the words just swam around without meaning!","My throat feels tight and it feels like I am struggling to get enough oxygen!!! My throat feels tight and it feels like I am struggling to get enough oxygen! I feel incredibly dizzy and nauseous from this constant state of alertness! My chest feels incredibly tight, like someone is standing on it! My heart is pounding against my ribs for absolutely no reason! Even taking a shower felt like an Olympian task that required days of planning! Woke up with a massive burst of creative energy at 3 AM and started painting! I feel like a hollow shell of myself, just going through the motions!","I am terrified that I said something stupid and ruined my friendship! Had an absolute blast hanging out with Marcus and Jenna at the local park! My phone kept ringing but I let it go to voicemail every time! I feel completely invisible to the world, and maybe that's for the best! My friends asked me to choose a restaurant and my brain completely froze from pressure!","I spent the afternoon copy-pasting numbers on a spreadsheet while feeling like a zombie!!! My inbox is overflowing with urgent requests that aren't actually urgent!!!","I keep remembering old mistakes and cringing at my younger self!!! Remembering old failures and worrying that history is bound to repeat itself today!!!","The cynic in me is completely taking over at this point! I have checked my locked door five times already tonight! It feels like I am carrying a mountain on my back just to walk to the kitchen! There is this deep ache in my chest that refuses to lift! I felt incredibly jumpy all day, constantly checking behind my back! I feel this constant, buzzing dread in the pit of my stomach! Every minor detail feels like a massive crisis waiting to happen! I feel incredibly guilty for wasting another entire day doing nothing!","Everyone else is out living their lives while I am stuck in this quicksand! My partner tried to talk about dinner and I completely snapped at them! I cancelled our weekend plans because I can't pretend to be happy!!! I am terrified that I said something stupid and ruined my friendship!",Depression
P214,46,Male,"Customer Service Agent",High School,disorganized,exclamations,No,colloquial,"My mind is on an absolute loop of 'what-ifs' that I cannot shut down! Had some time to reflect on my personal goals and felt quite optimistic! I cried in the shower this morning for no concrete reason!!! I looked at my computer screen and literally wanted to throw it out the window! I simply do not care about these performance milestones anymore!!!","I went for a long run after work and felt a great release of tension! My stomach is in knots and I am constantly on edge! My throat feels tight and it feels like I am struggling to get enough oxygen!!! Even taking a shower felt like an Olympian task that required days of planning! My throat feels tight and it feels like I am struggling to get enough oxygen! I have been pacing around my room for an hour trying to remember what I was doing! My body feels heavy, sluggish, and constantly on the verge of collapsing! Woke up feeling refreshed and ready to take on the day's tasks!","My friends asked me to choose a restaurant and my brain completely froze from pressure! I feel so isolated, but the thought of talking to someone makes me shudder! We went out to a new Italian bistro in town and laughed for hours! My phone kept ringing but I let it go to voicemail every time! I cancelled our weekend plans because I can't pretend to be happy!!! I cancelled our weekend plans because I can't pretend to be happy! We went out to a new Italian bistro in town and laughed for hours! I feel completely invisible to the world, and maybe that's for the best!!!","I simply do not care about these performance milestones anymore! I have checked my locked door five times already tonight! Everything feels incredibly urgent and I am constantly waiting for the other shoe to drop! My nervous system is stuck on high alert and I can't seem to turn it off! I dealt with a minor setback today but managed to keep things in perspective! My brain is running at a hundred miles an hour but going nowhere! Woke up at 2 PM and lay in bed staring at the wall until dark!!! I looked at my computer screen and literally wanted to throw it out the window! Everything feels incredibly urgent and I am constantly waiting for the other shoe to drop!!! Had some time to reflect on my personal goals and felt quite optimistic!!!","My mind suddenly recalled a minor argument from five years ago and now I can't sleep!!! I recalled some helpful advice my mentor gave me a few years ago! Stumbled upon an old project folder and couldn't believe how much effort I used to put in!!! My brain is on a constant loop of recalling every friendship I've ruined! I keep remembering that one presentation where my voice cracked!","I am completely paralyzed by the fear of making a terrible mistake! I am so incredibly overwhelmed by the sheer volume of my own thoughts! Every minor detail feels like a massive crisis waiting to happen! I have checked my locked door five times already tonight! I dealt with a minor setback today but managed to keep things in perspective! Everything feels incredibly urgent and I am constantly waiting for the other shoe to drop!!! The cynic in me is completely taking over at this point! I have checked my locked door five times already tonight!","My partner tried to talk about dinner and I completely snapped at them! I snapped at my brother when he startled me by walking into the kitchen!!! I feel completely invisible to the world, and maybe that's for the best! My friends asked me to choose a restaurant and my brain completely froze from pressure! I ended up leaving early because the crowded room felt suffocating!!! My friends asked me to choose a restaurant and my brain completely froze from pressure! I ended up leaving early because the crowded room felt suffocating! I ended up leaving early because the crowded room felt suffocating!!!",Anxiety
P215,51,Male,"Quantitative Analyst",PhD,formal,standard,No,academic,"Woke up at 2 PM and lay in bed staring at the wall until dark. The existential disillusionment in me is completely taking over at this point. I have checked my locked door five times already tonight.","My body is exhausted from being in a perpetual state of fight-or-flight. I haven't had a full night of uninterrupted sleep in what feels like months. My stomach is in knots and I am constantly on edge. I feel tense, rigid, and my muscles are aching from constant bracing. I feel incredibly dizzy and nauseous from this constant state of alertness. I feel tense, rigid, and my muscles are aching from constant bracing. My heart is pounding against my ribs for absolutely no reason. I forgot to eat lunch today, honestly food just tastes like cardboard lately.","I rehearsed my entire conversation in my head before saying a single word. I feel so isolated, but the thought of talking to someone makes me shudder.","I had a really productive morning and felt a nice sense of accomplishment. There is a persistent, heavy severe anhedonic state sitting over everything today.","Remembering old failures and worrying that history is bound to repeat itself today. I spent the afternoon trying to push down images of past experiences that kept resurfacing. I had a sudden, intrusive cognitive recall of that night that felt so real I forgot where I actually was. I keep remembering old mistakes and cringing at my younger self. I keep remembering old mistakes and cringing at my younger self. I had a sudden, intrusive cognitive recall of that night that felt so real I forgot where I actually was. Thought about that chore I started this morning and realized it is still half-done. I spent the afternoon trying to push down images of past experiences that kept resurfacing. A specific smell today instantly transported me back to that the distressing index event in my past.","I feel this intense restlessness and boredom that actually feels physically uncomfortable. The existential disillusionment in me is completely taking over at this point. I feel this profound sense of persistent threat-appraisal bias even in my own locked home. I cried in the shower this morning for no concrete reason. Woke up staring at the ceiling, experiencing acute anticipatory occupational anxiety. Nothing seems to bring even a flicker of interest or pleasure anymore. I felt incredibly hypervigilant sensory responses all day, constantly checking behind my back. I feel so restless, like I need to run away but I don't know where. A sudden loud noise in the street made my heart shoot into my throat. Every minor detail feels like a massive crisis waiting to happen.","I ended up leaving early because the crowded room felt suffocating. I don't have the emotional capacity to listen to anyone else's problems. My friends asked me to choose a restaurant and my brain completely froze from pressure. I went to a small gathering but felt like everyone was silently judging me. I cancelled our weekend plans because I can't pretend to be happy. I feel bad for talking so fast that people struggle to keep up with me. I ended up leaving early because the crowded room felt suffocating. I snapped at my brother when he startled me by walking into the kitchen. We went out to a new Italian bistro in town and laughed for hours.",PTSD
P216,38,Female,"Nurse Practitioner",Master's,disorganized,exclamations,Yes,colloquial,"I spent five hours prolonged attentional focus a random Wikipedia article about history! My thoughts are swirling around like a hurricane and I can't catch one!","My heart is pounding against my ribs for absolutely no reason! Woke up w/ a massive burst of creative energy at 3 AM and started painting! I went for a long run after work and felt a great release of tension!","I am terrified that I said sth stupid and ruined my friendship! I avoid going to crowded places bcs they trigger a deep panic! I interrupted my friend three times today bcs I was excited about an idea!!!","I feel optimal affective equilibrium and at peace w/ where things are headed right now! I feel so frustrated w/ my executive attention impairments and pay attention! I am so tired of feeling like an absolute psychological liability to everyone around me!!! I am constantly starting new tasks while my desk is covered in unfinished work! I tried to read my book but the words just swam around w/o meaning! I am constantly starting new tasks while my desk is covered in unfinished work! Today felt balanced, calm, and relatively straightforward! I feel so frustrated w/ my executive attention impairments and pay attention! My attention is constantly drifting off in the middle of standard conversations!","Suddenly remembered that bill I was supposed to pay three weeks ago!!! I keep remembering that one presentation where my voice cracked! I look at old photos of me smiling and wonder who that person was! Thought about that chore I started this morning and realized it is still half-done! Suddenly remembered that bill I was supposed to pay three weeks ago! My mind suddenly recalled a minor argument from five years ago and now I can't sleep! I keep remembering all these great ideas I had but never actually finished!!!","My mind feels like it's severe cognitive hyperactivity competing for space at once! My mind feels like it's severe cognitive hyperactivity competing for space at once!","I feel like an outsider who can't connect w/ normal human experiences! I interrupted my friend three times today bcs I was excited about an idea! My phone kept ringing but I let it go to voicemail every time! I am terrified that I said sth stupid and ruined my friendship! Spent a quiet evening playing board games w/ my family, which was lovely! I snapped at my brother when he startled me by walking into the kitchen!!! My friends asked me to choose a restaurant and my brain completely froze from pressure! I feel bad for talking so fast that ppl struggle to keep up w/ me! I interrupted my friend three times today bcs I was excited about an idea! I went to a small gathering but felt like everyone was silently judging me!",ADHD
P217,32,Male,"Nurse Practitioner",Master's,highly-emotional,standard,No,professional,"I looked at my computer screen and literally wanted to throw it out the window. They keep asking for more deliverables but my tank has been empty for weeks. They keep asking for more deliverables but my tank has been empty for weeks. My clients are complaining and I feel completely disconnected from the outcomes. I have been sitting at my desk for nine hours and demonstrated negligible cognitive productivity. I am so tired of feeling like an absolute psychological liability to everyone around me. I tried to read my book but the words just swam around without meaning. Every single email from my manager feels like a personal attack. My mind is on an absolute loop of 'catastrophic cognitive distortions' that I cannot shut down. I tried to read my book but the words just swam around without meaning.","Woke up feeling refreshed and ready to take on the day's tasks. My shoulders are permanently glued to my ears from pure tension.","We went out but my mind drifted and I missed the entire punchline of the story. I don't have the emotional capacity to listen to anyone else's problems.","My inbox is overflowing with urgent requests that aren't actually urgent. I spent the afternoon copy-pasting numbers on a spreadsheet while feeling like a zombie. I feel completely emotional blunting, as if all my emotions have been drained out. I cried in the shower this morning for no concrete reason. Every minor detail feels like a massive crisis waiting to happen. My inbox is overflowing with urgent requests that aren't actually urgent. I tried to read my book but the words just swam around without meaning. I spent the afternoon copy-pasting numbers on a spreadsheet while feeling like a zombie.","I recalled how excited I was on my first day here, which feels like a comedy now. Stumbled upon an old project folder and couldn't believe how much effort I used to put in. I keep remembering old mistakes and cringing at my younger self. I keep remembering that one presentation where my voice cracked. I keep remembering that one presentation where my voice cracked. I remember when I actually used to be passionate about this job.","I am so incredibly overwhelmed by the sheer volume of my own thoughts. I spent the afternoon copy-pasting numbers on a spreadsheet while feeling like a zombie. Every single email from my manager feels like a personal attack. The existential disillusionment in me is completely taking over at this point.","I rehearsed my entire conversation in my head before saying a single word. Cancelling plans has become my favorite hobby lately because of my exhaustion. My partner tried to talk about dinner and I completely snapped at them. I am terrified that I said something stupid and ruined my friendship. Sarah invited me out for drinks but I ignored her text message. Everyone else is out living their lives while I am stuck in this depressive paralysis. I totally forgot to reply to ten text messages that I opened this morning. I avoid going to crowded places because they trigger a deep panic. I cancelled our weekend plans because I can't pretend to be happy.",Burnout
P218,38,Female,"AI Ethics Researcher",PhD,disorganized,exclamations,No,academic,"I am constantly starting new tasks while my desk is covered in unfinished work! I cried in the shower this morning for no concrete reason! I had a really productive morning and felt a nice sense of accomplishment! I had a really productive morning and felt a nice sense of accomplishment!","I feel physically energetic, healthy, and in tune with my body's needs! My throat feels tight and it feels like I am struggling to get enough oxygen! My chest feels incredibly tight, like someone is standing on it!","I was able to support my coworker through a difficult issue today! Everyone else is out living their lives while I am stuck in this depressive paralysis! I rehearsed my entire conversation in my head before saying a single word!!! Had an absolute blast hanging out with Marcus and Jenna at the local park! Had an absolute blast hanging out with Marcus and Jenna at the local park! I don't have the emotional capacity to listen to anyone else's problems!","The existential disillusionment in me is completely taking over at this point! I felt a positive psychological orientation while drinking my tea and watching the rain!!! I had a really productive morning and felt a nice sense of accomplishment! I had a really productive morning and felt a nice sense of accomplishment! My nervous system is stuck on high alert and I can't seem to turn it off! Had some time to reflect on my personal goals and felt quite optimistic! I am completely paralyzed by the fear of making a terrible mistake!","I look at old photos of me smiling and wonder who that person was!!! Thought about how much I've grown over the last few years and felt proud! I keep remembering that one presentation where my voice cracked! My mind suddenly recalled a minor argument from five years ago and now I can't sleep! I was remembering our summer trip and smiling at the memories! I was remembering our summer trip and smiling at the memories!!! My brain is on a constant loop of recalling every friendship I've ruined! Remembering old times with high school friends made me text them to catch up!","Had some time to reflect on my personal goals and felt quite optimistic!!! I dealt with a minor transient stressor today but managed to keep things in perspective! I spent three hours overanalyzing a single text message from my colleague! I spent the afternoon copy-pasting numbers on a spreadsheet while feeling like a zombie!","I feel completely existential alienation to the world, and maybe that's for the best! I went to a small gathering but felt like everyone was silently judging me!",Healthy
P219,22,Non-binary,"Software Engineer",Bachelor's,normal,minimal,Yes,colloquial,"I feel completely numb, as if all my emotions have been drained out. I felt a wave of gratitude while drinking my tea and watching the rain. They keep asking for more deliverables but my tank has been empty for weeks. I am completely paralyzed by the fear of making a terrible mistake.","Sleeping for twelve hours didn't do anything to cure this tiredness. My shoulders are permanently glued to my ears from pure tension. My throat feels tight and it feels like I am struggling to get enough oxygen. Even taking a shower felt like an Olympian task that required days of planning. Even taking a shower felt like an Olympian task that required days of planning. My body feels heavy, sluggish, and constantly on the verge of collapsing. I feel physically energetic, healthy, and in tune w/ my body's needs.","Everyone else is out living their lives while I am stuck in this quicksand. Everyone else is out living their lives while I am stuck in this quicksand. I feel completely invisible to the world, and maybe that's for the best. I cancelled our weekend plans bcs I can't pretend to be happy. I feel so isolated, but the thought of talking to someone makes me shudder. My partner tried to talk about dinner and I completely snapped at them. Sarah invited me out for drinks but I ignored her text message. I totally forgot to reply to ten text messages that I opened this morning. I cancelled our weekend plans bcs I can't pretend to be happy. Everyone else is out living their lives while I am stuck in this quicksand.","I looked at my computer screen and literally wanted to throw it out the window. I feel incredibly guilty for wasting another entire day doing nothing. I feel so frustrated w/ my inability to just settle down and pay attention. There is this deep ache in my chest that refuses to lift. I feel this profound sense of unsafety even in my own locked home. I tried to read my book but the words just swam around w/o meaning. Woke up staring at the ceiling, dreading the morning standup. My clients are complaining and I feel completely disconnected from the outcomes.","I look at old photos of me smiling and wonder who that person was. I was thinking about how simple things used to be before this heaviness took over. My mind suddenly recalled a minor argument from five years ago and now I can't sleep. I look at old photos of me smiling and wonder who that person was. My mind suddenly recalled a minor argument from five years ago and now I can't sleep. Remembering old failures and worrying that history is bound to repeat itself today. Thinking back to last year when I had motivation and drive. Suddenly remembered that bill I was supposed to pay three weeks ago. I look at old photos of me smiling and wonder who that person was.","The silence in my apartment is deafening, yet I don't want to break it. I feel so frustrated w/ my inability to just settle down and pay attention. I feel completely numb, as if all my emotions have been drained out. I spent three hours overanalyzing a single text message from my colleague. My attention is constantly drifting off in the middle of standard conversations.","I feel completely invisible to the world, and maybe that's for the best. I am terrified that I said sth stupid and ruined my friendship. I lost my car keys twice today and was late meeting my friends, again. My friends asked me to choose a restaurant and my brain completely froze from pressure.",Depression
P220,41,Non-binary,"Barista",High School,abbreviated,exclamations,No,colloquial,"Every minor detail feels like a massive crisis waiting to happen!!! My thoughts are swirling around like a hurricane and I can't catch one! Another meeting that could have been an email, wasting my remaining energy! There is this deep ache in my chest that refuses to lift! Everything feels incredibly urgent and I am constantly waiting for the other shoe to drop! I am so incredibly overwhelmed by the sheer volume of my own thoughts!!! My inbox is overflowing with urgent requests that aren't actually urgent! A wave of intense, irrational anger washed over me out of nowhere! I am completely paralyzed by the fear of making a terrible mistake! I have been sitting at my desk for nine hours and accomplished absolutely nothing!!!","My chest feels incredibly tight, like someone is standing on it! My body feels heavy, sluggish, and constantly on the verge of collapsing!","I cancelled our weekend plans because I can't pretend to be happy! I rehearsed my entire conversation in my head before saying a single word!!! I am terrified that I said something stupid and ruined my friendship! I rehearsed my entire conversation in my head before saying a single word! We went out to a new Italian bistro in town and laughed for hours! I feel completely invisible to the world, and maybe that's for the best! I rehearsed my entire conversation in my head before saying a single word! We went out but my mind drifted and I missed the entire punchline of the story!","I am completely paralyzed by the fear of making a terrible mistake! I looked at my computer screen and literally wanted to throw it out the window!!!","I keep remembering that one presentation where my voice cracked! I keep remembering old mistakes and cringing at my younger self!!! I keep remembering that one presentation where my voice cracked!!! Remembering old failures and worrying that history is bound to repeat itself today!!! Remembering old failures and worrying that history is bound to repeat itself today! I keep playing back embarrassing moments in my head on repeat! I keep playing back embarrassing moments in my head on repeat!!! I was remembering our summer trip and smiling at the memories!!! I recalled some helpful advice my mentor gave me a few years ago! Thought about that chore I started this morning and realized it is still half-done!","My thoughts are swirling around like a hurricane and I can't catch one! I dealt with a minor setback today but managed to keep things in perspective! I spent three hours overanalyzing a single text message from my colleague! I feel this constant, buzzing dread in the pit of my stomach! I simply do not care about these performance milestones anymore! I am completely paralyzed by the fear of making a terrible mistake!!! I have been sitting at my desk for nine hours and accomplished absolutely nothing! There is a persistent, heavy grey fog sitting over everything today! Today felt balanced, calm, and relatively straightforward!","I don't have the emotional capacity to listen to anyone else's problems! My friends asked me to choose a restaurant and my brain completely froze from pressure! I feel so isolated, but the thought of talking to someone makes me shudder! I feel completely invisible to the world, and maybe that's for the best! My friends asked me to choose a restaurant and my brain completely froze from pressure!!! I am terrified that I said something stupid and ruined my friendship!",Anxiety
P221,32,Female,"Delivery Driver",High School,formal,exclamations,Yes,colloquial,"I feel so restless, like I need to run away but idk where! They keep asking for more deliverables but my tank has been empty for weeks! My nervous system is stuck on high alert and I can't seem to turn it off! Nothing seems to bring even a flicker of interest or pleasure anymore!!! I feel this constant, buzzing dread in the pit of my stomach!!! My attention is constantly drifting off in the middle of standard conversations!!! I feel completely numb, as if all my emotions have been drained out! I feel completely detached from my body, like I'm watching myself from above! I tried to read my book but the words just swam around w/o meaning!","My stomach is in knots and I am constantly on edge! My hands are always busy w/ sth, I simply cannot sit quiet! I haven't had a full night of uninterrupted sleep in what feels like months! My limbs feel like they are filled w/ lead blocks! Woke up gasping for air, drenched in sweat from another intense nightmare!!! Woke up gasping for air, drenched in sweat from another intense nightmare!","I ended up leaving early bcs the crowded room felt suffocating! I feel completely invisible to the world, and maybe that's for the best! I feel like an outsider who can't connect w/ normal human experiences! I snapped at my brother when he startled me by walking into the kitchen! My phone kept ringing but I let it go to voicemail every time!","Nothing seems to bring even a flicker of interest or pleasure anymore! I am so tired of feeling like an absolute burden to everyone around me! I am completely paralyzed by the fear of making a terrible mistake! I feel this profound sense of unsafety even in my own locked home! I feel this profound sense of unsafety even in my own locked home! A sudden loud noise in the street made my heart shoot into my throat! I feel completely detached from my body, like I'm watching myself from above! I am so incredibly overwhelmed by the sheer volume of my own thoughts! My thoughts are swirling around like a hurricane and I can't catch one!!!","I keep playing back embarrassing moments in my head on repeat! I keep remembering that one presentation where my voice cracked! I keep remembering old mistakes and cringing at my younger self!!! I keep remembering old mistakes and cringing at my younger self! I keep playing back embarrassing moments in my head on repeat! I had a sudden, vivid memory of that night that felt so real I forgot where I actually was!","I feel completely detached from my body, like I'm watching myself from above! I spent three hours overanalyzing a single text message from my colleague! My nervous system is stuck on high alert and I can't seem to turn it off! There is a persistent, heavy grey fog sitting over everything today!!! I spent three hours overanalyzing a single text message from my colleague! My mind is on an absolute loop of 'what-ifs' that I cannot shut down! I felt incredibly jumpy all day, constantly checking behind my back! There is a persistent, heavy grey fog sitting over everything today!","I am terrified that I said sth stupid and ruined my friendship! I lost my car keys twice today and was late meeting my friends, again!!! I avoid going to crowded places bcs they trigger a deep panic!!! I ended up leaving early bcs the crowded room felt suffocating! I snapped at my brother when he startled me by walking into the kitchen!",PTSD
P222,36,Male,"Construction Worker",High School,disorganized,minimal,Yes,simple,"I have checked my locked door five times already tonight. I had a rly productive morning and felt a nice sense of accomplishment. I tried to read my book but the words just swam around w/o meaning. I feel content and at peace w/ where things are headed right now. Every minor detail feels like a massive crisis waiting to happen. A wave of intense, irrational anger washed over me out of nowhere. A wave of intense, irrational anger washed over me out of nowhere. I spent five hours completely lost in reading a random Wikipedia article about history. I feel content and at peace w/ where things are headed right now. I feel content and at peace w/ where things are headed right now.","Woke up feeling refreshed and ready to take on the day's tasks. My heart is pounding against my ribs for absolutely no reason. Sleeping for twelve hours didn't do anything to cure this tiredness. Woke up w/ a massive burst of creative energy at 3 AM and started painting. My throat feels tight and it feels like I am struggling to get enough oxygen. Woke up w/ a massive burst of creative energy at 3 AM and started painting. I am constantly fidgeting, tapping my feet, and chewing on my pen.","I feel so isolated, but the thought of talking to someone makes me shudder. I feel bad for talking so fast that ppl struggle to keep up w/ me. Everyone else is out living their lives while I am stuck in this quicksand. I had a rly honest, supportive conversation w/ my mom on the phone. My friends asked me to choose a restaurant and my brain completely froze from pressure. I totally forgot to reply to ten text messages that I opened this morning. We went out but my mind drifted and I missed the entire punchline of the story. I avoid going to crowded places bcs they trigger a deep panic. I interrupted my friend three times today bcs I was excited about an idea.","I feel this intense restlessness and boredom that actually feels physically uncomfortable. My mind feels like it's racing w/ twenty different thoughts competing for space at once.","I was remembering our summer trip and smiling at the memories. I recalled a random fact about space that I learned in school instead of working. I was remembering our summer trip and smiling at the memories. I recalled a random fact about space that I learned in school instead of working. Remembering old failures and worrying that history is bound to repeat itself today. I keep remembering that one presentation where my voice cracked.","My clients are complaining and I feel completely disconnected from the outcomes. My mind feels like it's racing w/ twenty different thoughts competing for space at once.","I feel bad for talking so fast that ppl struggle to keep up w/ me. I feel completely invisible to the world, and maybe that's for the best. I am terrified that I said sth stupid and ruined my friendship. I snapped at my brother when he startled me by walking into the kitchen. I am terrified that I said sth stupid and ruined my friendship. We went out but my mind drifted and I missed the entire punchline of the story. My phone kept ringing but I let it go to voicemail every time. We went out but my mind drifted and I missed the entire punchline of the story. I totally forgot to reply to ten text messages that I opened this morning.",ADHD
P223,40,Female,"AI Ethics Researcher",PhD,normal,ellipses,No,academic,"Every single email from my manager feels like a personal attack... Woke up staring at the ceiling, experiencing acute anticipatory occupational anxiety... I tried to read my book but the words just swam around without meaning... I cried in the shower this morning for no concrete reason... Woke up at 2 PM and lay in bed staring at the wall until dark... I feel completely emotional blunting, as if all my emotions have been drained out... I looked at my computer screen and literally wanted to throw it out the window... I tried to read my book but the words just swam around without meaning... I tried to read my book but the words just swam around without meaning...","Drinking my fourth cup of coffee today just to keep my eyes open... My hands are always busy with something, I simply cannot sit quiet... My throat feels tight and it feels like I am struggling to get enough oxygen...","I cancelled our weekend plans because I can't pretend to be happy... Everyone else is out living their lives while I am stuck in this depressive paralysis... I feel so isolated, but the thought of talking to someone makes me shudder...","They keep asking for more deliverables but my tank has been empty for weeks... Another meeting that could have been an email, wasting my remaining energy... Today felt balanced, calm, and relatively straightforward... Woke up staring at the ceiling, experiencing acute anticipatory occupational anxiety... I feel incredibly guilty for wasting another entire day doing nothing... The existential disillusionment in me is completely taking over at this point... The silence in my apartment is deafening, yet I don't want to break it... My mind feels like it's severe cognitive hyperactivity competing for space at once... I am so tired of feeling like an absolute psychological liability to everyone around me...","I look at old photos of me smiling and wonder who that person was... My brain is on a constant loop of recalling every friendship I've ruined...","My clients are complaining and I feel completely disconnected from the outcomes... My clients are complaining and I feel completely disconnected from the outcomes... I spent the afternoon copy-pasting numbers on a spreadsheet while feeling like a zombie... Another meeting that could have been an email, wasting my remaining energy... I have checked my locked door five times already tonight... I am so tired of feeling like an absolute psychological liability to everyone around me... I am so tired of feeling like an absolute psychological liability to everyone around me... Woke up at 2 PM and lay in bed staring at the wall until dark...","My partner tried to talk about dinner and I completely snapped at them... I ended up leaving early because the crowded room felt suffocating... My partner tried to talk about dinner and I completely snapped at them... My partner tried to talk about dinner and I completely snapped at them... I feel so isolated, but the thought of talking to someone makes me shudder...",Burnout
P224,28,Female,"Quantitative Analyst",PhD,narrative,ellipses,No,academic,"I feel so frustrated with my executive attention impairments and pay attention... It feels like I am carrying a mountain on my back just to walk to the kitchen... The existential disillusionment in me is completely taking over at this point... I feel optimal affective equilibrium and at peace with where things are headed right now... I had a really productive morning and felt a nice sense of accomplishment...","Cooked a nutritious dinner with fresh vegetables and slept very soundly... Cooked a nutritious dinner with fresh vegetables and slept very soundly... Cooked a nutritious dinner with fresh vegetables and slept very soundly...","I rehearsed my entire conversation in my head before saying a single word... I was able to support my coworker through a difficult issue today... I had a really honest, supportive conversation with my mom on the phone... I had a really honest, supportive conversation with my mom on the phone... Spent a quiet evening playing board games with my family, which was lovely... Had an absolute blast hanging out with Marcus and Jenna at the local park... I was able to support my coworker through a difficult issue today... I am putting up massive walls to keep people from getting too close to me...","I had a really productive morning and felt a nice sense of accomplishment... Nothing seems to bring even a flicker of interest or pleasure anymore... I spent five hours prolonged attentional focus a random Wikipedia article about history...","I recalled some helpful advice my mentor gave me a few years ago... I had a sudden, intrusive cognitive recall of that night that felt so real I forgot where I actually was... I was remembering our summer trip and smiling at the memories... I was remembering our summer trip and smiling at the memories... I keep remembering old mistakes and cringing at my younger self... I was remembering our summer trip and smiling at the memories... I keep remembering old mistakes and cringing at my younger self... I look at old photos of me smiling and wonder who that person was... Remembering old times with high school friends made me text them to catch up... Remembering old times with high school friends made me text them to catch up...","It feels like I am carrying a mountain on my back just to walk to the kitchen... I spent five hours prolonged attentional focus a random Wikipedia article about history...","I was able to support my coworker through a difficult issue today... I cancelled our weekend plans because I can't pretend to be happy... I feel so isolated, but the thought of talking to someone makes me shudder... I had a really honest, supportive conversation with my mom on the phone... I had a really honest, supportive conversation with my mom on the phone... We went out but my mind drifted and I missed the entire punchline of the story... Spent a quiet evening playing board games with my family, which was lovely... I had a really honest, supportive conversation with my mom on the phone... Spent a quiet evening playing board games with my family, which was lovely... I was able to support my coworker through a difficult issue today...",Healthy
P225,64,Female,"AI Ethics Researcher",PhD,normal,standard,No,academic,"Woke up at 2 PM and lay in bed staring at the wall until dark. My mind is on an absolute loop of 'catastrophic cognitive distortions' that I cannot shut down. Woke up staring at the ceiling, experiencing acute anticipatory occupational anxiety. There is this deep ache in my chest that refuses to lift. Every minor detail feels like a massive crisis waiting to happen. I simply do not care about these performance milestones anymore.","Even taking a shower felt like an Olympian task that required days of planning. My limbs feel like they are filled with lead blocks.","I rehearsed my entire conversation in my head before saying a single word. I lost my car keys twice today and was late meeting my friends, again. My phone kept ringing but I let it go to voicemail every time.","My brain is running at a hundred miles an hour but going nowhere. I feel so restless, like I need to run away but I don't know where. I cried in the shower this morning for no concrete reason. I feel incredibly guilty for wasting another entire day doing nothing.","Remembering old times with high school friends made me text them to catch up. My brain is on a constant loop of recalling every friendship I've ruined. I was remembering our summer trip and smiling at the memories. I was thinking about how simple things used to be before this heaviness took over. I was thinking about how simple things used to be before this heaviness took over.","There is this deep ache in my chest that refuses to lift. I feel completely emotional blunting, as if all my emotions have been drained out. I simply do not care about these performance milestones anymore. I cried in the shower this morning for no concrete reason. The silence in my apartment is deafening, yet I don't want to break it.","Cancelling plans has become my favorite hobby lately because of my exhaustion. I cancelled our weekend plans because I can't pretend to be happy. I ended up leaving early because the crowded room felt suffocating. Cancelling plans has become my favorite hobby lately because of my exhaustion. My phone kept ringing but I let it go to voicemail every time. My friends asked me to choose a restaurant and my brain completely froze from pressure. I avoid going to crowded places because they trigger a deep panic. I feel so isolated, but the thought of talking to someone makes me shudder. My friends asked me to choose a restaurant and my brain completely froze from pressure. I feel so isolated, but the thought of talking to someone makes me shudder.",Depression
P226,62,Male,"Senior Research Scientist",PhD,formal,minimal,No,academic,"Every minor detail feels like a massive crisis waiting to happen. They keep asking for more deliverables but my tank has been empty for weeks. My thoughts are swirling around like a hurricane and I can't catch one. I have checked my locked door five times already tonight. I spent three hours overanalyzing a single text message from my colleague. Everything feels incredibly urgent and I am constantly anticipatory panic cycles.","My heart is pounding against my ribs for absolutely no reason. My throat feels tight and it feels like I am struggling to get enough oxygen. My throat feels tight and it feels like I am struggling to get enough oxygen. I feel incredibly dizzy and nauseous from this constant state of alertness. I am profound somatic fatigue but as soon as my head hits the pillow, my brain stays awake. My limbs feel like they are filled with lead blocks. My throat feels tight and it feels like I am struggling to get enough oxygen. My body is exhausted from being in a perpetual state of fight-or-flight.","I rehearsed my entire conversation in my head before saying a single word. I am terrified that I said something stupid and ruined my friendship. Had an absolute blast hanging out with Marcus and Jenna at the local park. My phone kept ringing but I let it go to voicemail every time. I ended up leaving early because the crowded room felt suffocating. I interrupted my friend three times today because I was excited about an idea. I ended up leaving early because the crowded room felt suffocating. I feel so isolated, but the thought of talking to someone makes me shudder.","Another meeting that could have been an email, wasting my remaining energy. My thoughts are swirling around like a hurricane and I can't catch one. I feel this constant, generalized somatic hyperarousal in the pit of my stomach. I had a really productive morning and felt a nice sense of accomplishment. I feel this constant, generalized somatic hyperarousal in the pit of my stomach. My mind is on an absolute loop of 'catastrophic cognitive distortions' that I cannot shut down.","I keep remembering that one presentation where my voice cracked. Remembering old failures and worrying that history is bound to repeat itself today. I was thinking about how simple things used to be before this heaviness took over.","My mind is on an absolute loop of 'catastrophic cognitive distortions' that I cannot shut down. A wave of intense, irrational anger washed over me out of nowhere. I tried to read my book but the words just swam around without meaning.","I am terrified that I said something stupid and ruined my friendship. Had an absolute blast hanging out with Marcus and Jenna at the local park. I cancelled our weekend plans because I can't pretend to be happy.",Anxiety
P227,60,Male,"Biotech Lead Investigator",PhD,narrative,ellipses,No,academic,"I have checked my locked door five times already tonight... My nervous system is stuck on high alert and I can't seem to turn it off... I feel this constant, generalized somatic hyperarousal in the pit of my stomach... A sudden loud noise in the street made my heart shoot into my throat... Every minor detail feels like a massive crisis waiting to happen... There is a persistent, heavy severe anhedonic state sitting over everything today... I spent five hours prolonged attentional focus a random Wikipedia article about history... Every minor detail feels like a massive crisis waiting to happen... A sudden loud noise in the street made my heart shoot into my throat...","I feel tense, rigid, and my muscles are aching from constant bracing... Sleeping for twelve hours didn't do anything to cure this tiredness... Woke up gasping for air, drenched in sweat from another intense nightmare... My limbs feel like they are filled with lead blocks...","I feel completely existential alienation to the world, and maybe that's for the best... I ended up leaving early because the crowded room felt suffocating... Had an absolute blast hanging out with Marcus and Jenna at the local park... I avoid going to crowded places because they trigger a deep panic... I cancelled our weekend plans because I can't pretend to be happy... I am terrified that I said something stupid and ruined my friendship... I feel so isolated, but the thought of talking to someone makes me shudder... My phone kept ringing but I let it go to voicemail every time... I am putting up massive walls to keep people from getting too close to me... I avoid going to crowded places because they trigger a deep panic...","A sudden loud noise in the street made my heart shoot into my throat... I am so incredibly overwhelmed by the sheer volume of my own thoughts... I feel completely emotional blunting, as if all my emotions have been drained out... My nervous system is stuck on high alert and I can't seem to turn it off... I feel this constant, generalized somatic hyperarousal in the pit of my stomach... My nervous system is stuck on high alert and I can't seem to turn it off...","I had a sudden, intrusive cognitive recall of that night that felt so real I forgot where I actually was... I keep remembering that one presentation where my voice cracked... Thought about that chore I started this morning and realized it is still half-done... I was thinking about how simple things used to be before this heaviness took over... Memories of what happened are crashing through my brain like uninvited ghosts... I had a sudden, intrusive cognitive recall of that night that felt so real I forgot where I actually was... I had a sudden, intrusive cognitive recall of that night that felt so real I forgot where I actually was... I look at old photos of me smiling and wonder who that person was... I keep remembering that one presentation where my voice cracked...","I felt incredibly hypervigilant sensory responses all day, constantly checking behind my back... My nervous system is stuck on high alert and I can't seem to turn it off...","My friends asked me to choose a restaurant and my brain completely froze from pressure... I interrupted my friend three times today because I was excited about an idea...",PTSD
P228,55,Male,"Clinical Psychologist",Master's,disorganized,exclamations,Yes,colloquial,"I cried in the shower this morning for no concrete reason! I spent five hours prolonged attentional focus a random Wikipedia article about history! My brain is running at a hundred miles an hour but going nowhere! Woke up staring at the ceiling, experiencing acute anticipatory occupational anxiety!!! I am constantly starting new tasks while my desk is covered in unfinished work! I spent five hours prolonged attentional focus a random Wikipedia article about history! My attention is constantly drifting off in the middle of standard conversations! Today felt balanced, calm, and relatively straightforward! I feel so frustrated w/ my executive attention impairments and pay attention!","I am constantly fidgeting, tapping my feet, and chewing on my pen! I forgot to eat lunch again bcs I was rearranging my bookshelf by color! I forgot to eat lunch again bcs I was rearranging my bookshelf by color! I am constantly fidgeting, tapping my feet, and chewing on my pen! I am constantly fidgeting, tapping my feet, and chewing on my pen! Woke up w/ a massive burst of creative energy at 3 AM and started painting! I feel incredibly dizzy and nauseous from this constant state of alertness! I am constantly fidgeting, tapping my feet, and chewing on my pen!!! I am constantly fidgeting, tapping my feet, and chewing on my pen! My body is exhausted from being in a perpetual state of fight-or-flight!","My phone kept ringing but I let it go to voicemail every time! I avoid going to crowded places bcs they trigger a deep panic! I interrupted my friend three times today bcs I was excited about an idea! Spent a quiet evening playing board games w/ my family, which was lovely! I totally forgot to reply to ten text messages that I opened this morning! I had a rly honest, supportive conversation w/ my mom on the phone! Everyone else is out living their lives while I am stuck in this depressive paralysis!!! I totally forgot to reply to ten text messages that I opened this morning! I rehearsed my entire conversation in my head before saying a single word!!!","I had a rly productive morning and felt a nice sense of accomplishment! I feel this intense restlessness and boredom that actually feels physically uncomfortable! I feel so frustrated w/ my executive attention impairments and pay attention! I spent the afternoon copy-pasting numbers on a spreadsheet while feeling like a zombie! I have checked my locked door five times already tonight!!! I feel completely pronounced depersonalization/dissociation, like I'm watching myself from above!","My mind suddenly recalled a minor argument from five years ago and now I can't sleep! Thought about that chore I started this morning and realized it is still half-done! I keep remembering all these great ideas I had but never actually finished! Thought about that chore I started this morning and realized it is still half-done! I keep remembering all these great ideas I had but never actually finished! I keep remembering that one presentation where my voice cracked! Remembering old times w/ high school friends made me text them to catch up!","I am so tired of feeling like an absolute psychological liability to everyone around me! I am constantly starting new tasks while my desk is covered in unfinished work! I simply do not care about these performance milestones anymore!!! I am constantly starting new tasks while my desk is covered in unfinished work!!! I spent three hours overanalyzing a single text message from my colleague! My mind feels like it's severe cognitive hyperactivity competing for space at once! Nothing seems to bring even a flicker of interest or pleasure anymore! I spent five hours prolonged attentional focus a random Wikipedia article about history! I spent five hours prolonged attentional focus a random Wikipedia article about history!!!","Spent a quiet evening playing board games w/ my family, which was lovely! I totally forgot to reply to ten text messages that I opened this morning! I totally forgot to reply to ten text messages that I opened this morning! I lost my car keys twice today and was late meeting my friends, again!!! I feel bad for talking so fast that ppl struggle to keep up w/ me! I interrupted my friend three times today bcs I was excited about an idea!!! Cancelling plans has become my favorite hobby lately bcs of my exhaustion! I interrupted my friend three times today bcs I was excited about an idea!",ADHD
P229,63,Female,"Financial Analyst",Bachelor's,formal,standard,No,colloquial,"I spent the afternoon copy-pasting numbers on a spreadsheet while feeling like a zombie. My inbox is overflowing with urgent requests that aren't actually urgent. There is a persistent, heavy grey fog sitting over everything today. My mind is on an absolute loop of 'what-ifs' that I cannot shut down. I felt a wave of gratitude while drinking my tea and watching the rain. I feel incredibly guilty for wasting another entire day doing nothing.","Even taking a shower felt like an Olympian task that required days of planning. I feel like a hollow shell of myself, just going through the motions. Even taking a shower felt like an Olympian task that required days of planning.","I feel like an outsider who can't connect with normal human experiences. I ended up leaving early because the crowded room felt suffocating. My phone kept ringing but I let it go to voicemail every time. I feel completely invisible to the world, and maybe that's for the best. I feel completely invisible to the world, and maybe that's for the best. Cancelling plans has become my favorite hobby lately because of my exhaustion. I don't have the emotional capacity to listen to anyone else's problems. I feel so isolated, but the thought of talking to someone makes me shudder.","My clients are complaining and I feel completely disconnected from the outcomes. My thoughts are swirling around like a hurricane and I can't catch one. There is a persistent, heavy grey fog sitting over everything today. I simply do not care about these performance milestones anymore. I have been sitting at my desk for nine hours and accomplished absolutely nothing. I feel completely numb, as if all my emotions have been drained out. They keep asking for more deliverables but my tank has been empty for weeks. I am completely paralyzed by the fear of making a terrible mistake. I feel this constant, buzzing dread in the pit of my stomach. The silence in my apartment is deafening, yet I don't want to break it.","I keep remembering old mistakes and cringing at my younger self. I keep playing back embarrassing moments in my head on repeat. Stumbled upon an old project folder and couldn't believe how much effort I used to put in. My mind suddenly recalled a minor argument from five years ago and now I can't sleep. I recalled some helpful advice my mentor gave me a few years ago. I recalled how excited I was on my first day here, which feels like a comedy now. I recalled some helpful advice my mentor gave me a few years ago.","I am so tired of feeling like an absolute burden to everyone around me. The silence in my apartment is deafening, yet I don't want to break it. It feels like I am carrying a mountain on my back just to walk to the kitchen. I simply do not care about these performance milestones anymore. I feel completely numb, as if all my emotions have been drained out.","I feel completely invisible to the world, and maybe that's for the best. I feel completely invisible to the world, and maybe that's for the best. I feel so isolated, but the thought of talking to someone makes me shudder. I am terrified that I said something stupid and ruined my friendship. I interrupted my friend three times today because I was excited about an idea. I am terrified that I said something stupid and ruined my friendship.",Burnout
P230,37,Female,"Clinical Neuropsychologist",PhD,abbreviated,ellipses,Yes,academic,"Had some time to reflect on my personal goals and felt quite optimistic... I dealt w/ a minor transient stressor today but managed to keep things in perspective... Had some time to reflect on my personal goals and felt quite optimistic... Today felt balanced, calm, and relatively straightforward... I looked at my computer screen and literally wanted to throw it out the window... I spent three hours overanalyzing a single text message from my colleague... Today felt balanced, calm, and relatively straightforward... Today felt balanced, calm, and relatively straightforward... I felt a positive psychological orientation while drinking my tea and watching the rain... I feel this constant, generalized somatic hyperarousal in the pit of my stomach...","I went for a long run after work and felt a great release of tension... My throat feels tight and it feels like I am struggling to get enough oxygen... Even taking a shower felt like an Olympian task that required days of planning... Woke up feeling refreshed and ready to take on the day's tasks...","Spent a quiet evening playing board games w/ my family, which was lovely... Cancelling plans has become my favorite hobby lately bcs of my exhaustion... We went out to a new Italian bistro in town and laughed for hours... Had an absolute blast hanging out w/ Marcus and Jenna at the local park...","I dealt w/ a minor transient stressor today but managed to keep things in perspective... I had a rly productive morning and felt a nice sense of accomplishment... Had some time to reflect on my personal goals and felt quite optimistic... I felt a positive psychological orientation while drinking my tea and watching the rain... My mind feels like it's severe cognitive hyperactivity competing for space at once... I am completely paralyzed by the fear of making a terrible mistake... I dealt w/ a minor transient stressor today but managed to keep things in perspective... I feel incredibly guilty for wasting another entire day doing nothing...","I remember when I actually used to be passionate about this job... Stumbled upon an old project folder and couldn't believe how much effort I used to put in... Thought about how much I've grown over the last few years and felt proud... My mind suddenly recalled a minor argument from five years ago and now I can't sleep... I spent the afternoon trying to push down images of past experiences that kept resurfacing... I had a sudden, intrusive cognitive recall of that night that felt so real I forgot where I actually was... Thought about how much I've grown over the last few years and felt proud... My brain is on a constant loop of recalling every friendship I've ruined... I keep playing back embarrassing moments in my head on repeat... My mind suddenly recalled a minor argument from five years ago and now I can't sleep...","My mind is on an absolute loop of 'catastrophic cognitive distortions' that I cannot shut down... I dealt w/ a minor transient stressor today but managed to keep things in perspective... Had some time to reflect on my personal goals and felt quite optimistic...","My friends asked me to choose a restaurant and my brain completely froze from pressure... I was able to support my coworker through a difficult issue today... My phone kept ringing but I let it go to voicemail every time...",Healthy
P231,50,Female,"Urban Planner",Master's,abbreviated,ellipses,No,colloquial,"My mind feels like it's severe cognitive hyperactivity competing for space at once... My mind is on an absolute loop of 'catastrophic cognitive distortions' that I cannot shut down... My attention is constantly drifting off in the middle of standard conversations...","Even taking a shower felt like an Olympian task that required days of planning... My limbs feel like they are filled with lead blocks... Even taking a shower felt like an Olympian task that required days of planning... I feel incredibly dizzy and nauseous from this constant state of alertness... I forgot to eat lunch today, honestly food just tastes like cardboard lately...","I feel completely existential alienation to the world, and maybe that's for the best... I ended up leaving early because the crowded room felt suffocating... Everyone else is out living their lives while I am stuck in this depressive paralysis... I feel completely existential alienation to the world, and maybe that's for the best...","A wave of intense, irrational anger washed over me out of nowhere... I tried to read my book but the words just swam around without meaning... My brain is running at a hundred miles an hour but going nowhere... The silence in my apartment is deafening, yet I don't want to break it... My mind is on an absolute loop of 'catastrophic cognitive distortions' that I cannot shut down... The silence in my apartment is deafening, yet I don't want to break it... It feels like I am carrying a mountain on my back just to walk to the kitchen...","Remembering old failures and worrying that history is bound to repeat itself today... Remembering old failures and worrying that history is bound to repeat itself today... Remembering old failures and worrying that history is bound to repeat itself today... I was thinking about how simple things used to be before this heaviness took over... My brain is on a constant loop of recalling every friendship I've ruined... I keep playing back embarrassing moments in my head on repeat...","Today felt balanced, calm, and relatively straightforward... There is a persistent, heavy severe anhedonic state sitting over everything today... I am so tired of feeling like an absolute psychological liability to everyone around me... I am so tired of feeling like an absolute psychological liability to everyone around me... Every minor detail feels like a massive crisis waiting to happen... It feels like I am carrying a mountain on my back just to walk to the kitchen... The silence in my apartment is deafening, yet I don't want to break it... My clients are complaining and I feel completely disconnected from the outcomes... My thoughts are swirling around like a hurricane and I can't catch one... I feel this intense restlessness and boredom that actually feels physically uncomfortable...","I feel completely existential alienation to the world, and maybe that's for the best... Everyone else is out living their lives while I am stuck in this depressive paralysis... I feel completely existential alienation to the world, and maybe that's for the best...",Depression
P232,27,Non-binary,"Registered Nurse",Bachelor's,highly-emotional,standard,No,colloquial,"I have checked my locked door five times already tonight. I spent three hours overanalyzing a single text message from my colleague. There is this deep ache in my chest that refuses to lift.","I have zero energy left to even brush my hair or change my clothes. My hands are always busy with something, I simply cannot sit quiet. I feel like a hollow shell of myself, just going through the motions. I feel like a hollow shell of myself, just going through the motions. Sleeping for twelve hours didn't do anything to cure this tiredness. My heart is pounding against my ribs for absolutely no reason. Even taking a shower felt like an Olympian task that required days of planning. My hands are shaking so much that typing is becoming a struggle. I am constantly fidgeting, tapping my feet, and chewing on my pen.","I rehearsed my entire conversation in my head before saying a single word. My friends asked me to choose a restaurant and my brain completely froze from pressure. I cancelled our weekend plans because I can't pretend to be happy. My friends asked me to choose a restaurant and my brain completely froze from pressure.","My thoughts are swirling around like a hurricane and I can't catch one. I had a really productive morning and felt a nice sense of accomplishment.","I remember when I actually used to be passionate about this job. I keep remembering that one presentation where my voice cracked. I look at old photos of me smiling and wonder who that person was. My mind suddenly recalled a minor argument from five years ago and now I can't sleep. Thinking back to last year when I had motivation and drive. I keep remembering old mistakes and cringing at my younger self.","I am so tired of feeling like an absolute burden to everyone around me. I spent five hours completely lost in reading a random Wikipedia article about history. I tried to read my book but the words just swam around without meaning. Every minor detail feels like a massive crisis waiting to happen. I spent three hours overanalyzing a single text message from my colleague.","My friends asked me to choose a restaurant and my brain completely froze from pressure. My friends asked me to choose a restaurant and my brain completely froze from pressure. I cancelled our weekend plans because I can't pretend to be happy. I am terrified that I said something stupid and ruined my friendship. I went to a small gathering but felt like everyone was silently judging me. I ended up leaving early because the crowded room felt suffocating. I rehearsed my entire conversation in my head before saying a single word. I am terrified that I said something stupid and ruined my friendship.",Anxiety
P233,33,Male,"School Principal",Master's,highly-emotional,exclamations,No,colloquial,"I feel so restless, like I need to run away but I don't know where!!! I dealt with a minor transient stressor today but managed to keep things in perspective! It feels like I am carrying a mountain on my back just to walk to the kitchen! A sudden loud noise in the street made my heart shoot into my throat! I felt a positive psychological orientation while drinking my tea and watching the rain!!! My mind is on an absolute loop of 'catastrophic cognitive distortions' that I cannot shut down!","Sleeping for twelve hours didn't do anything to cure this tiredness! I feel like a severe depersonalization state of myself, just going through the motions!","I feel completely existential alienation to the world, and maybe that's for the best! Had an absolute blast hanging out with Marcus and Jenna at the local park! I snapped at my brother when he startled me by walking into the kitchen! My friends asked me to choose a restaurant and my brain completely froze from pressure! I avoid going to crowded places because they trigger a deep panic! I feel like an outsider who can't connect with normal human experiences!!! Everyone else is out living their lives while I am stuck in this depressive paralysis! I feel so isolated, but the thought of talking to someone makes me shudder! Sarah invited me out for drinks but I ignored her text message! I am putting up massive walls to keep people from getting too close to me!!!","Had some time to reflect on my personal goals and felt quite optimistic! I feel this profound sense of persistent threat-appraisal bias even in my own locked home! Woke up at 2 PM and lay in bed staring at the wall until dark!!! My nervous system is stuck on high alert and I can't seem to turn it off!","I was thinking about how simple things used to be before this heaviness took over! Memories of what happened are crashing through my brain like uninvited ghosts! I keep remembering old mistakes and cringing at my younger self!","I feel completely pronounced depersonalization/dissociation, like I'm watching myself from above! I felt incredibly hypervigilant sensory responses all day, constantly checking behind my back! Everything feels incredibly urgent and I am constantly anticipatory panic cycles! I cried in the shower this morning for no concrete reason! Today felt balanced, calm, and relatively straightforward! I feel this constant, generalized somatic hyperarousal in the pit of my stomach! I looked at my computer screen and literally wanted to throw it out the window! The silence in my apartment is deafening, yet I don't want to break it! Another meeting that could have been an email, wasting my remaining energy! My thoughts are swirling around like a hurricane and I can't catch one!","My friends asked me to choose a restaurant and my brain completely froze from pressure! I snapped at my brother when he startled me by walking into the kitchen! I avoid going to crowded places because they trigger a deep panic! I sat with my back to the wall at the restaurant, scanning the exit doors! My friends asked me to choose a restaurant and my brain completely froze from pressure!!! I cancelled our weekend plans because I can't pretend to be happy! Everyone else is out living their lives while I am stuck in this depressive paralysis! I feel bad for talking so fast that people struggle to keep up with me!!! I feel like an outsider who can't connect with normal human experiences! I ended up leaving early because the crowded room felt suffocating!",PTSD
P234,59,Male,"Biotech Lead Investigator",PhD,normal,exclamations,No,academic,"I feel so frustrated with my executive attention impairments and pay attention! I am constantly starting new tasks while my desk is covered in unfinished work! I am completely paralyzed by the fear of making a terrible mistake! I am constantly starting new tasks while my desk is covered in unfinished work! I am constantly starting new tasks while my desk is covered in unfinished work! I feel this constant, generalized somatic hyperarousal in the pit of my stomach! I feel completely emotional blunting, as if all my emotions have been drained out! I feel so restless, like I need to run away but I don't know where! My mind feels like it's severe cognitive hyperactivity competing for space at once!","My heart is pounding against my ribs for absolutely no reason! My hands are shaking so much that typing is becoming a struggle! I forgot to eat lunch again because I was rearranging my bookshelf by color!!! I am constantly fidgeting, tapping my feet, and chewing on my pen!!!","I ended up leaving early because the crowded room felt suffocating!!! We went out but my mind drifted and I missed the entire punchline of the story! I just want to be left alone in a dark room with absolutely zero noise! We went out but my mind drifted and I missed the entire punchline of the story!!! My friends asked me to choose a restaurant and my brain completely froze from pressure! I feel so isolated, but the thought of talking to someone makes me shudder! My friends asked me to choose a restaurant and my brain completely froze from pressure! I totally forgot to reply to ten text messages that I opened this morning! I lost my car keys twice today and was late meeting my friends, again!","I have checked my locked door five times already tonight! I have checked my locked door five times already tonight! I feel completely pronounced depersonalization/dissociation, like I'm watching myself from above!!! My thoughts are swirling around like a hurricane and I can't catch one!!! I feel this profound sense of persistent threat-appraisal bias even in my own locked home! My mind feels like it's severe cognitive hyperactivity competing for space at once! I cried in the shower this morning for no concrete reason! Every minor detail feels like a massive crisis waiting to happen! I feel this constant, generalized somatic hyperarousal in the pit of my stomach! My mind feels like it's severe cognitive hyperactivity competing for space at once!!!","I recalled some helpful advice my mentor gave me a few years ago! Suddenly remembered that bill I was supposed to pay three weeks ago! My mind suddenly recalled a minor argument from five years ago and now I can't sleep! I keep playing back embarrassing moments in my head on repeat! I spent the afternoon trying to push down images of past experiences that kept resurfacing!!! Stumbled upon an old project folder and couldn't believe how much effort I used to put in!","My brain is running at a hundred miles an hour but going nowhere! I feel so restless, like I need to run away but I don't know where! I am constantly starting new tasks while my desk is covered in unfinished work! Nothing seems to bring even a flicker of interest or pleasure anymore!!! The existential disillusionment in me is completely taking over at this point! Another meeting that could have been an email, wasting my remaining energy! I feel this intense restlessness and boredom that actually feels physically uncomfortable! I feel incredibly guilty for wasting another entire day doing nothing! My mind feels like it's severe cognitive hyperactivity competing for space at once!","My friends asked me to choose a restaurant and my brain completely froze from pressure! I ended up leaving early because the crowded room felt suffocating!!! I feel bad for talking so fast that people struggle to keep up with me! My phone kept ringing but I let it go to voicemail every time!",ADHD
P235,45,Male,"Management Consultant",Master's,narrative,minimal,No,colloquial,"Woke up at 2 PM and lay in bed staring at the wall until dark. A sudden loud noise in the street made my heart shoot into my throat.","Sleeping for twelve hours didn't do anything to cure this tiredness. My shoulders are permanently glued to my ears from pure tension. I feel incredibly dizzy and nauseous from this constant state of alertness. I have zero energy left to even brush my hair or change my clothes. My body feels heavy, sluggish, and constantly on the verge of collapsing.","My partner tried to talk about dinner and I completely snapped at them. I feel so isolated, but the thought of talking to someone makes me shudder. I don't have the emotional capacity to listen to anyone else's problems. I feel so isolated, but the thought of talking to someone makes me shudder. My partner tried to talk about dinner and I completely snapped at them. I ended up leaving early because the crowded room felt suffocating. My partner tried to talk about dinner and I completely snapped at them. Sarah invited me out for drinks but I ignored her text message. My partner tried to talk about dinner and I completely snapped at them.","My nervous system is stuck on high alert and I can't seem to turn it off. The existential disillusionment in me is completely taking over at this point. Woke up at 2 PM and lay in bed staring at the wall until dark. My thoughts are swirling around like a hurricane and I can't catch one.","Thinking back to last year when I had motivation and drive. I look at old photos of me smiling and wonder who that person was. I recalled how excited I was on my first day here, which feels like a comedy now. Stumbled upon an old project folder and couldn't believe how much effort I used to put in. I look at old photos of me smiling and wonder who that person was. I recalled a random fact about space that I learned in school instead of working. My brain is on a constant loop of recalling every friendship I've ruined.","There is this deep ache in my chest that refuses to lift. Every single email from my manager feels like a personal attack. Woke up staring at the ceiling, experiencing acute anticipatory occupational anxiety. I am so tired of feeling like an absolute psychological liability to everyone around me. I spent the afternoon copy-pasting numbers on a spreadsheet while feeling like a zombie. There is a persistent, heavy severe anhedonic state sitting over everything today.","I feel like an outsider who can't connect with normal human experiences. I just want to be left alone in a dark room with absolutely zero noise. My phone kept ringing but I let it go to voicemail every time. Sarah invited me out for drinks but I ignored her text message. My phone kept ringing but I let it go to voicemail every time. Sarah invited me out for drinks but I ignored her text message. I don't have the emotional capacity to listen to anyone else's problems. My partner tried to talk about dinner and I completely snapped at them. I am terrified that I said something stupid and ruined my friendship. Cancelling plans has become my favorite hobby lately because of my exhaustion.",Burnout
P236,57,Female,"Marketing Specialist",Bachelor's,abbreviated,ellipses,No,professional,"Today felt balanced, calm, and relatively straightforward... I dealt with a minor setback today but managed to keep things in perspective... Had some time to reflect on my personal goals and felt quite optimistic...","I haven't had a full night of uninterrupted sleep in what feels like months... Woke up feeling refreshed and ready to take on the day's tasks... I feel physically energetic, healthy, and in tune with my body's needs... I went for a long run after work and felt a great release of tension... I have zero energy left to even brush my hair or change my clothes...","I don't have the emotional capacity to listen to anyone else's problems... Spent a quiet evening playing board games with my family, which was lovely...","I feel content and at peace with where things are headed right now... I had a really productive morning and felt a nice sense of accomplishment... I am so incredibly overwhelmed by the sheer volume of my own thoughts... Today felt balanced, calm, and relatively straightforward... I feel content and at peace with where things are headed right now... Today felt balanced, calm, and relatively straightforward... I spent three hours overanalyzing a single text message from my colleague...","I was remembering our summer trip and smiling at the memories... I keep remembering old mistakes and cringing at my younger self...","My mind feels like it's racing with twenty different thoughts competing for space at once... I feel this constant, buzzing dread in the pit of my stomach... I felt a wave of gratitude while drinking my tea and watching the rain...","I cancelled our weekend plans because I can't pretend to be happy... I am terrified that I said something stupid and ruined my friendship... I had a really honest, supportive conversation with my mom on the phone... I cancelled our weekend plans because I can't pretend to be happy... Had an absolute blast hanging out with Marcus and Jenna at the local park... I don't have the emotional capacity to listen to anyone else's problems... I rehearsed my entire conversation in my head before saying a single word... Had an absolute blast hanging out with Marcus and Jenna at the local park... We went out to a new Italian bistro in town and laughed for hours...",Healthy
P237,37,Non-binary,"University Professor",PhD,normal,minimal,No,academic,"I am so incredibly overwhelmed by the sheer volume of my own thoughts. I feel completely emotional blunting, as if all my emotions have been drained out. There is this deep ache in my chest that refuses to lift. There is this deep ache in my chest that refuses to lift. I cried in the shower this morning for no concrete reason.","I am profound somatic fatigue but as soon as my head hits the pillow, my brain stays awake. I am profound somatic fatigue but as soon as my head hits the pillow, my brain stays awake. I have been pacing around my room for an hour trying to remember what I was doing. I forgot to eat lunch today, honestly food just tastes like cardboard lately. I feel physically energetic, healthy, and in tune with my body's needs. Drinking my fourth cup of coffee today just to keep my eyes open.","My phone kept ringing but I let it go to voicemail every time. I feel so isolated, but the thought of talking to someone makes me shudder. I feel completely existential alienation to the world, and maybe that's for the best. Cancelling plans has become my favorite hobby lately because of my exhaustion. Sarah invited me out for drinks but I ignored her text message. My phone kept ringing but I let it go to voicemail every time. My friends asked me to choose a restaurant and my brain completely froze from pressure.","My inbox is overflowing with urgent requests that aren't actually urgent. I feel this constant, generalized somatic hyperarousal in the pit of my stomach.","Remembering old failures and worrying that history is bound to repeat itself today. My brain is on a constant loop of recalling every friendship I've ruined. My mind suddenly recalled a minor argument from five years ago and now I can't sleep. My brain is on a constant loop of recalling every friendship I've ruined. I keep remembering old mistakes and cringing at my younger self. I remember when I actually used to be passionate about this job. I keep remembering that one presentation where my voice cracked. Stumbled upon an old project folder and couldn't believe how much effort I used to put in.","My clients are complaining and I feel completely disconnected from the outcomes. I have checked my locked door five times already tonight. I feel incredibly guilty for wasting another entire day doing nothing.","I was able to support my coworker through a difficult issue today. I cancelled our weekend plans because I can't pretend to be happy. I feel completely existential alienation to the world, and maybe that's for the best. My friends asked me to choose a restaurant and my brain completely froze from pressure. I rehearsed my entire conversation in my head before saying a single word.",Depression
P238,42,Male,"AI Ethics Researcher",PhD,formal,ellipses,Yes,academic,"Every minor detail feels like a massive crisis waiting to happen... My brain is running at a hundred miles an hour but going nowhere... My mind feels like it's severe cognitive hyperactivity competing for space at once... I feel completely pronounced depersonalization/dissociation, like I'm watching myself from above...","My chest feels incredibly tight, like someone is standing on it... I am profound somatic fatigue but as soon as my head hits the pillow, my brain stays awake... I have zero energy left to even brush my hair or change my clothes... I feel incredibly dizzy and nauseous from this constant state of alertness... My throat feels tight and it feels like I am struggling to get enough oxygen...","I rehearsed my entire conversation in my head before saying a single word... I sat w/ my back to the wall at the restaurant, scanning the exit doors... I rehearsed my entire conversation in my head before saying a single word... My partner tried to talk about dinner and I completely snapped at them...","My inbox is overflowing w/ urgent requests that aren't actually urgent... They keep asking for more deliverables but my tank has been empty for weeks...","I was thinking about how simple things used to be before this heaviness took over... I keep remembering that one presentation where my voice cracked... Suddenly remembered that bill I was supposed to pay three weeks ago... Remembering old failures and worrying that history is bound to repeat itself today... I keep playing back embarrassing moments in my head on repeat... I keep playing back embarrassing moments in my head on repeat... Remembering old failures and worrying that history is bound to repeat itself today... Thought about how much I've grown over the last few years and felt proud...","I felt incredibly hypervigilant sensory responses all day, constantly checking behind my back... I simply do not care about these performance milestones anymore... I feel incredibly guilty for wasting another entire day doing nothing... I am constantly starting new tasks while my desk is covered in unfinished work... I am constantly starting new tasks while my desk is covered in unfinished work... I feel incredibly guilty for wasting another entire day doing nothing... I feel so restless, like I need to run away but idk where... Every minor detail feels like a massive crisis waiting to happen...","I ended up leaving early bcs the crowded room felt suffocating... Everyone else is out living their lives while I am stuck in this depressive paralysis... Everyone else is out living their lives while I am stuck in this depressive paralysis... I went to a small gathering but felt like everyone was silently judging me... I went to a small gathering but felt like everyone was silently judging me... I am terrified that I said sth stupid and ruined my friendship... I was able to support my coworker through a difficult issue today...",Anxiety
P239,62,Non-binary,"Management Consultant",Master's,sarcastic,minimal,No,professional,"My nervous system is stuck on high alert and I can't seem to turn it off. I dealt with a minor transient stressor today but managed to keep things in perspective. Today felt balanced, calm, and relatively straightforward. I feel optimal affective equilibrium and at peace with where things are headed right now. Fabulous, just fabulous. a wave of intense, irrational anger washed over me out of nowhere. Another day, another masterpiece of timing. i feel so restless, like I need to run away but I don't know where.","Because why not, i have been pacing around my room for an hour trying to remember what I was doing. My chest feels incredibly tight, like someone is standing on it. I have zero energy left to even brush my hair or change my clothes. My body is exhausted from being in a perpetual state of fight-or-flight. I feel incredibly dizzy and nauseous from this constant state of alertness. Even taking a shower felt like an Olympian task that required days of planning.","Living the dream as usual. everyone else is out living their lives while I am stuck in this depressive paralysis. I am putting up massive walls to keep people from getting too close to me. I snapped at my brother when he startled me by walking into the kitchen. My phone kept ringing but I let it go to voicemail every time. I feel completely existential alienation to the world, and maybe that's for the best. Fabulous, just fabulous. i feel completely existential alienation to the world, and maybe that's for the best.","I feel so restless, like I need to run away but I don't know where. A wave of intense, irrational anger washed over me out of nowhere. I tried to read my book but the words just swam around without meaning.","I spent the afternoon trying to push down images of past experiences that kept resurfacing. A specific smell today instantly transported me back to that the distressing index event in my past. I keep remembering old mistakes and cringing at my younger self. My brain is on a constant loop of recalling every friendship I've ruined. I keep playing back embarrassing moments in my head on repeat. Memories of what happened are crashing through my brain like uninvited ghosts. My mind suddenly recalled a minor argument from five years ago and now I can't sleep. Stumbled upon an old project folder and couldn't believe how much effort I used to put in. Memories of what happened are crashing through my brain like uninvited ghosts. I keep remembering old mistakes and cringing at my younger self.","My brain is running at a hundred miles an hour but going nowhere. My mind is on an absolute loop of 'catastrophic cognitive distortions' that I cannot shut down. I feel this constant, generalized somatic hyperarousal in the pit of my stomach. I felt incredibly hypervigilant sensory responses all day, constantly checking behind my back. Everything feels incredibly urgent and I am constantly anticipatory panic cycles. Because why not, woke up at 2 PM and lay in bed staring at the wall until dark. I feel this profound sense of persistent threat-appraisal bias even in my own locked home. The silence in my apartment is deafening, yet I don't want to break it. Every minor detail feels like a massive crisis waiting to happen.","Another day, another masterpiece of timing. my friends asked me to choose a restaurant and my brain completely froze from pressure. I feel completely existential alienation to the world, and maybe that's for the best.",PTSD
P240,19,Non-binary,"Bartender",High School,highly-emotional,exclamations,Yes,colloquial,"My thoughts are swirling around like a hurricane and I can't catch one! Woke up staring at the ceiling, dreading the morning standup!","Woke up w/ a massive burst of creative energy at 3 AM and started painting! My hands are always busy w/ sth, I simply cannot sit quiet! I have zero energy left to even brush my hair or change my clothes! My throat feels tight and it feels like I am struggling to get enough oxygen!!! I forgot to eat lunch again bcs I was rearranging my bookshelf by color! I am constantly fidgeting, tapping my feet, and chewing on my pen! My throat feels tight and it feels like I am struggling to get enough oxygen!","I am terrified that I said sth stupid and ruined my friendship!!! I cancelled our weekend plans bcs I can't pretend to be happy! I avoid going to crowded places bcs they trigger a deep panic! I cancelled our weekend plans bcs I can't pretend to be happy! My friends asked me to choose a restaurant and my brain completely froze from pressure!!!","I had a rly productive morning and felt a nice sense of accomplishment! The silence in my apartment is deafening, yet I don't want to break it! I feel content and at peace w/ where things are headed right now!","I remember when I actually used to be passionate about this job! I keep playing back embarrassing moments in my head on repeat! Memories of what happened are crashing through my brain like uninvited ghosts! I recalled a random fact about space that I learned in school instead of working! I spent the afternoon trying to push down images of past experiences that kept resurfacing! I was thinking about how simple things used to be before this heaviness took over! I keep remembering all these great ideas I had but never actually finished!","My mind feels like it's racing w/ twenty different thoughts competing for space at once! I felt a wave of gratitude while drinking my tea and watching the rain! My clients are complaining and I feel completely disconnected from the outcomes! A wave of intense, irrational anger washed over me out of nowhere!!! I spent five hours completely lost in reading a random Wikipedia article about history! My mind feels like it's racing w/ twenty different thoughts competing for space at once!!!","I cancelled our weekend plans bcs I can't pretend to be happy! I interrupted my friend three times today bcs I was excited about an idea! I am terrified that I said sth stupid and ruined my friendship! I interrupted my friend three times today bcs I was excited about an idea! I cancelled our weekend plans bcs I can't pretend to be happy!!! Everyone else is out living their lives while I am stuck in this quicksand! I was able to support my coworker through a difficult issue today!!! I interrupted my friend three times today bcs I was excited about an idea! Sarah invited me out for drinks but I ignored her text message! We went out to a new Italian bistro in town and laughed for hours!",ADHD
P241,44,Non-binary,"Administrative Assistant",High School,highly-emotional,exclamations,No,colloquial,"There is this deep ache in my chest that refuses to lift!!! I spent three hours overanalyzing a single text message from my colleague! I feel incredibly guilty for wasting another entire day doing nothing! Woke up at 2 PM and lay in bed staring at the wall until dark! Today felt balanced, calm, and relatively straightforward! Every single email from my manager feels like a personal attack! My brain is running at a hundred miles an hour but going nowhere!","I forgot to eat lunch today, honestly food just tastes like cardboard lately!!! My limbs feel like they are filled with lead blocks!!! I feel like a hollow shell of myself, just going through the motions! My shoulders are permanently glued to my ears from pure tension! I feel physically energetic, healthy, and in tune with my body's needs!","Everyone else is out living their lives while I am stuck in this quicksand! Sarah invited me out for drinks but I ignored her text message! I don't have the emotional capacity to listen to anyone else's problems! I snapped at my brother when he startled me by walking into the kitchen! Cancelling plans has become my favorite hobby lately because of my exhaustion!!!","I am so incredibly overwhelmed by the sheer volume of my own thoughts! I am so tired of feeling like an absolute burden to everyone around me!!! My nervous system is stuck on high alert and I can't seem to turn it off! I am constantly starting new tasks while my desk is covered in unfinished work!!! Nothing seems to bring even a flicker of interest or pleasure anymore!","I was thinking about how simple things used to be before this heaviness took over! I was thinking about how simple things used to be before this heaviness took over! I look at old photos of me smiling and wonder who that person was! Stumbled upon an old project folder and couldn't believe how much effort I used to put in!","I looked at my computer screen and literally wanted to throw it out the window! I looked at my computer screen and literally wanted to throw it out the window! I have been sitting at my desk for nine hours and accomplished absolutely nothing!","My phone kept ringing but I let it go to voicemail every time! My phone kept ringing but I let it go to voicemail every time! I ended up leaving early because the crowded room felt suffocating!!! Everyone else is out living their lives while I am stuck in this quicksand!!! My partner tried to talk about dinner and I completely snapped at them! My partner tried to talk about dinner and I completely snapped at them! My partner tried to talk about dinner and I completely snapped at them! I don't have the emotional capacity to listen to anyone else's problems!",Burnout
P242,50,Male,"Project Manager",Bachelor's,sarcastic,exclamations,No,colloquial,"Today felt balanced, calm, and relatively straightforward! Today felt balanced, calm, and relatively straightforward! I had a really productive morning and felt a nice sense of accomplishment! I had a really productive morning and felt a nice sense of accomplishment! I feel content and at peace with where things are headed right now! Had some time to reflect on my personal goals and felt quite optimistic!!! I had a really productive morning and felt a nice sense of accomplishment!!!","Another day, another masterpiece of timing! my shoulders are permanently glued to my ears from pure tension!!! Cooked a nutritious dinner with fresh vegetables and slept very soundly! Oh, absolutely brilliant! my shoulders are permanently glued to my ears from pure tension! Another day, another masterpiece of timing! cooked a nutritious dinner with fresh vegetables and slept very soundly! Took a nice afternoon stretch and drank plenty of water today! I went for a long run after work and felt a great release of tension! Woke up feeling refreshed and ready to take on the day's tasks! I forgot to eat lunch again because I was rearranging my bookshelf by color!","Another day, another masterpiece of timing! had an absolute blast hanging out with Marcus and Jenna at the local park! Fabulous, just fabulous! everyone else is out living their lives while I am stuck in this quicksand!","I feel content and at peace with where things are headed right now! I feel content and at peace with where things are headed right now! Today felt balanced, calm, and relatively straightforward! Because why not, had some time to reflect on my personal goals and felt quite optimistic!!! I dealt with a minor setback today but managed to keep things in perspective! I feel so frustrated with my inability to just settle down and pay attention!","I keep playing back embarrassing moments in my head on repeat! Because why not, thought about how much I've grown over the last few years and felt proud! I spent the afternoon trying to push down images of past experiences that kept resurfacing! Stumbled upon an old project folder and couldn't believe how much effort I used to put in!!! Remembering old times with high school friends made me text them to catch up! Thought about how much I've grown over the last few years and felt proud! Living the dream as usual! thought about how much I've grown over the last few years and felt proud!!! Living the dream as usual! i was remembering our summer trip and smiling at the memories! Oh, absolutely brilliant! remembering old times with high school friends made me text them to catch up! Remembering old times with high school friends made me text them to catch up!","I am constantly starting new tasks while my desk is covered in unfinished work! I felt a wave of gratitude while drinking my tea and watching the rain! I had a really productive morning and felt a nice sense of accomplishment!","Another day, another masterpiece of timing! spent a quiet evening playing board games with my family, which was lovely! Everyone else is out living their lives while I am stuck in this quicksand! My phone kept ringing but I let it go to voicemail every time! I interrupted my friend three times today because I was excited about an idea! Another day, another masterpiece of timing! spent a quiet evening playing board games with my family, which was lovely!!!",Healthy
P243,58,Male,"Historian & Archivist",PhD,highly-emotional,standard,No,academic,"I feel this intense restlessness and boredom that actually feels physically uncomfortable. I cried in the shower this morning for no concrete reason. Nothing seems to bring even a flicker of interest or pleasure anymore.","Sleeping for twelve hours didn't do anything to cure this tiredness. I forgot to eat lunch today, honestly food just tastes like cardboard lately. I feel incredibly dizzy and nauseous from this constant state of alertness. My chest feels incredibly tight, like someone is standing on it. My body feels heavy, sluggish, and constantly on the verge of collapsing. My limbs feel like they are filled with lead blocks. My heart is pounding against my ribs for absolutely no reason. My heart is pounding against my ribs for absolutely no reason. I feel physically energetic, healthy, and in tune with my body's needs.","I don't have the emotional capacity to listen to anyone else's problems. My phone kept ringing but I let it go to voicemail every time. Had an absolute blast hanging out with Marcus and Jenna at the local park. Sarah invited me out for drinks but I ignored her text message. I rehearsed my entire conversation in my head before saying a single word. I went to a small gathering but felt like everyone was silently judging me. Everyone else is out living their lives while I am stuck in this depressive paralysis. I went to a small gathering but felt like everyone was silently judging me. My partner tried to talk about dinner and I completely snapped at them. Sarah invited me out for drinks but I ignored her text message.","I am completely paralyzed by the fear of making a terrible mistake. I feel incredibly guilty for wasting another entire day doing nothing. I feel incredibly guilty for wasting another entire day doing nothing. I spent three hours overanalyzing a single text message from my colleague. I feel this constant, generalized somatic hyperarousal in the pit of my stomach.","I was thinking about how simple things used to be before this heaviness took over. I was thinking about how simple things used to be before this heaviness took over. I recalled how excited I was on my first day here, which feels like a comedy now. My mind suddenly recalled a minor argument from five years ago and now I can't sleep. I was thinking about how simple things used to be before this heaviness took over. I was thinking about how simple things used to be before this heaviness took over. I recalled how excited I was on my first day here, which feels like a comedy now. Remembering old failures and worrying that history is bound to repeat itself today. My mind suddenly recalled a minor argument from five years ago and now I can't sleep. I remember when I actually used to be passionate about this job.","They keep asking for more deliverables but my tank has been empty for weeks. I cried in the shower this morning for no concrete reason. I feel completely emotional blunting, as if all my emotions have been drained out. There is a persistent, heavy severe anhedonic state sitting over everything today. There is a persistent, heavy severe anhedonic state sitting over everything today. Nothing seems to bring even a flicker of interest or pleasure anymore.","My friends asked me to choose a restaurant and my brain completely froze from pressure. I went to a small gathering but felt like everyone was silently judging me. Sarah invited me out for drinks but I ignored her text message. I totally forgot to reply to ten text messages that I opened this morning. I went to a small gathering but felt like everyone was silently judging me. I feel so isolated, but the thought of talking to someone makes me shudder. I just want to be left alone in a dark room with absolutely zero noise. I went to a small gathering but felt like everyone was silently judging me. I interrupted my friend three times today because I was excited about an idea.",Depression
P244,31,Female,"Barista",High School,normal,minimal,No,colloquial,"Every single email from my manager feels like a personal attack. There is this deep ache in my chest that refuses to lift. The silence in my apartment is deafening, yet I don't want to break it. Every minor detail feels like a massive crisis waiting to happen. There is a persistent, heavy grey fog sitting over everything today.","I haven't had a full night of uninterrupted sleep in what feels like months. My chest feels incredibly tight, like someone is standing on it. My limbs feel like they are filled with lead blocks. Drinking my fourth cup of coffee today just to keep my eyes open.","My phone kept ringing but I let it go to voicemail every time. Spent a quiet evening playing board games with my family, which was lovely. I avoid going to crowded places because they trigger a deep panic. My friends asked me to choose a restaurant and my brain completely froze from pressure. I feel so isolated, but the thought of talking to someone makes me shudder. I don't have the emotional capacity to listen to anyone else's problems. I ended up leaving early because the crowded room felt suffocating.","There is this deep ache in my chest that refuses to lift. I felt incredibly jumpy all day, constantly checking behind my back. I feel this constant, buzzing dread in the pit of my stomach.","Remembering old failures and worrying that history is bound to repeat itself today. Suddenly remembered that bill I was supposed to pay three weeks ago. Remembering old failures and worrying that history is bound to repeat itself today. I remember when I actually used to be passionate about this job. My brain is on a constant loop of recalling every friendship I've ruined.","I have checked my locked door five times already tonight. Nothing seems to bring even a flicker of interest or pleasure anymore. My inbox is overflowing with urgent requests that aren't actually urgent. Every single email from my manager feels like a personal attack. I am so tired of feeling like an absolute burden to everyone around me. My mind is on an absolute loop of 'what-ifs' that I cannot shut down. My brain is running at a hundred miles an hour but going nowhere. It feels like I am carrying a mountain on my back just to walk to the kitchen. My thoughts are swirling around like a hurricane and I can't catch one.","My partner tried to talk about dinner and I completely snapped at them. I ended up leaving early because the crowded room felt suffocating. I went to a small gathering but felt like everyone was silently judging me.",Anxiety
P245,38,Female,"Senior Research Scientist",PhD,formal,minimal,No,academic,"A sudden loud noise in the street made my heart shoot into my throat. Every minor detail feels like a massive crisis waiting to happen. A sudden loud noise in the street made my heart shoot into my throat. I felt incredibly hypervigilant sensory responses all day, constantly checking behind my back. I feel this profound sense of persistent threat-appraisal bias even in my own locked home. I feel completely pronounced depersonalization/dissociation, like I'm watching myself from above.","Woke up gasping for air, drenched in sweat from another intense nightmare. I haven't had a full night of uninterrupted sleep in what feels like months. I am constantly fidgeting, tapping my feet, and chewing on my pen. My hands are shaking so much that typing is becoming a struggle. I haven't had a full night of uninterrupted sleep in what feels like months. My limbs feel like they are filled with lead blocks.","I don't have the emotional capacity to listen to anyone else's problems. I cancelled our weekend plans because I can't pretend to be happy.","I have checked my locked door five times already tonight. A wave of intense, irrational anger washed over me out of nowhere. I felt incredibly hypervigilant sensory responses all day, constantly checking behind my back. Woke up at 2 PM and lay in bed staring at the wall until dark. A sudden loud noise in the street made my heart shoot into my throat. I feel so restless, like I need to run away but I don't know where. Woke up at 2 PM and lay in bed staring at the wall until dark.","Thinking back to last year when I had motivation and drive. I spent the afternoon trying to push down images of past experiences that kept resurfacing. I look at old photos of me smiling and wonder who that person was. I keep playing back embarrassing moments in my head on repeat. I had a sudden, intrusive cognitive recall of that night that felt so real I forgot where I actually was. I had a sudden, intrusive cognitive recall of that night that felt so real I forgot where I actually was. Thought about that chore I started this morning and realized it is still half-done. I keep playing back embarrassing moments in my head on repeat.","My brain is running at a hundred miles an hour but going nowhere. I cried in the shower this morning for no concrete reason.","I cancelled our weekend plans because I can't pretend to be happy. My phone kept ringing but I let it go to voicemail every time. I cancelled our weekend plans because I can't pretend to be happy. I cancelled our weekend plans because I can't pretend to be happy. My phone kept ringing but I let it go to voicemail every time. My friends asked me to choose a restaurant and my brain completely froze from pressure. I am putting up massive walls to keep people from getting too close to me. My phone kept ringing but I let it go to voicemail every time. Sarah invited me out for drinks but I ignored her text message. I am putting up massive walls to keep people from getting too close to me.",PTSD
P246,58,Female,"Data Scientist",Master's,abbreviated,minimal,No,colloquial,"They keep asking for more deliverables but my tank has been empty for weeks. I have checked my locked door five times already tonight. A wave of intense, irrational anger washed over me out of nowhere. I feel this intense restlessness and boredom that actually feels physically uncomfortable. I feel this intense restlessness and boredom that actually feels physically uncomfortable. I spent three hours overanalyzing a single text message from my colleague.","Woke up with a massive burst of creative energy at 3 AM and started painting. I feel incredibly dizzy and nauseous from this constant state of alertness. My hands are shaking so much that typing is becoming a struggle. I forgot to eat lunch again because I was rearranging my bookshelf by color. My limbs feel like they are filled with lead blocks. Woke up with a massive burst of creative energy at 3 AM and started painting. I have been pacing around my room for an hour trying to remember what I was doing.","Everyone else is out living their lives while I am stuck in this depressive paralysis. My friends asked me to choose a restaurant and my brain completely froze from pressure. My friends asked me to choose a restaurant and my brain completely froze from pressure.","The silence in my apartment is deafening, yet I don't want to break it. I am so incredibly overwhelmed by the sheer volume of my own thoughts. Every minor detail feels like a massive crisis waiting to happen. I spent three hours overanalyzing a single text message from my colleague.","Thought about that chore I started this morning and realized it is still half-done. I was thinking about how simple things used to be before this heaviness took over. I keep playing back embarrassing moments in my head on repeat. Suddenly remembered that bill I was supposed to pay three weeks ago. I look at old photos of me smiling and wonder who that person was.","I feel this intense restlessness and boredom that actually feels physically uncomfortable. Today felt balanced, calm, and relatively straightforward. I had a really productive morning and felt a nice sense of accomplishment. My brain is running at a hundred miles an hour but going nowhere. My brain is running at a hundred miles an hour but going nowhere. I feel optimal affective equilibrium and at peace with where things are headed right now. I felt a positive psychological orientation while drinking my tea and watching the rain. I had a really productive morning and felt a nice sense of accomplishment. Had some time to reflect on my personal goals and felt quite optimistic. I feel this intense restlessness and boredom that actually feels physically uncomfortable.","I cancelled our weekend plans because I can't pretend to be happy. We went out but my mind drifted and I missed the entire punchline of the story. I ended up leaving early because the crowded room felt suffocating. My phone kept ringing but I let it go to voicemail every time. I ended up leaving early because the crowded room felt suffocating.",ADHD
P247,22,Non-binary,"Graphic Designer",Bachelor's,abbreviated,minimal,No,professional,"The cynic in me is completely taking over at this point. I am so incredibly overwhelmed by the sheer volume of my own thoughts. I am completely paralyzed by the fear of making a terrible mistake.","I am physically exhausted but as soon as my head hits the pillow, my brain stays awake. My hands are shaking so much that typing is becoming a struggle.","My partner tried to talk about dinner and I completely snapped at them. I went to a small gathering but felt like everyone was silently judging me. I feel so isolated, but the thought of talking to someone makes me shudder. My phone kept ringing but I let it go to voicemail every time. I had a really honest, supportive conversation with my mom on the phone. I just want to be left alone in a dark room with absolutely zero noise. Sarah invited me out for drinks but I ignored her text message. Cancelling plans has become my favorite hobby lately because of my exhaustion. I cancelled our weekend plans because I can't pretend to be happy. I just want to be left alone in a dark room with absolutely zero noise.","I feel so restless, like I need to run away but I don't know where. Every minor detail feels like a massive crisis waiting to happen. They keep asking for more deliverables but my tank has been empty for weeks. The silence in my apartment is deafening, yet I don't want to break it. Another meeting that could have been an email, wasting my remaining energy. Every minor detail feels like a massive crisis waiting to happen. The silence in my apartment is deafening, yet I don't want to break it. I simply do not care about these performance milestones anymore. My inbox is overflowing with urgent requests that aren't actually urgent.","I recalled how excited I was on my first day here, which feels like a comedy now. I recalled how excited I was on my first day here, which feels like a comedy now. I recalled how excited I was on my first day here, which feels like a comedy now. I recalled how excited I was on my first day here, which feels like a comedy now. Remembering old failures and worrying that history is bound to repeat itself today. I was thinking about how simple things used to be before this heaviness took over.","I simply do not care about these performance milestones anymore. Woke up at 2 PM and lay in bed staring at the wall until dark. My brain is running at a hundred miles an hour but going nowhere.","I cancelled our weekend plans because I can't pretend to be happy. I don't have the emotional capacity to listen to anyone else's problems. I don't have the emotional capacity to listen to anyone else's problems. My partner tried to talk about dinner and I completely snapped at them. I just want to be left alone in a dark room with absolutely zero noise. Spent a quiet evening playing board games with my family, which was lovely.",Burnout
P248,57,Non-binary,"AI Ethics Researcher",PhD,formal,exclamations,No,academic,"I felt a positive psychological orientation while drinking my tea and watching the rain! I feel this intense restlessness and boredom that actually feels physically uncomfortable! I felt a positive psychological orientation while drinking my tea and watching the rain! I dealt with a minor transient stressor today but managed to keep things in perspective! Woke up at 2 PM and lay in bed staring at the wall until dark!!! The silence in my apartment is deafening, yet I don't want to break it! My thoughts are swirling around like a hurricane and I can't catch one! Today felt balanced, calm, and relatively straightforward! I dealt with a minor transient stressor today but managed to keep things in perspective!!!","I am constantly fidgeting, tapping my feet, and chewing on my pen! I feel tense, rigid, and my muscles are aching from constant bracing! Woke up feeling refreshed and ready to take on the day's tasks! I feel physically energetic, healthy, and in tune with my body's needs!!! Took a nice afternoon stretch and drank plenty of water today! Woke up feeling refreshed and ready to take on the day's tasks!!! I feel physically energetic, healthy, and in tune with my body's needs! Woke up feeling refreshed and ready to take on the day's tasks! I feel physically energetic, healthy, and in tune with my body's needs!!!","I went to a small gathering but felt like everyone was silently judging me! I had a really honest, supportive conversation with my mom on the phone!!! I just want to be left alone in a dark room with absolutely zero noise!!! We went out to a new Italian bistro in town and laughed for hours!","I spent three hours overanalyzing a single text message from my colleague!!! I felt a positive psychological orientation while drinking my tea and watching the rain!!! I dealt with a minor transient stressor today but managed to keep things in perspective!","I recalled some helpful advice my mentor gave me a few years ago!!! Thought about how much I've grown over the last few years and felt proud! Thought about how much I've grown over the last few years and felt proud! I spent the afternoon trying to push down images of past experiences that kept resurfacing! I recalled some helpful advice my mentor gave me a few years ago!!!","Woke up staring at the ceiling, experiencing acute anticipatory occupational anxiety! There is this deep ache in my chest that refuses to lift! Had some time to reflect on my personal goals and felt quite optimistic! I felt a positive psychological orientation while drinking my tea and watching the rain!","I was able to support my coworker through a difficult issue today! We went out to a new Italian bistro in town and laughed for hours!!!",Healthy
P249,33,Non-binary,"Architect",Master's,abbreviated,exclamations,No,professional,"Another meeting that could have been an email, wasting my remaining energy!!! I spent the afternoon copy-pasting numbers on a spreadsheet while feeling like a zombie!!! Every single email from my manager feels like a personal attack! There is this deep ache in my chest that refuses to lift! There is this deep ache in my chest that refuses to lift! Nothing seems to bring even a flicker of interest or pleasure anymore!!! Woke up at 2 PM and lay in bed staring at the wall until dark! There is a persistent, heavy severe anhedonic state sitting over everything today! Nothing seems to bring even a flicker of interest or pleasure anymore!","My limbs feel like they are filled with lead blocks!!! My limbs feel like they are filled with lead blocks! My limbs feel like they are filled with lead blocks! My body feels heavy, sluggish, and constantly on the verge of collapsing!!! My chest feels incredibly tight, like someone is standing on it! I have been pacing around my room for an hour trying to remember what I was doing! I feel incredibly dizzy and nauseous from this constant state of alertness!!!","My phone kept ringing but I let it go to voicemail every time! My phone kept ringing but I let it go to voicemail every time!","I am so incredibly overwhelmed by the sheer volume of my own thoughts! I am so incredibly overwhelmed by the sheer volume of my own thoughts!!!","I keep remembering old mistakes and cringing at my younger self! I keep playing back embarrassing moments in my head on repeat! I keep remembering that one presentation where my voice cracked! Stumbled upon an old project folder and couldn't believe how much effort I used to put in! I look at old photos of me smiling and wonder who that person was!!! I keep remembering that one presentation where my voice cracked! Thinking back to last year when I had motivation and drive! I was remembering our summer trip and smiling at the memories!!! I recalled how excited I was on my first day here, which feels like a comedy now! Remembering old times with high school friends made me text them to catch up!","I feel so frustrated with my executive attention impairments and pay attention! Woke up at 2 PM and lay in bed staring at the wall until dark! I feel so restless, like I need to run away but I don't know where! Nothing seems to bring even a flicker of interest or pleasure anymore! Every minor detail feels like a massive crisis waiting to happen!!! Everything feels incredibly urgent and I am constantly anticipatory panic cycles! I tried to read my book but the words just swam around without meaning! I spent three hours overanalyzing a single text message from my colleague! I spent three hours overanalyzing a single text message from my colleague!","Everyone else is out living their lives while I am stuck in this depressive paralysis! My phone kept ringing but I let it go to voicemail every time!!! I feel completely existential alienation to the world, and maybe that's for the best!!! I don't have the emotional capacity to listen to anyone else's problems! I don't have the emotional capacity to listen to anyone else's problems! My partner tried to talk about dinner and I completely snapped at them!",Depression
P250,61,Male,"Data Scientist",Master's,narrative,minimal,No,professional,"I cried in the shower this morning for no concrete reason. I cried in the shower this morning for no concrete reason. I am completely paralyzed by the fear of making a terrible mistake. I feel incredibly guilty for wasting another entire day doing nothing. Woke up at 2 PM and lay in bed staring at the wall until dark. I feel completely emotional blunting, as if all my emotions have been drained out. I have checked my locked door five times already tonight. I have checked my locked door five times already tonight. The existential disillusionment in me is completely taking over at this point. I looked at my computer screen and literally wanted to throw it out the window.","My throat feels tight and it feels like I am struggling to get enough oxygen. I am constantly fidgeting, tapping my feet, and chewing on my pen. My heart is pounding against my ribs for absolutely no reason. I have zero energy left to even brush my hair or change my clothes. I have zero energy left to even brush my hair or change my clothes. My hands are shaking so much that typing is becoming a struggle. I feel incredibly dizzy and nauseous from this constant state of alertness. I have zero energy left to even brush my hair or change my clothes.","Sarah invited me out for drinks but I ignored her text message. Spent a quiet evening playing board games with my family, which was lovely. My phone kept ringing but I let it go to voicemail every time.","My mind is on an absolute loop of 'catastrophic cognitive distortions' that I cannot shut down. The existential disillusionment in me is completely taking over at this point. Had some time to reflect on my personal goals and felt quite optimistic. It feels like I am carrying a mountain on my back just to walk to the kitchen.","I look at old photos of me smiling and wonder who that person was. Remembering old failures and worrying that history is bound to repeat itself today. I was thinking about how simple things used to be before this heaviness took over. I was thinking about how simple things used to be before this heaviness took over. I keep playing back embarrassing moments in my head on repeat. I look at old photos of me smiling and wonder who that person was. I recalled a random fact about space that I learned in school instead of working. I keep playing back embarrassing moments in my head on repeat. I keep remembering all these great ideas I had but never actually finished.","I cried in the shower this morning for no concrete reason. I am completely paralyzed by the fear of making a terrible mistake. Another meeting that could have been an email, wasting my remaining energy. I feel this constant, generalized somatic hyperarousal in the pit of my stomach. I feel so restless, like I need to run away but I don't know where.","I went to a small gathering but felt like everyone was silently judging me. I ended up leaving early because the crowded room felt suffocating. Cancelling plans has become my favorite hobby lately because of my exhaustion. I went to a small gathering but felt like everyone was silently judging me.",Anxiety
P251,23,Female,"Bartender",High School,normal,minimal,Yes,simple,"There is this deep ache in my chest that refuses to lift. I am so incredibly overwhelmed by the sheer volume of my own thoughts. I felt incredibly jumpy all day, constantly checking behind my back. The silence in my apartment is deafening, yet I don't want to break it. I feel completely detached from my body, like I'm watching myself from above. I am completely paralyzed by the fear of making a terrible mistake. I spent five hours completely lost in reading a random Wikipedia article about history. I am completely paralyzed by the fear of making a terrible mistake.","My hands are shaking so much that typing is becoming a struggle. My chest feels incredibly tight, like someone is standing on it.","I avoid going to crowded places bcs they trigger a deep panic. I feel so isolated, but the thought of talking to someone makes me shudder. I ended up leaving early bcs the crowded room felt suffocating. I am putting up massive walls to keep ppl from getting too close to me. I rehearsed my entire conversation in my head before saying a single word. I rehearsed my entire conversation in my head before saying a single word.","I feel incredibly guilty for wasting another entire day doing nothing. I cried in the shower this morning for no concrete reason. A sudden loud noise in the street made my heart shoot into my throat. My thoughts are swirling around like a hurricane and I can't catch one. Every minor detail feels like a massive crisis waiting to happen. I felt incredibly jumpy all day, constantly checking behind my back.","My mind suddenly recalled a minor argument from five years ago and now I can't sleep. I was thinking about how simple things used to be before this heaviness took over. I was thinking about how simple things used to be before this heaviness took over. Memories of what happened are crashing through my brain like uninvited ghosts. Memories of what happened are crashing through my brain like uninvited ghosts. Thought about how much I've grown over the last few years and felt proud.","I feel completely detached from my body, like I'm watching myself from above. I feel this profound sense of unsafety even in my own locked home. I spent three hours overanalyzing a single text message from my colleague.","I feel completely invisible to the world, and maybe that's for the best. My phone kept ringing but I let it go to voicemail every time. I avoid going to crowded places bcs they trigger a deep panic. I cancelled our weekend plans bcs I can't pretend to be happy. I rehearsed my entire conversation in my head before saying a single word. I ended up leaving early bcs the crowded room felt suffocating. I am terrified that I said sth stupid and ruined my friendship.",PTSD
P252,43,Male,"Historian & Archivist",PhD,highly-emotional,ellipses,No,academic,"I feel this intense restlessness and boredom that actually feels physically uncomfortable... Had some time to reflect on my personal goals and felt quite optimistic... I tried to read my book but the words just swam around without meaning... I spent five hours prolonged attentional focus a random Wikipedia article about history...","Woke up with a massive burst of creative energy at 3 AM and started painting... My hands are always busy with something, I simply cannot sit quiet... Woke up feeling refreshed and ready to take on the day's tasks... Woke up feeling refreshed and ready to take on the day's tasks... My limbs feel like they are filled with lead blocks... I forgot to eat lunch again because I was rearranging my bookshelf by color... My stomach is in knots and I am constantly on edge... I went for a long run after work and felt a great release of tension...","We went out to a new Italian bistro in town and laughed for hours... I am terrified that I said something stupid and ruined my friendship...","My mind feels like it's severe cognitive hyperactivity competing for space at once... I cried in the shower this morning for no concrete reason... Every minor detail feels like a massive crisis waiting to happen...","Suddenly remembered that bill I was supposed to pay three weeks ago... I keep playing back embarrassing moments in my head on repeat... Suddenly remembered that bill I was supposed to pay three weeks ago... Thought about that chore I started this morning and realized it is still half-done...","I feel so restless, like I need to run away but I don't know where... I am constantly starting new tasks while my desk is covered in unfinished work... I spent five hours prolonged attentional focus a random Wikipedia article about history... I spent the afternoon copy-pasting numbers on a spreadsheet while feeling like a zombie... I feel so frustrated with my executive attention impairments and pay attention... I am constantly starting new tasks while my desk is covered in unfinished work... I felt a positive psychological orientation while drinking my tea and watching the rain...","We went out but my mind drifted and I missed the entire punchline of the story... I totally forgot to reply to ten text messages that I opened this morning... I cancelled our weekend plans because I can't pretend to be happy... I interrupted my friend three times today because I was excited about an idea... Had an absolute blast hanging out with Marcus and Jenna at the local park... I feel so isolated, but the thought of talking to someone makes me shudder... I rehearsed my entire conversation in my head before saying a single word... I totally forgot to reply to ten text messages that I opened this morning... My partner tried to talk about dinner and I completely snapped at them... Everyone else is out living their lives while I am stuck in this depressive paralysis...",ADHD
P253,53,Female,"Customer Service Agent",High School,normal,standard,No,simple,"My brain is running at a hundred miles an hour but going nowhere. I feel completely numb, as if all my emotions have been drained out. I feel so restless, like I need to run away but I don't know where. I spent the afternoon copy-pasting numbers on a spreadsheet while feeling like a zombie. It feels like I am carrying a mountain on my back just to walk to the kitchen.","My shoulders are permanently glued to my ears from pure tension. My chest feels incredibly tight, like someone is standing on it. Drinking my fourth cup of coffee today just to keep my eyes open. Drinking my fourth cup of coffee today just to keep my eyes open. My shoulders are permanently glued to my ears from pure tension. I have zero energy left to even brush my hair or change my clothes. Drinking my fourth cup of coffee today just to keep my eyes open. My heart is pounding against my ribs for absolutely no reason. I feel incredibly dizzy and nauseous from this constant state of alertness. My shoulders are permanently glued to my ears from pure tension.","I don't have the emotional capacity to listen to anyone else's problems. I just want to be left alone in a dark room with absolutely zero noise. I don't have the emotional capacity to listen to anyone else's problems. Spent a quiet evening playing board games with my family, which was lovely. Everyone else is out living their lives while I am stuck in this quicksand.","I simply do not care about these performance milestones anymore. My inbox is overflowing with urgent requests that aren't actually urgent. I looked at my computer screen and literally wanted to throw it out the window.","My mind suddenly recalled a minor argument from five years ago and now I can't sleep. I keep remembering that one presentation where my voice cracked. I keep playing back embarrassing moments in my head on repeat. I remember when I actually used to be passionate about this job. My mind suddenly recalled a minor argument from five years ago and now I can't sleep.","I feel so restless, like I need to run away but I don't know where. Nothing seems to bring even a flicker of interest or pleasure anymore. I have checked my locked door five times already tonight. I am so incredibly overwhelmed by the sheer volume of my own thoughts. Every single email from my manager feels like a personal attack. I simply do not care about these performance milestones anymore. The silence in my apartment is deafening, yet I don't want to break it. I feel incredibly guilty for wasting another entire day doing nothing.","I just want to be left alone in a dark room with absolutely zero noise. I just want to be left alone in a dark room with absolutely zero noise. My partner tried to talk about dinner and I completely snapped at them. I had a really honest, supportive conversation with my mom on the phone. I went to a small gathering but felt like everyone was silently judging me. I feel so isolated, but the thought of talking to someone makes me shudder.",Burnout
P254,64,Non-binary,"High School Teacher",Bachelor's,narrative,exclamations,No,professional,"Had some time to reflect on my personal goals and felt quite optimistic! I feel content and at peace with where things are headed right now!!! I felt a wave of gratitude while drinking my tea and watching the rain! Today felt balanced, calm, and relatively straightforward! I dealt with a minor setback today but managed to keep things in perspective! I dealt with a minor setback today but managed to keep things in perspective! Had some time to reflect on my personal goals and felt quite optimistic!","I forgot to eat lunch today, honestly food just tastes like cardboard lately!!! Cooked a nutritious dinner with fresh vegetables and slept very soundly!!! Cooked a nutritious dinner with fresh vegetables and slept very soundly! Woke up feeling refreshed and ready to take on the day's tasks! I feel physically energetic, healthy, and in tune with my body's needs! Took a nice afternoon stretch and drank plenty of water today!!! Cooked a nutritious dinner with fresh vegetables and slept very soundly!","I feel like an outsider who can't connect with normal human experiences!!! My phone kept ringing but I let it go to voicemail every time! I was able to support my coworker through a difficult issue today!!! Had an absolute blast hanging out with Marcus and Jenna at the local park!","I felt a wave of gratitude while drinking my tea and watching the rain!!! There is a persistent, heavy grey fog sitting over everything today! I feel content and at peace with where things are headed right now! I dealt with a minor setback today but managed to keep things in perspective! I am so tired of feeling like an absolute burden to everyone around me!","I remember when I actually used to be passionate about this job! I recalled a random fact about space that I learned in school instead of working! I was remembering our summer trip and smiling at the memories! I was remembering our summer trip and smiling at the memories! Thought about how much I've grown over the last few years and felt proud!","I felt a wave of gratitude while drinking my tea and watching the rain!!! I dealt with a minor setback today but managed to keep things in perspective! I feel so restless, like I need to run away but I don't know where! I had a really productive morning and felt a nice sense of accomplishment! I have been sitting at my desk for nine hours and accomplished absolutely nothing!!! Woke up staring at the ceiling, dreading the morning standup! Today felt balanced, calm, and relatively straightforward!!! Today felt balanced, calm, and relatively straightforward! I feel this intense restlessness and boredom that actually feels physically uncomfortable!","We went out to a new Italian bistro in town and laughed for hours! Had an absolute blast hanging out with Marcus and Jenna at the local park!!! Had an absolute blast hanging out with Marcus and Jenna at the local park! I avoid going to crowded places because they trigger a deep panic! Spent a quiet evening playing board games with my family, which was lovely!",Healthy
P255,36,Non-binary,"Marketing Specialist",Bachelor's,highly-emotional,ellipses,No,professional,"The silence in my apartment is deafening, yet I don't want to break it... I tried to read my book but the words just swam around without meaning... I felt incredibly jumpy all day, constantly checking behind my back... I feel this profound sense of unsafety even in my own locked home... My brain is running at a hundred miles an hour but going nowhere... I tried to read my book but the words just swam around without meaning... It feels like I am carrying a mountain on my back just to walk to the kitchen...","I forgot to eat lunch today, honestly food just tastes like cardboard lately... I haven't had a full night of uninterrupted sleep in what feels like months... I forgot to eat lunch today, honestly food just tastes like cardboard lately... I haven't had a full night of uninterrupted sleep in what feels like months... I forgot to eat lunch today, honestly food just tastes like cardboard lately... My shoulders are permanently glued to my ears from pure tension...","Cancelling plans has become my favorite hobby lately because of my exhaustion... I went to a small gathering but felt like everyone was silently judging me... Sarah invited me out for drinks but I ignored her text message...","Woke up at 2 PM and lay in bed staring at the wall until dark... The silence in my apartment is deafening, yet I don't want to break it... My attention is constantly drifting off in the middle of standard conversations... I am so tired of feeling like an absolute burden to everyone around me... Woke up at 2 PM and lay in bed staring at the wall until dark... I am so incredibly overwhelmed by the sheer volume of my own thoughts... Everything feels incredibly urgent and I am constantly waiting for the other shoe to drop... I am so incredibly overwhelmed by the sheer volume of my own thoughts... Woke up staring at the ceiling, dreading the morning standup...","I was thinking about how simple things used to be before this heaviness took over... I keep remembering that one presentation where my voice cracked... I keep remembering old mistakes and cringing at my younger self... I keep remembering old mistakes and cringing at my younger self... I keep playing back embarrassing moments in my head on repeat... Memories of what happened are crashing through my brain like uninvited ghosts... Stumbled upon an old project folder and couldn't believe how much effort I used to put in... I remember when I actually used to be passionate about this job...","Nothing seems to bring even a flicker of interest or pleasure anymore... I feel content and at peace with where things are headed right now... A sudden loud noise in the street made my heart shoot into my throat... I simply do not care about these performance milestones anymore...","Cancelling plans has become my favorite hobby lately because of my exhaustion... I snapped at my brother when he startled me by walking into the kitchen... I feel completely invisible to the world, and maybe that's for the best... I don't have the emotional capacity to listen to anyone else's problems... My phone kept ringing but I let it go to voicemail every time... I feel so isolated, but the thought of talking to someone makes me shudder... Sarah invited me out for drinks but I ignored her text message...",Depression
P256,51,Female,"Quantitative Analyst",PhD,formal,exclamations,No,academic,"I have checked my locked door five times already tonight! The existential disillusionment in me is completely taking over at this point!","Even taking a shower felt like an Olympian task that required days of planning! My hands are shaking so much that typing is becoming a struggle! My shoulders are permanently glued to my ears from pure tension!!!","Sarah invited me out for drinks but I ignored her text message!!! Spent a quiet evening playing board games with my family, which was lovely!!! I ended up leaving early because the crowded room felt suffocating!!!","I feel so restless, like I need to run away but I don't know where! Every minor detail feels like a massive crisis waiting to happen! I feel optimal affective equilibrium and at peace with where things are headed right now! My inbox is overflowing with urgent requests that aren't actually urgent! I feel this constant, generalized somatic hyperarousal in the pit of my stomach!","Thought about that chore I started this morning and realized it is still half-done! Stumbled upon an old project folder and couldn't believe how much effort I used to put in! I keep remembering that one presentation where my voice cracked! I was thinking about how simple things used to be before this heaviness took over! Remembering old times with high school friends made me text them to catch up! Thought about how much I've grown over the last few years and felt proud! I was thinking about how simple things used to be before this heaviness took over! A specific smell today instantly transported me back to that the distressing index event in my past! My mind suddenly recalled a minor argument from five years ago and now I can't sleep!","I feel so restless, like I need to run away but I don't know where! I feel so restless, like I need to run away but I don't know where! I dealt with a minor transient stressor today but managed to keep things in perspective! I feel this intense restlessness and boredom that actually feels physically uncomfortable!!! I feel this constant, generalized somatic hyperarousal in the pit of my stomach! My thoughts are swirling around like a hurricane and I can't catch one! They keep asking for more deliverables but my tank has been empty for weeks! Every single email from my manager feels like a personal attack! I feel this constant, generalized somatic hyperarousal in the pit of my stomach!","My friends asked me to choose a restaurant and my brain completely froze from pressure! I was able to support my coworker through a difficult issue today!",Anxiety
P257,32,Female,"Graphic Designer",Bachelor's,narrative,standard,No,colloquial,"My nervous system is stuck on high alert and I can't seem to turn it off. I feel so restless, like I need to run away but I don't know where. My mind feels like it's racing with twenty different thoughts competing for space at once.","My chest feels incredibly tight, like someone is standing on it. I have zero energy left to even brush my hair or change my clothes. My chest feels incredibly tight, like someone is standing on it. My limbs feel like they are filled with lead blocks. I feel incredibly dizzy and nauseous from this constant state of alertness. I forgot to eat lunch today, honestly food just tastes like cardboard lately. Woke up gasping for air, drenched in sweat from another intense nightmare.","I sat with my back to the wall at the restaurant, scanning the exit doors. I am putting up massive walls to keep people from getting too close to me. I feel like an outsider who can't connect with normal human experiences. I rehearsed my entire conversation in my head before saying a single word. I went to a small gathering but felt like everyone was silently judging me. Everyone else is out living their lives while I am stuck in this quicksand. I rehearsed my entire conversation in my head before saying a single word. I am putting up massive walls to keep people from getting too close to me.","My nervous system is stuck on high alert and I can't seem to turn it off. My mind is on an absolute loop of 'what-ifs' that I cannot shut down.","A specific smell today instantly transported me back to that difficult moment in my past. I keep playing back embarrassing moments in my head on repeat. My brain is on a constant loop of recalling every friendship I've ruined. I spent the afternoon trying to push down images of past experiences that kept resurfacing.","My brain is running at a hundred miles an hour but going nowhere. I tried to read my book but the words just swam around without meaning. A wave of intense, irrational anger washed over me out of nowhere. I had a really productive morning and felt a nice sense of accomplishment. A wave of intense, irrational anger washed over me out of nowhere. I feel completely detached from my body, like I'm watching myself from above. Woke up at 2 PM and lay in bed staring at the wall until dark. A wave of intense, irrational anger washed over me out of nowhere. A sudden loud noise in the street made my heart shoot into my throat.","I cancelled our weekend plans because I can't pretend to be happy. I sat with my back to the wall at the restaurant, scanning the exit doors. I feel like an outsider who can't connect with normal human experiences. I snapped at my brother when he startled me by walking into the kitchen.",PTSD
P258,33,Female,"Urban Planner",Master's,disorganized,minimal,Yes,colloquial,"I feel so frustrated w/ my executive attention impairments and pay attention. Woke up at 2 PM and lay in bed staring at the wall until dark. Nothing seems to bring even a flicker of interest or pleasure anymore.","I am constantly fidgeting, tapping my feet, and chewing on my pen. I am constantly fidgeting, tapping my feet, and chewing on my pen.","Everyone else is out living their lives while I am stuck in this depressive paralysis. Had an absolute blast hanging out w/ Marcus and Jenna at the local park. My phone kept ringing but I let it go to voicemail every time. I rehearsed my entire conversation in my head before saying a single word. I interrupted my friend three times today bcs I was excited about an idea. My friends asked me to choose a restaurant and my brain completely froze from pressure. We went out but my mind drifted and I missed the entire punchline of the story. I feel so isolated, but the thought of talking to someone makes me shudder. I am terrified that I said sth stupid and ruined my friendship.","I looked at my computer screen and literally wanted to throw it out the window. Had some time to reflect on my personal goals and felt quite optimistic. I tried to read my book but the words just swam around w/o meaning. Every minor detail feels like a massive crisis waiting to happen. I am so tired of feeling like an absolute psychological liability to everyone around me.","I keep remembering old mistakes and cringing at my younger self. I keep remembering all these great ideas I had but never actually finished. I keep playing back embarrassing moments in my head on repeat. I recalled a random fact about space that I learned in school instead of working. I keep remembering that one presentation where my voice cracked. Remembering old failures and worrying that history is bound to repeat itself today. Thought about that chore I started this morning and realized it is still half-done. Thought about that chore I started this morning and realized it is still half-done. My mind suddenly recalled a minor argument from five years ago and now I can't sleep. My mind suddenly recalled a minor argument from five years ago and now I can't sleep.","I feel completely pronounced depersonalization/dissociation, like I'm watching myself from above. I have checked my locked door five times already tonight. I am so incredibly overwhelmed by the sheer volume of my own thoughts. I tried to read my book but the words just swam around w/o meaning. My thoughts are swirling around like a hurricane and I can't catch one. I had a rly productive morning and felt a nice sense of accomplishment. My attention is constantly drifting off in the middle of standard conversations. Every minor detail feels like a massive crisis waiting to happen. I feel this intense restlessness and boredom that actually feels physically uncomfortable. I feel this intense restlessness and boredom that actually feels physically uncomfortable.","I interrupted my friend three times today bcs I was excited about an idea. I went to a small gathering but felt like everyone was silently judging me. I ended up leaving early bcs the crowded room felt suffocating.",ADHD
P259,19,Male,"Security Guard",High School,sarcastic,ellipses,No,simple,"Living the dream as usual... woke up staring at the ceiling, dreading the morning standup... Because why not, the silence in my apartment is deafening, yet I don't want to break it... Had some time to reflect on my personal goals and felt quite optimistic... My clients are complaining and I feel completely disconnected from the outcomes... I feel so frustrated with my inability to just settle down and pay attention... They keep asking for more deliverables but my tank has been empty for weeks...","My body feels heavy, sluggish, and constantly on the verge of collapsing... In a shocking turn of events, i am physically exhausted but as soon as my head hits the pillow, my brain stays awake... My limbs feel like they are filled with lead blocks... Drinking my fourth cup of coffee today just to keep my eyes open...","I had a really honest, supportive conversation with my mom on the phone... Another day, another masterpiece of timing... i don't have the emotional capacity to listen to anyone else's problems... Cancelling plans has become my favorite hobby lately because of my exhaustion...","Every single email from my manager feels like a personal attack... The silence in my apartment is deafening, yet I don't want to break it... Nothing seems to bring even a flicker of interest or pleasure anymore... My clients are complaining and I feel completely disconnected from the outcomes...","Spoiler alert: i look at old photos of me smiling and wonder who that person was... Exactly what I needed... i keep remembering old mistakes and cringing at my younger self... In a shocking turn of events, i look at old photos of me smiling and wonder who that person was... Because why not, i recalled how excited I was on my first day here, which feels like a comedy now... Thinking back to last year when I had motivation and drive... I remember when I actually used to be passionate about this job... Thinking back to last year when I had motivation and drive... I keep playing back embarrassing moments in my head on repeat... Remembering old failures and worrying that history is bound to repeat itself today... Thought about how much I've grown over the last few years and felt proud...","Oh, absolutely brilliant... woke up at 2 PM and lay in bed staring at the wall until dark... It feels like I am carrying a mountain on my back just to walk to the kitchen... I am so incredibly overwhelmed by the sheer volume of my own thoughts... My attention is constantly drifting off in the middle of standard conversations...","I interrupted my friend three times today because I was excited about an idea... Living the dream as usual... i feel so isolated, but the thought of talking to someone makes me shudder... My partner tried to talk about dinner and I completely snapped at them... Everyone else is out living their lives while I am stuck in this quicksand... Exactly what I needed... everyone else is out living their lives while I am stuck in this quicksand...",Burnout
P260,28,Non-binary,"Bartender",High School,sarcastic,standard,No,colloquial,"My clients are complaining and I feel completely disconnected from the outcomes. Because why not, woke up at 2 PM and lay in bed staring at the wall until dark. Living the dream as usual. there is a persistent, heavy grey fog sitting over everything today. I feel content and at peace with where things are headed right now. I feel completely detached from my body, like I'm watching myself from above. I had a really productive morning and felt a nice sense of accomplishment. My attention is constantly drifting off in the middle of standard conversations. Fabulous, just fabulous. i dealt with a minor setback today but managed to keep things in perspective.","Cooked a nutritious dinner with fresh vegetables and slept very soundly. I feel physically energetic, healthy, and in tune with my body's needs. Woke up gasping for air, drenched in sweat from another intense nightmare. Took a nice afternoon stretch and drank plenty of water today. I feel physically energetic, healthy, and in tune with my body's needs. Sleeping for twelve hours didn't do anything to cure this tiredness. Woke up feeling refreshed and ready to take on the day's tasks.","Had an absolute blast hanging out with Marcus and Jenna at the local park. Oh, absolutely brilliant. we went out to a new Italian bistro in town and laughed for hours. I don't have the emotional capacity to listen to anyone else's problems. My phone kept ringing but I let it go to voicemail every time. Fabulous, just fabulous. i snapped at my brother when he startled me by walking into the kitchen. I was able to support my coworker through a difficult issue today. Fabulous, just fabulous. spent a quiet evening playing board games with my family, which was lovely. Spent a quiet evening playing board games with my family, which was lovely.","Spoiler alert: i had a really productive morning and felt a nice sense of accomplishment. I feel completely numb, as if all my emotions have been drained out. I had a really productive morning and felt a nice sense of accomplishment. Another day, another masterpiece of timing. i feel content and at peace with where things are headed right now. Spoiler alert: i feel completely detached from my body, like I'm watching myself from above. My attention is constantly drifting off in the middle of standard conversations.","Thought about how much I've grown over the last few years and felt proud. In a shocking turn of events, remembering old times with high school friends made me text them to catch up. I recalled how excited I was on my first day here, which feels like a comedy now. I was thinking about how simple things used to be before this heaviness took over. I keep remembering all these great ideas I had but never actually finished. I recalled some helpful advice my mentor gave me a few years ago. Suddenly remembered that bill I was supposed to pay three weeks ago. Fabulous, just fabulous. thinking back to last year when I had motivation and drive. I keep playing back embarrassing moments in my head on repeat. I was thinking about how simple things used to be before this heaviness took over.","I am so tired of feeling like an absolute burden to everyone around me. I spent five hours completely lost in reading a random Wikipedia article about history. Had some time to reflect on my personal goals and felt quite optimistic. I feel content and at peace with where things are headed right now. Another day, another masterpiece of timing. i spent the afternoon copy-pasting numbers on a spreadsheet while feeling like a zombie. Had some time to reflect on my personal goals and felt quite optimistic. I felt a wave of gratitude while drinking my tea and watching the rain. I feel content and at peace with where things are headed right now. I had a really productive morning and felt a nice sense of accomplishment. My attention is constantly drifting off in the middle of standard conversations.","My friends asked me to choose a restaurant and my brain completely froze from pressure. Had an absolute blast hanging out with Marcus and Jenna at the local park. I feel so isolated, but the thought of talking to someone makes me shudder. I sat with my back to the wall at the restaurant, scanning the exit doors. Had an absolute blast hanging out with Marcus and Jenna at the local park. I am terrified that I said something stupid and ruined my friendship. Fabulous, just fabulous. i was able to support my coworker through a difficult issue today. I sat with my back to the wall at the restaurant, scanning the exit doors. I was able to support my coworker through a difficult issue today.",Healthy
P261,34,Non-binary,"Registered Nurse",Bachelor's,normal,ellipses,Yes,professional,"My clients are complaining and I feel completely disconnected from the outcomes... I cried in the shower this morning for no concrete reason... I feel content and at peace w/ where things are headed right now... My brain is running at a hundred miles an hour but going nowhere... My mind is on an absolute loop of 'what-ifs' that I cannot shut down...","My throat feels tight and it feels like I am struggling to get enough oxygen... I forgot to eat lunch today, honestly food just tastes like cardboard lately... I feel incredibly dizzy and nauseous from this constant state of alertness... Even taking a shower felt like an Olympian task that required days of planning...","I went to a small gathering but felt like everyone was silently judging me... I feel completely invisible to the world, and maybe that's for the best... I feel completely invisible to the world, and maybe that's for the best... Everyone else is out living their lives while I am stuck in this quicksand... I feel completely invisible to the world, and maybe that's for the best...","The cynic in me is completely taking over at this point... There is this deep ache in my chest that refuses to lift... I feel incredibly guilty for wasting another entire day doing nothing... I feel completely numb, as if all my emotions have been drained out... I have checked my locked door five times already tonight...","Thinking back to last year when I had motivation and drive... I was thinking about how simple things used to be before this heaviness took over... I was thinking about how simple things used to be before this heaviness took over... I keep remembering that one presentation where my voice cracked... Stumbled upon an old project folder and couldn't believe how much effort I used to put in... Remembering old failures and worrying that history is bound to repeat itself today... Thinking back to last year when I had motivation and drive... I was thinking about how simple things used to be before this heaviness took over... My mind suddenly recalled a minor argument from five years ago and now I can't sleep... I recalled how excited I was on my first day here, which feels like a comedy now...","Woke up at 2 PM and lay in bed staring at the wall until dark... Today felt balanced, calm, and relatively straightforward... I feel this intense restlessness and boredom that actually feels physically uncomfortable... I cried in the shower this morning for no concrete reason... I spent three hours overanalyzing a single text message from my colleague... The silence in my apartment is deafening, yet I don't want to break it... My clients are complaining and I feel completely disconnected from the outcomes... I am so tired of feeling like an absolute burden to everyone around me... Woke up at 2 PM and lay in bed staring at the wall until dark...","I just want to be left alone in a dark room w/ absolutely zero noise... I feel so isolated, but the thought of talking to someone makes me shudder... I feel so isolated, but the thought of talking to someone makes me shudder... Had an absolute blast hanging out w/ Marcus and Jenna at the local park... Everyone else is out living their lives while I am stuck in this quicksand... I ended up leaving early bcs the crowded room felt suffocating... I don't have the emotional capacity to listen to anyone else's problems... Everyone else is out living their lives while I am stuck in this quicksand... I don't have the emotional capacity to listen to anyone else's problems...",Depression
P262,29,Non-binary,"Receptionist",High School,highly-emotional,minimal,No,simple,"I feel this intense restlessness and boredom that actually feels physically uncomfortable. I feel so restless, like I need to run away but I don't know where. I spent three hours overanalyzing a single text message from my colleague. I spent the afternoon copy-pasting numbers on a spreadsheet while feeling like a zombie.","My chest feels incredibly tight, like someone is standing on it. I forgot to eat lunch today, honestly food just tastes like cardboard lately. I am physically exhausted but as soon as my head hits the pillow, my brain stays awake. Even taking a shower felt like an Olympian task that required days of planning. I feel like a hollow shell of myself, just going through the motions.","I am terrified that I said something stupid and ruined my friendship. My friends asked me to choose a restaurant and my brain completely froze from pressure. I went to a small gathering but felt like everyone was silently judging me. I went to a small gathering but felt like everyone was silently judging me. Everyone else is out living their lives while I am stuck in this quicksand. I feel completely invisible to the world, and maybe that's for the best. I went to a small gathering but felt like everyone was silently judging me. I ended up leaving early because the crowded room felt suffocating.","I am so incredibly overwhelmed by the sheer volume of my own thoughts. I am constantly starting new tasks while my desk is covered in unfinished work. There is a persistent, heavy grey fog sitting over everything today. My clients are complaining and I feel completely disconnected from the outcomes. I feel so restless, like I need to run away but I don't know where. Another meeting that could have been an email, wasting my remaining energy. My brain is running at a hundred miles an hour but going nowhere.","I had a sudden, vivid memory of that night that felt so real I forgot where I actually was. I remember when I actually used to be passionate about this job. I keep remembering that one presentation where my voice cracked.","I spent the afternoon copy-pasting numbers on a spreadsheet while feeling like a zombie. I spent the afternoon copy-pasting numbers on a spreadsheet while feeling like a zombie. I am so incredibly overwhelmed by the sheer volume of my own thoughts. I felt a wave of gratitude while drinking my tea and watching the rain. Everything feels incredibly urgent and I am constantly waiting for the other shoe to drop. I tried to read my book but the words just swam around without meaning. My mind is on an absolute loop of 'what-ifs' that I cannot shut down.","I feel so isolated, but the thought of talking to someone makes me shudder. Everyone else is out living their lives while I am stuck in this quicksand. I am terrified that I said something stupid and ruined my friendship. Everyone else is out living their lives while I am stuck in this quicksand.",Anxiety
P263,60,Female,"Senior Research Scientist",PhD,formal,exclamations,No,academic,"A sudden loud noise in the street made my heart shoot into my throat! I felt incredibly hypervigilant sensory responses all day, constantly checking behind my back! Nothing seems to bring even a flicker of interest or pleasure anymore! My thoughts are swirling around like a hurricane and I can't catch one!","Cooked a nutritious dinner with fresh vegetables and slept very soundly!!! My body is exhausted from being in a perpetual state of fight-or-flight! I went for a long run after work and felt a great release of tension!!! My chest feels incredibly tight, like someone is standing on it! My hands are shaking so much that typing is becoming a struggle! My hands are shaking so much that typing is becoming a struggle! My chest feels incredibly tight, like someone is standing on it!","I snapped at my brother when he startled me by walking into the kitchen! I rehearsed my entire conversation in my head before saying a single word! Had an absolute blast hanging out with Marcus and Jenna at the local park!","My nervous system is stuck on high alert and I can't seem to turn it off! I feel this profound sense of persistent threat-appraisal bias even in my own locked home! The silence in my apartment is deafening, yet I don't want to break it!","Memories of what happened are crashing through my brain like uninvited ghosts! Remembering old times with high school friends made me text them to catch up! I look at old photos of me smiling and wonder who that person was! A specific smell today instantly transported me back to that the distressing index event in my past! I was thinking about how simple things used to be before this heaviness took over! I recalled how excited I was on my first day here, which feels like a comedy now!!! My brain is on a constant loop of recalling every friendship I've ruined! I had a sudden, intrusive cognitive recall of that night that felt so real I forgot where I actually was!","I felt incredibly hypervigilant sensory responses all day, constantly checking behind my back! I felt incredibly hypervigilant sensory responses all day, constantly checking behind my back! Every minor detail feels like a massive crisis waiting to happen! I feel this constant, generalized somatic hyperarousal in the pit of my stomach!","I feel so isolated, but the thought of talking to someone makes me shudder!!! I went to a small gathering but felt like everyone was silently judging me! I snapped at my brother when he startled me by walking into the kitchen! I ended up leaving early because the crowded room felt suffocating! I sat with my back to the wall at the restaurant, scanning the exit doors! I am terrified that I said something stupid and ruined my friendship! I interrupted my friend three times today because I was excited about an idea! I feel bad for talking so fast that people struggle to keep up with me!",PTSD
P264,19,Female,"Bartender",High School,abbreviated,ellipses,Yes,simple,"I feel so frustrated w/ my inability to just settle down and pay attention... They keep asking for more deliverables but my tank has been empty for weeks... I am constantly starting new tasks while my desk is covered in unfinished work... My attention is constantly drifting off in the middle of standard conversations... Today felt balanced, calm, and relatively straightforward... Today felt balanced, calm, and relatively straightforward... My thoughts are swirling around like a hurricane and I can't catch one... I felt a wave of gratitude while drinking my tea and watching the rain... I feel completely numb, as if all my emotions have been drained out... I feel so restless, like I need to run away but idk where...","Woke up feeling refreshed and ready to take on the day's tasks... My throat feels tight and it feels like I am struggling to get enough oxygen... I have zero energy left to even brush my hair or change my clothes... I am constantly fidgeting, tapping my feet, and chewing on my pen... I forgot to eat lunch again bcs I was rearranging my bookshelf by color... I have been pacing around my room for an hour trying to remember what I was doing... My stomach is in knots and I am constantly on edge... My hands are shaking so much that typing is becoming a struggle... I am physically exhausted but as soon as my head hits the pillow, my brain stays awake... I am physically exhausted but as soon as my head hits the pillow, my brain stays awake...","Cancelling plans has become my favorite hobby lately bcs of my exhaustion... We went out but my mind drifted and I missed the entire punchline of the story... I rehearsed my entire conversation in my head before saying a single word... I interrupted my friend three times today bcs I was excited about an idea... My friends asked me to choose a restaurant and my brain completely froze from pressure... I feel so isolated, but the thought of talking to someone makes me shudder... Had an absolute blast hanging out w/ Marcus and Jenna at the local park...","Woke up at 2 PM and lay in bed staring at the wall until dark... I feel this constant, buzzing dread in the pit of my stomach... I spent three hours overanalyzing a single text message from my colleague... I feel incredibly guilty for wasting another entire day doing nothing... I am so incredibly overwhelmed by the sheer volume of my own thoughts... My attention is constantly drifting off in the middle of standard conversations... I spent five hours completely lost in reading a random Wikipedia article about history... Had some time to reflect on my personal goals and felt quite optimistic... I have checked my locked door five times already tonight...","I keep remembering all these great ideas I had but never actually finished... Thought about that chore I started this morning and realized it is still half-done... Thought about that chore I started this morning and realized it is still half-done... Remembering old times w/ high school friends made me text them to catch up... Thinking back to last year when I had motivation and drive... I spent the afternoon trying to push down images of past experiences that kept resurfacing...","The silence in my apartment is deafening, yet I don't want to break it... My mind feels like it's racing w/ twenty different thoughts competing for space at once... I am constantly starting new tasks while my desk is covered in unfinished work... I feel so restless, like I need to run away but idk where...","We went out but my mind drifted and I missed the entire punchline of the story... I feel like an outsider who can't connect w/ normal human experiences... Everyone else is out living their lives while I am stuck in this quicksand... I interrupted my friend three times today bcs I was excited about an idea... I lost my car keys twice today and was late meeting my friends, again... I feel completely invisible to the world, and maybe that's for the best... I interrupted my friend three times today bcs I was excited about an idea... I ended up leaving early bcs the crowded room felt suffocating... I cancelled our weekend plans bcs I can't pretend to be happy...",ADHD
P265,48,Male,"Receptionist",High School,highly-emotional,exclamations,Yes,colloquial,"My inbox is overflowing w/ urgent requests that aren't actually urgent!!! My inbox is overflowing w/ urgent requests that aren't actually urgent! My thoughts are swirling around like a hurricane and I can't catch one! Every single email from my manager feels like a personal attack! I spent five hours completely lost in reading a random Wikipedia article about history! They keep asking for more deliverables but my tank has been empty for weeks! I am constantly starting new tasks while my desk is covered in unfinished work!","I forgot to eat lunch today, honestly food just tastes like cardboard lately!!! My chest feels incredibly tight, like someone is standing on it! Drinking my fourth cup of coffee today just to keep my eyes open!!! My hands are always busy w/ sth, I simply cannot sit quiet! My body feels heavy, sluggish, and constantly on the verge of collapsing!!! Woke up gasping for air, drenched in sweat from another intense nightmare! Woke up gasping for air, drenched in sweat from another intense nightmare! My shoulders are permanently glued to my ears from pure tension!","My partner tried to talk about dinner and I completely snapped at them! I just want to be left alone in a dark room w/ absolutely zero noise!","I have been sitting at my desk for nine hours and accomplished absolutely nothing! I have been sitting at my desk for nine hours and accomplished absolutely nothing!!! I spent the afternoon copy-pasting numbers on a spreadsheet while feeling like a zombie!","Remembering old failures and worrying that history is bound to repeat itself today! Thinking back to last year when I had motivation and drive! I look at old photos of me smiling and wonder who that person was! Remembering old failures and worrying that history is bound to repeat itself today! I recalled how excited I was on my first day here, which feels like a comedy now! I recalled how excited I was on my first day here, which feels like a comedy now!","The cynic in me is completely taking over at this point! I felt a wave of gratitude while drinking my tea and watching the rain! My brain is running at a hundred miles an hour but going nowhere! Everything feels incredibly urgent and I am constantly waiting for the other shoe to drop!!! My inbox is overflowing w/ urgent requests that aren't actually urgent!!!","Everyone else is out living their lives while I am stuck in this quicksand! I rehearsed my entire conversation in my head before saying a single word! I snapped at my brother when he startled me by walking into the kitchen!",Burnout
P266,41,Female,"Bartender",High School,disorganized,standard,Yes,simple,"A sudden loud noise in the street made my heart shoot into my throat. I cried in the shower this morning for no concrete reason. Had some time to reflect on my personal goals and felt quite optimistic. I feel content and at peace w/ where things are headed right now. Woke up at 2 PM and lay in bed staring at the wall until dark.","I feel physically energetic, healthy, and in tune w/ my body's needs. Took a nice afternoon stretch and drank plenty of water today. Woke up w/ a massive burst of creative energy at 3 AM and started painting. Woke up feeling refreshed and ready to take on the day's tasks. Woke up feeling refreshed and ready to take on the day's tasks. Cooked a nutritious dinner w/ fresh vegetables and slept very soundly.","I feel like an outsider who can't connect w/ normal human experiences. I had a rly honest, supportive conversation w/ my mom on the phone. Spent a quiet evening playing board games w/ my family, which was lovely. I was able to support my coworker through a difficult issue today. I had a rly honest, supportive conversation w/ my mom on the phone. Had an absolute blast hanging out w/ Marcus and Jenna at the local park. Spent a quiet evening playing board games w/ my family, which was lovely. Cancelling plans has become my favorite hobby lately bcs of my exhaustion.","I feel this profound sense of unsafety even in my own locked home. Another meeting that could have been an email, wasting my remaining energy.","I was remembering our summer trip and smiling at the memories. I recalled some helpful advice my mentor gave me a few years ago. I recalled a random fact about space that I learned in school instead of working. Thought about how much I've grown over the last few years and felt proud. I was remembering our summer trip and smiling at the memories.","I feel content and at peace w/ where things are headed right now. I am so tired of feeling like an absolute burden to everyone around me.","I had a rly honest, supportive conversation w/ my mom on the phone. I was able to support my coworker through a difficult issue today.",Healthy
P267,38,Male,"Registered Nurse",Bachelor's,highly-emotional,ellipses,Yes,professional,"Woke up at 2 PM and lay in bed staring at the wall until dark... They keep asking for more deliverables but my tank has been empty for weeks... My mind feels like it's racing w/ twenty different thoughts competing for space at once...","I have zero energy left to even brush my hair or change my clothes... I went for a long run after work and felt a great release of tension... I have zero energy left to even brush my hair or change my clothes... I am physically exhausted but as soon as my head hits the pillow, my brain stays awake... My limbs feel like they are filled w/ lead blocks... My throat feels tight and it feels like I am struggling to get enough oxygen... I have zero energy left to even brush my hair or change my clothes... I feel like a hollow shell of myself, just going through the motions...","My friends asked me to choose a restaurant and my brain completely froze from pressure... I feel so isolated, but the thought of talking to someone makes me shudder... I lost my car keys twice today and was late meeting my friends, again... My partner tried to talk about dinner and I completely snapped at them...","I felt a wave of gratitude while drinking my tea and watching the rain... I looked at my computer screen and literally wanted to throw it out the window... There is a persistent, heavy grey fog sitting over everything today... My clients are complaining and I feel completely disconnected from the outcomes... Woke up staring at the ceiling, dreading the morning standup... I am completely paralyzed by the fear of making a terrible mistake... Woke up at 2 PM and lay in bed staring at the wall until dark... My brain is running at a hundred miles an hour but going nowhere... My nervous system is stuck on high alert and I can't seem to turn it off...","Remembering old times w/ high school friends made me text them to catch up... I look at old photos of me smiling and wonder who that person was... I keep playing back embarrassing moments in my head on repeat... I recalled how excited I was on my first day here, which feels like a comedy now... I spent the afternoon trying to push down images of past experiences that kept resurfacing... I keep remembering old mistakes and cringing at my younger self... I keep playing back embarrassing moments in my head on repeat... My brain is on a constant loop of recalling every friendship I've ruined... Remembering old failures and worrying that history is bound to repeat itself today...","I spent three hours overanalyzing a single text message from my colleague... I feel incredibly guilty for wasting another entire day doing nothing... I spent the afternoon copy-pasting numbers on a spreadsheet while feeling like a zombie... I feel completely numb, as if all my emotions have been drained out... I looked at my computer screen and literally wanted to throw it out the window... The cynic in me is completely taking over at this point...","My phone kept ringing but I let it go to voicemail every time... Everyone else is out living their lives while I am stuck in this quicksand... I cancelled our weekend plans bcs I can't pretend to be happy... Cancelling plans has become my favorite hobby lately bcs of my exhaustion... Sarah invited me out for drinks but I ignored her text message... I lost my car keys twice today and was late meeting my friends, again...",Depression
P268,46,Male,"University Professor",PhD,highly-emotional,standard,No,academic,"Today felt balanced, calm, and relatively straightforward. I have been sitting at my desk for nine hours and demonstrated negligible cognitive productivity. I spent five hours prolonged attentional focus a random Wikipedia article about history. Woke up staring at the ceiling, experiencing acute anticipatory occupational anxiety. I feel optimal affective equilibrium and at peace with where things are headed right now. I feel completely emotional blunting, as if all my emotions have been drained out. Woke up staring at the ceiling, experiencing acute anticipatory occupational anxiety. I spent three hours overanalyzing a single text message from my colleague. I am so incredibly overwhelmed by the sheer volume of my own thoughts. I spent three hours overanalyzing a single text message from my colleague.","My chest feels incredibly tight, like someone is standing on it. My throat feels tight and it feels like I am struggling to get enough oxygen. Sleeping for twelve hours didn't do anything to cure this tiredness. My throat feels tight and it feels like I am struggling to get enough oxygen. My hands are shaking so much that typing is becoming a struggle. My throat feels tight and it feels like I am struggling to get enough oxygen. I am constantly fidgeting, tapping my feet, and chewing on my pen. My heart is pounding against my ribs for absolutely no reason.","Sarah invited me out for drinks but I ignored her text message. I feel so isolated, but the thought of talking to someone makes me shudder. I am terrified that I said something stupid and ruined my friendship. My friends asked me to choose a restaurant and my brain completely froze from pressure. I ended up leaving early because the crowded room felt suffocating. I am terrified that I said something stupid and ruined my friendship. I went to a small gathering but felt like everyone was silently judging me. Everyone else is out living their lives while I am stuck in this depressive paralysis. Cancelling plans has become my favorite hobby lately because of my exhaustion.","My inbox is overflowing with urgent requests that aren't actually urgent. Everything feels incredibly urgent and I am constantly anticipatory panic cycles. Every minor detail feels like a massive crisis waiting to happen. I have checked my locked door five times already tonight.","I recalled a random fact about space that I learned in school instead of working. I recalled how excited I was on my first day here, which feels like a comedy now. I keep remembering that one presentation where my voice cracked. My brain is on a constant loop of recalling every friendship I've ruined. Thought about that chore I started this morning and realized it is still half-done. I keep remembering that one presentation where my voice cracked. Thinking back to last year when I had motivation and drive. I recalled a random fact about space that I learned in school instead of working. I keep playing back embarrassing moments in my head on repeat. I keep remembering that one presentation where my voice cracked.","Everything feels incredibly urgent and I am constantly anticipatory panic cycles. I am constantly starting new tasks while my desk is covered in unfinished work. Another meeting that could have been an email, wasting my remaining energy. I feel completely pronounced depersonalization/dissociation, like I'm watching myself from above. I spent the afternoon copy-pasting numbers on a spreadsheet while feeling like a zombie. My clients are complaining and I feel completely disconnected from the outcomes. My mind is on an absolute loop of 'catastrophic cognitive distortions' that I cannot shut down. My thoughts are swirling around like a hurricane and I can't catch one. My attention is constantly drifting off in the middle of standard conversations.","Spent a quiet evening playing board games with my family, which was lovely. I ended up leaving early because the crowded room felt suffocating. I ended up leaving early because the crowded room felt suffocating. I went to a small gathering but felt like everyone was silently judging me. I went to a small gathering but felt like everyone was silently judging me. I feel bad for talking so fast that people struggle to keep up with me. I went to a small gathering but felt like everyone was silently judging me. I rehearsed my entire conversation in my head before saying a single word. Sarah invited me out for drinks but I ignored her text message. Sarah invited me out for drinks but I ignored her text message.",Anxiety
P269,59,Non-binary,"Quantitative Analyst",PhD,formal,ellipses,No,academic,"My nervous system is stuck on high alert and I can't seem to turn it off... I am completely paralyzed by the fear of making a terrible mistake... I feel so restless, like I need to run away but I don't know where...","My body is exhausted from being in a perpetual state of fight-or-flight... I feel incredibly dizzy and nauseous from this constant state of alertness...","I went to a small gathering but felt like everyone was silently judging me... I snapped at my brother when he startled me by walking into the kitchen... I went to a small gathering but felt like everyone was silently judging me... I feel like an outsider who can't connect with normal human experiences... I rehearsed my entire conversation in my head before saying a single word... I went to a small gathering but felt like everyone was silently judging me... I am terrified that I said something stupid and ruined my friendship...","My nervous system is stuck on high alert and I can't seem to turn it off... My brain is running at a hundred miles an hour but going nowhere... A sudden loud noise in the street made my heart shoot into my throat... My nervous system is stuck on high alert and I can't seem to turn it off... I am completely paralyzed by the fear of making a terrible mistake... Nothing seems to bring even a flicker of interest or pleasure anymore...","My mind suddenly recalled a minor argument from five years ago and now I can't sleep... I had a sudden, intrusive cognitive recall of that night that felt so real I forgot where I actually was... A specific smell today instantly transported me back to that the distressing index event in my past... I keep remembering that one presentation where my voice cracked... I spent the afternoon trying to push down images of past experiences that kept resurfacing... I remember when I actually used to be passionate about this job... I keep remembering old mistakes and cringing at my younger self... I keep remembering old mistakes and cringing at my younger self... A specific smell today instantly transported me back to that the distressing index event in my past...","I feel completely pronounced depersonalization/dissociation, like I'm watching myself from above... Woke up staring at the ceiling, experiencing acute anticipatory occupational anxiety... A sudden loud noise in the street made my heart shoot into my throat... I have checked my locked door five times already tonight... I tried to read my book but the words just swam around without meaning... My thoughts are swirling around like a hurricane and I can't catch one... A sudden loud noise in the street made my heart shoot into my throat... I tried to read my book but the words just swam around without meaning... My thoughts are swirling around like a hurricane and I can't catch one...","I am terrified that I said something stupid and ruined my friendship... I went to a small gathering but felt like everyone was silently judging me... I feel completely existential alienation to the world, and maybe that's for the best... Sarah invited me out for drinks but I ignored her text message... My phone kept ringing but I let it go to voicemail every time...",PTSD
P270,20,Female,"Historian & Archivist",PhD,formal,standard,No,academic,"I am so incredibly overwhelmed by the sheer volume of my own thoughts. Every minor detail feels like a massive crisis waiting to happen. A sudden loud noise in the street made my heart shoot into my throat. My attention is constantly drifting off in the middle of standard conversations.","My hands are always busy with something, I simply cannot sit quiet. My limbs feel like they are filled with lead blocks. I forgot to eat lunch again because I was rearranging my bookshelf by color. My heart is pounding against my ribs for absolutely no reason. Sleeping for twelve hours didn't do anything to cure this tiredness. Took a nice afternoon stretch and drank plenty of water today.","I don't have the emotional capacity to listen to anyone else's problems. We went out but my mind drifted and I missed the entire punchline of the story. I interrupted my friend three times today because I was excited about an idea. We went out but my mind drifted and I missed the entire punchline of the story.","I feel so frustrated with my executive attention impairments and pay attention. My attention is constantly drifting off in the middle of standard conversations. My attention is constantly drifting off in the middle of standard conversations. The existential disillusionment in me is completely taking over at this point. I am completely paralyzed by the fear of making a terrible mistake. I feel this intense restlessness and boredom that actually feels physically uncomfortable. I feel so frustrated with my executive attention impairments and pay attention. I feel optimal affective equilibrium and at peace with where things are headed right now. I feel this intense restlessness and boredom that actually feels physically uncomfortable.","Suddenly remembered that bill I was supposed to pay three weeks ago. Remembering old failures and worrying that history is bound to repeat itself today. I remember when I actually used to be passionate about this job. Thought about that chore I started this morning and realized it is still half-done.","Woke up at 2 PM and lay in bed staring at the wall until dark. My mind feels like it's severe cognitive hyperactivity competing for space at once. I feel this intense restlessness and boredom that actually feels physically uncomfortable. I am so incredibly overwhelmed by the sheer volume of my own thoughts. I felt a positive psychological orientation while drinking my tea and watching the rain. Had some time to reflect on my personal goals and felt quite optimistic. My brain is running at a hundred miles an hour but going nowhere. My attention is constantly drifting off in the middle of standard conversations. I spent three hours overanalyzing a single text message from my colleague.","My partner tried to talk about dinner and I completely snapped at them. I lost my car keys twice today and was late meeting my friends, again. Spent a quiet evening playing board games with my family, which was lovely. My phone kept ringing but I let it go to voicemail every time.",ADHD
P271,45,Non-binary,"Quantitative Analyst",PhD,disorganized,standard,No,academic,"My inbox is overflowing with urgent requests that aren't actually urgent. I tried to read my book but the words just swam around without meaning. My mind is on an absolute loop of 'catastrophic cognitive distortions' that I cannot shut down.","Sleeping for twelve hours didn't do anything to cure this tiredness. Drinking my fourth cup of coffee today just to keep my eyes open. My shoulders are permanently glued to my ears from pure tension. My body feels heavy, sluggish, and constantly on the verge of collapsing. I haven't had a full night of uninterrupted sleep in what feels like months. I forgot to eat lunch today, honestly food just tastes like cardboard lately. Drinking my fourth cup of coffee today just to keep my eyes open. My shoulders are permanently glued to my ears from pure tension. I feel incredibly dizzy and nauseous from this constant state of alertness. I feel like a severe depersonalization state of myself, just going through the motions.","I just want to be left alone in a dark room with absolutely zero noise. I am terrified that I said something stupid and ruined my friendship. Sarah invited me out for drinks but I ignored her text message. I feel bad for talking so fast that people struggle to keep up with me. I cancelled our weekend plans because I can't pretend to be happy. Everyone else is out living their lives while I am stuck in this depressive paralysis. I rehearsed my entire conversation in my head before saying a single word. I don't have the emotional capacity to listen to anyone else's problems.","I feel this intense restlessness and boredom that actually feels physically uncomfortable. Another meeting that could have been an email, wasting my remaining energy.","Stumbled upon an old project folder and couldn't believe how much effort I used to put in. Thinking back to last year when I had motivation and drive.","My clients are complaining and I feel completely disconnected from the outcomes. My inbox is overflowing with urgent requests that aren't actually urgent. Every single email from my manager feels like a personal attack. I have been sitting at my desk for nine hours and demonstrated negligible cognitive productivity. Woke up staring at the ceiling, experiencing acute anticipatory occupational anxiety. I simply do not care about these performance milestones anymore.","I feel like an outsider who can't connect with normal human experiences. Cancelling plans has become my favorite hobby lately because of my exhaustion. I feel like an outsider who can't connect with normal human experiences. Sarah invited me out for drinks but I ignored her text message. Everyone else is out living their lives while I am stuck in this depressive paralysis.",Burnout
P272,23,Male,"Quantitative Analyst",PhD,sarcastic,exclamations,No,academic,"Exactly what I needed! had some time to reflect on my personal goals and felt quite optimistic! Today felt balanced, calm, and relatively straightforward! Fabulous, just fabulous! today felt balanced, calm, and relatively straightforward! I dealt with a minor transient stressor today but managed to keep things in perspective!!! I had a really productive morning and felt a nice sense of accomplishment! I had a really productive morning and felt a nice sense of accomplishment! I had a really productive morning and felt a nice sense of accomplishment!","Fabulous, just fabulous! i feel physically energetic, healthy, and in tune with my body's needs!!! I haven't had a full night of uninterrupted sleep in what feels like months! I feel physically energetic, healthy, and in tune with my body's needs! I feel physically energetic, healthy, and in tune with my body's needs! My body feels heavy, sluggish, and constantly on the verge of collapsing! I am profound somatic fatigue but as soon as my head hits the pillow, my brain stays awake! I went for a long run after work and felt a great release of tension! Oh, absolutely brilliant! my shoulders are permanently glued to my ears from pure tension!","Had an absolute blast hanging out with Marcus and Jenna at the local park! I went to a small gathering but felt like everyone was silently judging me!","I felt a positive psychological orientation while drinking my tea and watching the rain!!! Had some time to reflect on my personal goals and felt quite optimistic!!! Because why not, i had a really productive morning and felt a nice sense of accomplishment! They keep asking for more deliverables but my tank has been empty for weeks!","Remembering old times with high school friends made me text them to catch up! Oh, absolutely brilliant! i keep remembering that one presentation where my voice cracked! Stumbled upon an old project folder and couldn't believe how much effort I used to put in! I was remembering our summer trip and smiling at the memories! I recalled some helpful advice my mentor gave me a few years ago!","Another day, another masterpiece of timing! i felt a positive psychological orientation while drinking my tea and watching the rain! I dealt with a minor transient stressor today but managed to keep things in perspective!","We went out to a new Italian bistro in town and laughed for hours!!! I had a really honest, supportive conversation with my mom on the phone!!! I had a really honest, supportive conversation with my mom on the phone! I was able to support my coworker through a difficult issue today! Spent a quiet evening playing board games with my family, which was lovely! Everyone else is out living their lives while I am stuck in this depressive paralysis! I was able to support my coworker through a difficult issue today! I just want to be left alone in a dark room with absolutely zero noise! Cancelling plans has become my favorite hobby lately because of my exhaustion!",Healthy
P273,42,Female,"Sales Associate",High School,abbreviated,ellipses,Yes,colloquial,"Nothing seems to bring even a flicker of interest or pleasure anymore... My attention is constantly drifting off in the middle of standard conversations...","My body feels heavy, sluggish, and constantly on the verge of collapsing... My chest feels incredibly tight, like someone is standing on it... My limbs feel like they are filled w/ lead blocks... I have zero energy left to even brush my hair or change my clothes... I feel like a hollow shell of myself, just going through the motions... My throat feels tight and it feels like I am struggling to get enough oxygen... I feel incredibly dizzy and nauseous from this constant state of alertness... I have zero energy left to even brush my hair or change my clothes... I feel incredibly dizzy and nauseous from this constant state of alertness...","I rehearsed my entire conversation in my head before saying a single word... Everyone else is out living their lives while I am stuck in this quicksand... My friends asked me to choose a restaurant and my brain completely froze from pressure... My friends asked me to choose a restaurant and my brain completely froze from pressure... I feel so isolated, but the thought of talking to someone makes me shudder... Sarah invited me out for drinks but I ignored her text message...","My clients are complaining and I feel completely disconnected from the outcomes... My thoughts are swirling around like a hurricane and I can't catch one... I tried to read my book but the words just swam around w/o meaning... I am completely paralyzed by the fear of making a terrible mistake... I dealt w/ a minor setback today but managed to keep things in perspective...","I was thinking about how simple things used to be before this heaviness took over... Thought about that chore I started this morning and realized it is still half-done... I remember when I actually used to be passionate about this job... I look at old photos of me smiling and wonder who that person was...","I have checked my locked door five times already tonight... My mind is on an absolute loop of 'what-ifs' that I cannot shut down... I am so tired of feeling like an absolute burden to everyone around me...","I went to a small gathering but felt like everyone was silently judging me... My phone kept ringing but I let it go to voicemail every time... We went out but my mind drifted and I missed the entire punchline of the story... I went to a small gathering but felt like everyone was silently judging me... I cancelled our weekend plans bcs I can't pretend to be happy... My partner tried to talk about dinner and I completely snapped at them... I was able to support my coworker through a difficult issue today... I don't have the emotional capacity to listen to anyone else's problems... I had a rly honest, supportive conversation w/ my mom on the phone... I ended up leaving early bcs the crowded room felt suffocating...",Depression
P274,60,Female,"Marketing Specialist",Bachelor's,sarcastic,minimal,Yes,colloquial,"I tried to read my book but the words just swam around w/o meaning. The silence in my apartment is deafening, yet I don't want to break it. I spent five hours completely lost in reading a random Wikipedia article about history. Every minor detail feels like a massive crisis waiting to happen.","I feel like a hollow shell of myself, just going through the motions. My chest feels incredibly tight, like someone is standing on it.","My phone kept ringing but I let it go to voicemail every time. We went out to a new Italian bistro in town and laughed for hours. Exactly what I needed. cancelling plans has become my favorite hobby lately bcs of my exhaustion. I ended up leaving early bcs the crowded room felt suffocating. Sarah invited me out for drinks but I ignored her text message. I cancelled our weekend plans bcs I can't pretend to be happy. I went to a small gathering but felt like everyone was silently judging me. We went out to a new Italian bistro in town and laughed for hours.","I feel incredibly guilty for wasting another entire day doing nothing. My clients are complaining and I feel completely disconnected from the outcomes. I spent five hours completely lost in reading a random Wikipedia article about history. The silence in my apartment is deafening, yet I don't want to break it. I am constantly starting new tasks while my desk is covered in unfinished work. Everything feels incredibly urgent and I am constantly waiting for the other shoe to drop. There is this deep ache in my chest that refuses to lift.","Fabulous, just fabulous. i recalled how excited I was on my first day here, which feels like a comedy now. Remembering old failures and worrying that history is bound to repeat itself today. I keep playing back embarrassing moments in my head on repeat.","My brain is running at a hundred miles an hour but going nowhere. Everything feels incredibly urgent and I am constantly waiting for the other shoe to drop. I spent three hours overanalyzing a single text message from my colleague.","I had a rly honest, supportive conversation w/ my mom on the phone. I ended up leaving early bcs the crowded room felt suffocating. Living the dream as usual. i interrupted my friend three times today bcs I was excited about an idea. I went to a small gathering but felt like everyone was silently judging me.",Anxiety
P275,57,Male,"Economist",PhD,highly-emotional,ellipses,No,academic,"A sudden loud noise in the street made my heart shoot into my throat... My mind is on an absolute loop of 'catastrophic cognitive distortions' that I cannot shut down... A sudden loud noise in the street made my heart shoot into my throat... I feel this intense restlessness and boredom that actually feels physically uncomfortable... Every minor detail feels like a massive crisis waiting to happen... I spent three hours overanalyzing a single text message from my colleague... My thoughts are swirling around like a hurricane and I can't catch one... My mind is on an absolute loop of 'catastrophic cognitive distortions' that I cannot shut down... I feel this profound sense of persistent threat-appraisal bias even in my own locked home...","My heart is pounding against my ribs for absolutely no reason... My throat feels tight and it feels like I am struggling to get enough oxygen... I have zero energy left to even brush my hair or change my clothes... I haven't had a full night of uninterrupted sleep in what feels like months... My body is exhausted from being in a perpetual state of fight-or-flight... My heart is pounding against my ribs for absolutely no reason... Woke up gasping for air, drenched in sweat from another intense nightmare... Woke up gasping for air, drenched in sweat from another intense nightmare... Woke up gasping for air, drenched in sweat from another intense nightmare...","I snapped at my brother when he startled me by walking into the kitchen... I avoid going to crowded places because they trigger a deep panic... I sat with my back to the wall at the restaurant, scanning the exit doors... I feel completely existential alienation to the world, and maybe that's for the best... I went to a small gathering but felt like everyone was silently judging me... I went to a small gathering but felt like everyone was silently judging me...","I tried to read my book but the words just swam around without meaning... Everything feels incredibly urgent and I am constantly anticipatory panic cycles... Everything feels incredibly urgent and I am constantly anticipatory panic cycles... A wave of intense, irrational anger washed over me out of nowhere... A wave of intense, irrational anger washed over me out of nowhere... A sudden loud noise in the street made my heart shoot into my throat... I felt incredibly hypervigilant sensory responses all day, constantly checking behind my back... I feel this profound sense of persistent threat-appraisal bias even in my own locked home... I feel incredibly guilty for wasting another entire day doing nothing...","I keep remembering that one presentation where my voice cracked... My mind suddenly recalled a minor argument from five years ago and now I can't sleep... I was thinking about how simple things used to be before this heaviness took over... I was thinking about how simple things used to be before this heaviness took over... My brain is on a constant loop of recalling every friendship I've ruined...","I felt incredibly hypervigilant sensory responses all day, constantly checking behind my back... There is this deep ache in my chest that refuses to lift... A wave of intense, irrational anger washed over me out of nowhere... A sudden loud noise in the street made my heart shoot into my throat... I am completely paralyzed by the fear of making a terrible mistake... I feel so frustrated with my executive attention impairments and pay attention... My brain is running at a hundred miles an hour but going nowhere... I feel completely pronounced depersonalization/dissociation, like I'm watching myself from above...","I am putting up massive walls to keep people from getting too close to me... I am putting up massive walls to keep people from getting too close to me...",PTSD
P276,34,Male,"Receptionist",High School,disorganized,ellipses,Yes,colloquial,"I am constantly starting new tasks while my desk is covered in unfinished work... I am completely paralyzed by the fear of making a terrible mistake...","I have been pacing around my room for an hour trying to remember what I was doing... I have zero energy left to even brush my hair or change my clothes... Even taking a shower felt like an Olympian task that required days of planning... My hands are always busy w/ sth, I simply cannot sit quiet... My chest feels incredibly tight, like someone is standing on it...","I rehearsed my entire conversation in my head before saying a single word... I rehearsed my entire conversation in my head before saying a single word... I feel bad for talking so fast that ppl struggle to keep up w/ me...","My attention is constantly drifting off in the middle of standard conversations... My mind feels like it's racing w/ twenty different thoughts competing for space at once...","I keep remembering all these great ideas I had but never actually finished... Remembering old failures and worrying that history is bound to repeat itself today... Thought about how much I've grown over the last few years and felt proud... I recalled a random fact about space that I learned in school instead of working... I had a sudden, vivid memory of that night that felt so real I forgot where I actually was... Thought about how much I've grown over the last few years and felt proud... Suddenly remembered that bill I was supposed to pay three weeks ago... I was thinking about how simple things used to be before this heaviness took over... Thought about how much I've grown over the last few years and felt proud... I keep remembering that one presentation where my voice cracked...","I have checked my locked door five times already tonight... I feel this intense restlessness and boredom that actually feels physically uncomfortable... I feel so frustrated w/ my inability to just settle down and pay attention... It feels like I am carrying a mountain on my back just to walk to the kitchen... I spent five hours completely lost in reading a random Wikipedia article about history... My attention is constantly drifting off in the middle of standard conversations... I feel this intense restlessness and boredom that actually feels physically uncomfortable... I feel so restless, like I need to run away but idk where... I spent five hours completely lost in reading a random Wikipedia article about history... I felt incredibly jumpy all day, constantly checking behind my back...","Had an absolute blast hanging out w/ Marcus and Jenna at the local park... Everyone else is out living their lives while I am stuck in this quicksand... I interrupted my friend three times today bcs I was excited about an idea... We went out to a new Italian bistro in town and laughed for hours... I was able to support my coworker through a difficult issue today... Had an absolute blast hanging out w/ Marcus and Jenna at the local park...",ADHD
P277,42,Female,"Delivery Driver",High School,highly-emotional,standard,Yes,colloquial,"Woke up at 2 PM and lay in bed staring at the wall until dark. Every single email from my manager feels like a personal attack. I feel completely numb, as if all my emotions have been drained out. Another meeting that could have been an email, wasting my remaining energy. I feel so frustrated w/ my inability to just settle down and pay attention. I spent the afternoon copy-pasting numbers on a spreadsheet while feeling like a zombie. I spent the afternoon copy-pasting numbers on a spreadsheet while feeling like a zombie.","My heart is pounding against my ribs for absolutely no reason. My heart is pounding against my ribs for absolutely no reason. I have zero energy left to even brush my hair or change my clothes. Woke up feeling refreshed and ready to take on the day's tasks.","Everyone else is out living their lives while I am stuck in this quicksand. I rehearsed my entire conversation in my head before saying a single word. I cancelled our weekend plans bcs I can't pretend to be happy. Sarah invited me out for drinks but I ignored her text message.","My mind feels like it's racing w/ twenty different thoughts competing for space at once. I spent the afternoon copy-pasting numbers on a spreadsheet while feeling like a zombie. The cynic in me is completely taking over at this point. My thoughts are swirling around like a hurricane and I can't catch one. Nothing seems to bring even a flicker of interest or pleasure anymore. There is this deep ache in my chest that refuses to lift. I am constantly starting new tasks while my desk is covered in unfinished work. My mind feels like it's racing w/ twenty different thoughts competing for space at once.","Stumbled upon an old project folder and couldn't believe how much effort I used to put in. I remember when I actually used to be passionate about this job. Remembering old failures and worrying that history is bound to repeat itself today.","My inbox is overflowing w/ urgent requests that aren't actually urgent. The cynic in me is completely taking over at this point. My inbox is overflowing w/ urgent requests that aren't actually urgent. I am completely paralyzed by the fear of making a terrible mistake. I simply do not care about these performance milestones anymore. Every minor detail feels like a massive crisis waiting to happen. They keep asking for more deliverables but my tank has been empty for weeks. I have been sitting at my desk for nine hours and accomplished absolutely nothing.","I ended up leaving early bcs the crowded room felt suffocating. I feel bad for talking so fast that ppl struggle to keep up w/ me.",Burnout
P278,43,Non-binary,"Journalist",Bachelor's,formal,minimal,Yes,colloquial,"Had some time to reflect on my personal goals and felt quite optimistic. Everything feels incredibly urgent and I am constantly waiting for the other shoe to drop. Today felt balanced, calm, and relatively straightforward. I spent five hours completely lost in reading a random Wikipedia article about history. I feel content and at peace w/ where things are headed right now. Today felt balanced, calm, and relatively straightforward. I dealt w/ a minor setback today but managed to keep things in perspective.","Woke up feeling refreshed and ready to take on the day's tasks. Woke up feeling refreshed and ready to take on the day's tasks. Woke up feeling refreshed and ready to take on the day's tasks. Woke up feeling refreshed and ready to take on the day's tasks. My hands are shaking so much that typing is becoming a struggle. I went for a long run after work and felt a great release of tension. My chest feels incredibly tight, like someone is standing on it. Took a nice afternoon stretch and drank plenty of water today. Woke up feeling refreshed and ready to take on the day's tasks. I feel physically energetic, healthy, and in tune w/ my body's needs.","I had a rly honest, supportive conversation w/ my mom on the phone. Had an absolute blast hanging out w/ Marcus and Jenna at the local park. We went out to a new Italian bistro in town and laughed for hours. I feel like an outsider who can't connect w/ normal human experiences. Spent a quiet evening playing board games w/ my family, which was lovely. I went to a small gathering but felt like everyone was silently judging me.","I had a rly productive morning and felt a nice sense of accomplishment. I had a rly productive morning and felt a nice sense of accomplishment. I felt a wave of gratitude while drinking my tea and watching the rain.","Thought about how much I've grown over the last few years and felt proud. I had a sudden, vivid memory of that night that felt so real I forgot where I actually was. Thought about how much I've grown over the last few years and felt proud.","Had some time to reflect on my personal goals and felt quite optimistic. Had some time to reflect on my personal goals and felt quite optimistic. I had a rly productive morning and felt a nice sense of accomplishment. I dealt w/ a minor setback today but managed to keep things in perspective. I felt incredibly jumpy all day, constantly checking behind my back. I had a rly productive morning and felt a nice sense of accomplishment.","I was able to support my coworker through a difficult issue today. We went out to a new Italian bistro in town and laughed for hours. I had a rly honest, supportive conversation w/ my mom on the phone. Spent a quiet evening playing board games w/ my family, which was lovely. I ended up leaving early bcs the crowded room felt suffocating.",Healthy
P279,27,Female,"Delivery Driver",High School,formal,exclamations,No,simple,"It feels like I am carrying a mountain on my back just to walk to the kitchen! Woke up staring at the ceiling, dreading the morning standup!!! I feel incredibly guilty for wasting another entire day doing nothing! I feel completely numb, as if all my emotions have been drained out! I feel this constant, buzzing dread in the pit of my stomach! I have checked my locked door five times already tonight!!! I tried to read my book but the words just swam around without meaning! I feel incredibly guilty for wasting another entire day doing nothing!!! I feel this constant, buzzing dread in the pit of my stomach!","I haven't had a full night of uninterrupted sleep in what feels like months! My shoulders are permanently glued to my ears from pure tension!","Sarah invited me out for drinks but I ignored her text message! I ended up leaving early because the crowded room felt suffocating! I don't have the emotional capacity to listen to anyone else's problems! My phone kept ringing but I let it go to voicemail every time! I cancelled our weekend plans because I can't pretend to be happy! We went out but my mind drifted and I missed the entire punchline of the story!","I feel completely numb, as if all my emotions have been drained out! My clients are complaining and I feel completely disconnected from the outcomes! I am so tired of feeling like an absolute burden to everyone around me! There is this deep ache in my chest that refuses to lift! I cried in the shower this morning for no concrete reason!!! A sudden loud noise in the street made my heart shoot into my throat!","My mind suddenly recalled a minor argument from five years ago and now I can't sleep! I was thinking about how simple things used to be before this heaviness took over! My brain is on a constant loop of recalling every friendship I've ruined! I was thinking about how simple things used to be before this heaviness took over! I keep remembering old mistakes and cringing at my younger self! My brain is on a constant loop of recalling every friendship I've ruined! I look at old photos of me smiling and wonder who that person was! I recalled how excited I was on my first day here, which feels like a comedy now! I was thinking about how simple things used to be before this heaviness took over!","It feels like I am carrying a mountain on my back just to walk to the kitchen! It feels like I am carrying a mountain on my back just to walk to the kitchen!!! I tried to read my book but the words just swam around without meaning! My nervous system is stuck on high alert and I can't seem to turn it off!","I interrupted my friend three times today because I was excited about an idea! I cancelled our weekend plans because I can't pretend to be happy! My friends asked me to choose a restaurant and my brain completely froze from pressure! I am terrified that I said something stupid and ruined my friendship!!! I don't have the emotional capacity to listen to anyone else's problems!",Depression
P280,62,Female,"Warehouse Staff",High School,disorganized,minimal,Yes,colloquial,"I tried to read my book but the words just swam around w/o meaning. Everything feels incredibly urgent and I am constantly waiting for the other shoe to drop. I feel this constant, buzzing dread in the pit of my stomach. I had a rly productive morning and felt a nice sense of accomplishment. I feel so restless, like I need to run away but idk where. Had some time to reflect on my personal goals and felt quite optimistic.","I feel tense, rigid, and my muscles are aching from constant bracing. I feel incredibly dizzy and nauseous from this constant state of alertness. My heart is pounding against my ribs for absolutely no reason. My chest feels incredibly tight, like someone is standing on it. I have zero energy left to even brush my hair or change my clothes.","I rehearsed my entire conversation in my head before saying a single word. I feel so isolated, but the thought of talking to someone makes me shudder. I went to a small gathering but felt like everyone was silently judging me. My friends asked me to choose a restaurant and my brain completely froze from pressure.","Today felt balanced, calm, and relatively straightforward. Every minor detail feels like a massive crisis waiting to happen. Today felt balanced, calm, and relatively straightforward. I felt a wave of gratitude while drinking my tea and watching the rain. I had a rly productive morning and felt a nice sense of accomplishment. I spent three hours overanalyzing a single text message from my colleague.","My brain is on a constant loop of recalling every friendship I've ruined. I keep remembering that one presentation where my voice cracked. I look at old photos of me smiling and wonder who that person was. I look at old photos of me smiling and wonder who that person was. I was thinking about how simple things used to be before this heaviness took over. I keep remembering that one presentation where my voice cracked. I recalled some helpful advice my mentor gave me a few years ago. I look at old photos of me smiling and wonder who that person was.","I have been sitting at my desk for nine hours and accomplished absolutely nothing. I am so incredibly overwhelmed by the sheer volume of my own thoughts. My mind is on an absolute loop of 'what-ifs' that I cannot shut down. My inbox is overflowing w/ urgent requests that aren't actually urgent. I spent the afternoon copy-pasting numbers on a spreadsheet while feeling like a zombie.","I am terrified that I said sth stupid and ruined my friendship. I ended up leaving early bcs the crowded room felt suffocating. I don't have the emotional capacity to listen to anyone else's problems.",Anxiety
P281,59,Male,"Bartender",High School,normal,minimal,No,colloquial,"I feel completely detached from my body, like I'm watching myself from above. A wave of intense, irrational anger washed over me out of nowhere. Everything feels incredibly urgent and I am constantly waiting for the other shoe to drop. My thoughts are swirling around like a hurricane and I can't catch one. I have checked my locked door five times already tonight. I had a really productive morning and felt a nice sense of accomplishment. My mind feels like it's racing with twenty different thoughts competing for space at once. Today felt balanced, calm, and relatively straightforward.","My body feels heavy, sluggish, and constantly on the verge of collapsing. I have zero energy left to even brush my hair or change my clothes. My throat feels tight and it feels like I am struggling to get enough oxygen.","I went to a small gathering but felt like everyone was silently judging me. My friends asked me to choose a restaurant and my brain completely froze from pressure.","I feel incredibly guilty for wasting another entire day doing nothing. A sudden loud noise in the street made my heart shoot into my throat. My nervous system is stuck on high alert and I can't seem to turn it off. I feel this profound sense of unsafety even in my own locked home. I felt a wave of gratitude while drinking my tea and watching the rain. I feel completely detached from my body, like I'm watching myself from above. A sudden loud noise in the street made my heart shoot into my throat.","Remembering old failures and worrying that history is bound to repeat itself today. Memories of what happened are crashing through my brain like uninvited ghosts. I look at old photos of me smiling and wonder who that person was. I spent the afternoon trying to push down images of past experiences that kept resurfacing. I had a sudden, vivid memory of that night that felt so real I forgot where I actually was. I had a sudden, vivid memory of that night that felt so real I forgot where I actually was.","I tried to read my book but the words just swam around without meaning. My thoughts are swirling around like a hurricane and I can't catch one. My brain is running at a hundred miles an hour but going nowhere.","My friends asked me to choose a restaurant and my brain completely froze from pressure. My phone kept ringing but I let it go to voicemail every time. Had an absolute blast hanging out with Marcus and Jenna at the local park. I feel like an outsider who can't connect with normal human experiences. I feel like an outsider who can't connect with normal human experiences.",PTSD
P282,47,Female,"Software Engineer",Bachelor's,disorganized,ellipses,No,professional,"I felt a wave of gratitude while drinking my tea and watching the rain... I am constantly starting new tasks while my desk is covered in unfinished work... I spent five hours completely lost in reading a random Wikipedia article about history... I am constantly starting new tasks while my desk is covered in unfinished work... I am so tired of feeling like an absolute burden to everyone around me... I spent five hours completely lost in reading a random Wikipedia article about history... My thoughts are swirling around like a hurricane and I can't catch one...","Sleeping for twelve hours didn't do anything to cure this tiredness... Woke up feeling refreshed and ready to take on the day's tasks... I am constantly fidgeting, tapping my feet, and chewing on my pen... I feel incredibly dizzy and nauseous from this constant state of alertness... Took a nice afternoon stretch and drank plenty of water today... I have been pacing around my room for an hour trying to remember what I was doing... Sleeping for twelve hours didn't do anything to cure this tiredness... My hands are always busy with something, I simply cannot sit quiet...","My phone kept ringing but I let it go to voicemail every time... I rehearsed my entire conversation in my head before saying a single word... I feel so isolated, but the thought of talking to someone makes me shudder... My friends asked me to choose a restaurant and my brain completely froze from pressure... I was able to support my coworker through a difficult issue today... I had a really honest, supportive conversation with my mom on the phone... I rehearsed my entire conversation in my head before saying a single word... I lost my car keys twice today and was late meeting my friends, again... I interrupted my friend three times today because I was excited about an idea...","My mind feels like it's racing with twenty different thoughts competing for space at once... I looked at my computer screen and literally wanted to throw it out the window... I feel content and at peace with where things are headed right now... My attention is constantly drifting off in the middle of standard conversations... My attention is constantly drifting off in the middle of standard conversations... Every minor detail feels like a massive crisis waiting to happen...","I keep remembering that one presentation where my voice cracked... I keep remembering all these great ideas I had but never actually finished...","I feel so frustrated with my inability to just settle down and pay attention... I had a really productive morning and felt a nice sense of accomplishment... I feel so frustrated with my inability to just settle down and pay attention... I spent five hours completely lost in reading a random Wikipedia article about history... My nervous system is stuck on high alert and I can't seem to turn it off... I feel this intense restlessness and boredom that actually feels physically uncomfortable... I spent three hours overanalyzing a single text message from my colleague...","We went out but my mind drifted and I missed the entire punchline of the story... I interrupted my friend three times today because I was excited about an idea... I avoid going to crowded places because they trigger a deep panic... I ended up leaving early because the crowded room felt suffocating... I feel bad for talking so fast that people struggle to keep up with me...",ADHD
P283,63,Male,"Project Manager",Bachelor's,disorganized,standard,No,professional,"I simply do not care about these performance milestones anymore. Another meeting that could have been an email, wasting my remaining energy. I am completely paralyzed by the fear of making a terrible mistake. I feel this constant, buzzing dread in the pit of my stomach. The cynic in me is completely taking over at this point. I simply do not care about these performance milestones anymore. I feel this intense restlessness and boredom that actually feels physically uncomfortable. Had some time to reflect on my personal goals and felt quite optimistic. The silence in my apartment is deafening, yet I don't want to break it. I have checked my locked door five times already tonight.","My heart is pounding against my ribs for absolutely no reason. My body feels heavy, sluggish, and constantly on the verge of collapsing. I have zero energy left to even brush my hair or change my clothes.","My friends asked me to choose a restaurant and my brain completely froze from pressure. I rehearsed my entire conversation in my head before saying a single word. I went to a small gathering but felt like everyone was silently judging me. Sarah invited me out for drinks but I ignored her text message. My phone kept ringing but I let it go to voicemail every time. My partner tried to talk about dinner and I completely snapped at them. I just want to be left alone in a dark room with absolutely zero noise. Sarah invited me out for drinks but I ignored her text message. I feel so isolated, but the thought of talking to someone makes me shudder.","I simply do not care about these performance milestones anymore. Today felt balanced, calm, and relatively straightforward.","Thinking back to last year when I had motivation and drive. My mind suddenly recalled a minor argument from five years ago and now I can't sleep. Stumbled upon an old project folder and couldn't believe how much effort I used to put in. I keep playing back embarrassing moments in my head on repeat. Stumbled upon an old project folder and couldn't believe how much effort I used to put in. My mind suddenly recalled a minor argument from five years ago and now I can't sleep. Stumbled upon an old project folder and couldn't believe how much effort I used to put in.","Everything feels incredibly urgent and I am constantly waiting for the other shoe to drop. Woke up at 2 PM and lay in bed staring at the wall until dark. My inbox is overflowing with urgent requests that aren't actually urgent. I feel this constant, buzzing dread in the pit of my stomach. I looked at my computer screen and literally wanted to throw it out the window. The cynic in me is completely taking over at this point. I am so incredibly overwhelmed by the sheer volume of my own thoughts.","We went out but my mind drifted and I missed the entire punchline of the story. I don't have the emotional capacity to listen to anyone else's problems. I rehearsed my entire conversation in my head before saying a single word. I rehearsed my entire conversation in my head before saying a single word. I don't have the emotional capacity to listen to anyone else's problems. Everyone else is out living their lives while I am stuck in this quicksand.",Burnout
P284,53,Female,"Marketing Specialist",Bachelor's,disorganized,ellipses,No,professional,"I dealt with a minor setback today but managed to keep things in perspective... I feel content and at peace with where things are headed right now...","I feel physically energetic, healthy, and in tune with my body's needs... Cooked a nutritious dinner with fresh vegetables and slept very soundly... I went for a long run after work and felt a great release of tension... Cooked a nutritious dinner with fresh vegetables and slept very soundly... Took a nice afternoon stretch and drank plenty of water today... I went for a long run after work and felt a great release of tension... Sleeping for twelve hours didn't do anything to cure this tiredness...","Spent a quiet evening playing board games with my family, which was lovely... I had a really honest, supportive conversation with my mom on the phone... Spent a quiet evening playing board games with my family, which was lovely...","I had a really productive morning and felt a nice sense of accomplishment... Had some time to reflect on my personal goals and felt quite optimistic... I dealt with a minor setback today but managed to keep things in perspective... I had a really productive morning and felt a nice sense of accomplishment... I feel content and at peace with where things are headed right now... I feel content and at peace with where things are headed right now... I feel content and at peace with where things are headed right now... I dealt with a minor setback today but managed to keep things in perspective... I had a really productive morning and felt a nice sense of accomplishment...","Remembering old times with high school friends made me text them to catch up... I recalled some helpful advice my mentor gave me a few years ago... Thought about how much I've grown over the last few years and felt proud... I was remembering our summer trip and smiling at the memories... I recalled some helpful advice my mentor gave me a few years ago... Thought about how much I've grown over the last few years and felt proud... Remembering old times with high school friends made me text them to catch up... Thought about how much I've grown over the last few years and felt proud... Remembering old times with high school friends made me text them to catch up...","My attention is constantly drifting off in the middle of standard conversations... I am completely paralyzed by the fear of making a terrible mistake... I felt a wave of gratitude while drinking my tea and watching the rain...","Had an absolute blast hanging out with Marcus and Jenna at the local park... I feel completely invisible to the world, and maybe that's for the best... We went out but my mind drifted and I missed the entire punchline of the story... I interrupted my friend three times today because I was excited about an idea... Had an absolute blast hanging out with Marcus and Jenna at the local park... We went out to a new Italian bistro in town and laughed for hours... Had an absolute blast hanging out with Marcus and Jenna at the local park...",Healthy
P285,42,Non-binary,"Senior Research Scientist",PhD,formal,minimal,No,academic,"The silence in my apartment is deafening, yet I don't want to break it. I spent three hours overanalyzing a single text message from my colleague. They keep asking for more deliverables but my tank has been empty for weeks. There is a persistent, heavy severe anhedonic state sitting over everything today. My mind feels like it's severe cognitive hyperactivity competing for space at once. There is this deep ache in my chest that refuses to lift. I feel completely emotional blunting, as if all my emotions have been drained out.","My limbs feel like they are filled with lead blocks. Took a nice afternoon stretch and drank plenty of water today.","I feel completely existential alienation to the world, and maybe that's for the best. I cancelled our weekend plans because I can't pretend to be happy. I rehearsed my entire conversation in my head before saying a single word. My friends asked me to choose a restaurant and my brain completely froze from pressure. I lost my car keys twice today and was late meeting my friends, again. I don't have the emotional capacity to listen to anyone else's problems. I feel completely existential alienation to the world, and maybe that's for the best.","Woke up at 2 PM and lay in bed staring at the wall until dark. I feel this constant, generalized somatic hyperarousal in the pit of my stomach. I feel incredibly guilty for wasting another entire day doing nothing. My mind feels like it's severe cognitive hyperactivity competing for space at once. Another meeting that could have been an email, wasting my remaining energy. I feel incredibly guilty for wasting another entire day doing nothing. The existential disillusionment in me is completely taking over at this point.","My mind suddenly recalled a minor argument from five years ago and now I can't sleep. Thinking back to last year when I had motivation and drive. I recalled how excited I was on my first day here, which feels like a comedy now. I was thinking about how simple things used to be before this heaviness took over. I recalled how excited I was on my first day here, which feels like a comedy now. My brain is on a constant loop of recalling every friendship I've ruined. I keep remembering that one presentation where my voice cracked.","There is a persistent, heavy severe anhedonic state sitting over everything today. My brain is running at a hundred miles an hour but going nowhere. I am completely paralyzed by the fear of making a terrible mistake.","I am terrified that I said something stupid and ruined my friendship. I rehearsed my entire conversation in my head before saying a single word. I am terrified that I said something stupid and ruined my friendship. I ended up leaving early because the crowded room felt suffocating.",Depression
P286,26,Female,"Barista",High School,disorganized,ellipses,No,colloquial,"I am completely paralyzed by the fear of making a terrible mistake... I feel this constant, buzzing dread in the pit of my stomach... I have checked my locked door five times already tonight... My thoughts are swirling around like a hurricane and I can't catch one... I feel content and at peace with where things are headed right now... I am completely paralyzed by the fear of making a terrible mistake...","I forgot to eat lunch again because I was rearranging my bookshelf by color... My heart is pounding against my ribs for absolutely no reason... My chest feels incredibly tight, like someone is standing on it... My chest feels incredibly tight, like someone is standing on it... Took a nice afternoon stretch and drank plenty of water today... My limbs feel like they are filled with lead blocks...","My friends asked me to choose a restaurant and my brain completely froze from pressure... I am putting up massive walls to keep people from getting too close to me... Spent a quiet evening playing board games with my family, which was lovely... I went to a small gathering but felt like everyone was silently judging me... I cancelled our weekend plans because I can't pretend to be happy... Everyone else is out living their lives while I am stuck in this quicksand...","I have checked my locked door five times already tonight... My thoughts are swirling around like a hurricane and I can't catch one... There is a persistent, heavy grey fog sitting over everything today... I am completely paralyzed by the fear of making a terrible mistake... I spent three hours overanalyzing a single text message from my colleague... Had some time to reflect on my personal goals and felt quite optimistic... My clients are complaining and I feel completely disconnected from the outcomes... I am so incredibly overwhelmed by the sheer volume of my own thoughts...","Remembering old failures and worrying that history is bound to repeat itself today... I remember when I actually used to be passionate about this job... I keep playing back embarrassing moments in my head on repeat... I look at old photos of me smiling and wonder who that person was... I had a sudden, vivid memory of that night that felt so real I forgot where I actually was... I keep playing back embarrassing moments in my head on repeat... My mind suddenly recalled a minor argument from five years ago and now I can't sleep...","I feel this constant, buzzing dread in the pit of my stomach... Woke up staring at the ceiling, dreading the morning standup... I feel this profound sense of unsafety even in my own locked home... My mind is on an absolute loop of 'what-ifs' that I cannot shut down... I cried in the shower this morning for no concrete reason...","I feel bad for talking so fast that people struggle to keep up with me... I don't have the emotional capacity to listen to anyone else's problems... My partner tried to talk about dinner and I completely snapped at them... I don't have the emotional capacity to listen to anyone else's problems...",Anxiety
P287,42,Male,"Marketing Specialist",Bachelor's,sarcastic,ellipses,Yes,professional,"I felt incredibly jumpy all day, constantly checking behind my back... bcs why not, i feel incredibly guilty for wasting another entire day doing nothing... Fabulous, just fabulous... i feel this constant, buzzing dread in the pit of my stomach... Another day, another masterpiece of timing... a wave of intense, irrational anger washed over me out of nowhere... I felt incredibly jumpy all day, constantly checking behind my back... A sudden loud noise in the street made my heart shoot into my throat...","My heart is pounding against my ribs for absolutely no reason... My chest feels incredibly tight, like someone is standing on it... My stomach is in knots and I am constantly on edge... My hands are shaking so much that typing is becoming a struggle... I feel incredibly dizzy and nauseous from this constant state of alertness...","Fabulous, just fabulous... i am putting up massive walls to keep ppl from getting too close to me... I was able to support my coworker through a difficult issue today... I ended up leaving early bcs the crowded room felt suffocating... I am terrified that I said sth stupid and ruined my friendship... I feel so isolated, but the thought of talking to someone makes me shudder...","I am constantly starting new tasks while my desk is covered in unfinished work... bcs why not, i looked at my computer screen and literally wanted to throw it out the window... I feel completely detached from my body, like I'm watching myself from above... I feel this profound sense of unsafety even in my own locked home... Fabulous, just fabulous... a wave of intense, irrational anger washed over me out of nowhere... There is a persistent, heavy grey fog sitting over everything today... bcs why not, woke up at 2 PM and lay in bed staring at the wall until dark... I feel completely detached from my body, like I'm watching myself from above...","Remembering old failures and worrying that history is bound to repeat itself today... I keep remembering that one presentation where my voice cracked... Suddenly remembered that bill I was supposed to pay three weeks ago...","There is a persistent, heavy grey fog sitting over everything today... I spent three hours overanalyzing a single text message from my colleague... My brain is running at a hundred miles an hour but going nowhere... I feel this profound sense of unsafety even in my own locked home... I feel completely detached from my body, like I'm watching myself from above... It feels like I am carrying a mountain on my back just to walk to the kitchen... A sudden loud noise in the street made my heart shoot into my throat... My brain is running at a hundred miles an hour but going nowhere... I spent the afternoon copy-pasting numbers on a spreadsheet while feeling like a zombie...","My phone kept ringing but I let it go to voicemail every time... I ended up leaving early bcs the crowded room felt suffocating... Another day, another masterpiece of timing... i feel completely invisible to the world, and maybe that's for the best... bcs why not, i feel completely invisible to the world, and maybe that's for the best... My friends asked me to choose a restaurant and my brain completely froze from pressure... Another day, another masterpiece of timing... i rehearsed my entire conversation in my head before saying a single word... I feel so isolated, but the thought of talking to someone makes me shudder... I feel so isolated, but the thought of talking to someone makes me shudder... Everyone else is out living their lives while I am stuck in this quicksand...",PTSD
P288,59,Male,"Biotech Lead Investigator",PhD,disorganized,standard,Yes,academic,"Another meeting that could have been an email, wasting my remaining energy. My mind feels like it's severe cognitive hyperactivity competing for space at once. I spent five hours prolonged attentional focus a random Wikipedia article about history.","Woke up feeling refreshed and ready to take on the day's tasks. I feel tense, rigid, and my muscles are aching from constant bracing. My hands are always busy w/ sth, I simply cannot sit quiet. My throat feels tight and it feels like I am struggling to get enough oxygen.","I interrupted my friend three times today bcs I was excited about an idea. My phone kept ringing but I let it go to voicemail every time.","Today felt balanced, calm, and relatively straightforward. My mind feels like it's severe cognitive hyperactivity competing for space at once. Today felt balanced, calm, and relatively straightforward.","I recalled a random fact about space that I learned in school instead of working. My brain is on a constant loop of recalling every friendship I've ruined. I keep remembering all these great ideas I had but never actually finished.","I feel so restless, like I need to run away but idk where. I am constantly starting new tasks while my desk is covered in unfinished work. I feel so frustrated w/ my executive attention impairments and pay attention.","I sat w/ my back to the wall at the restaurant, scanning the exit doors. I interrupted my friend three times today bcs I was excited about an idea. I lost my car keys twice today and was late meeting my friends, again. We went out but my mind drifted and I missed the entire punchline of the story. I totally forgot to reply to ten text messages that I opened this morning. I totally forgot to reply to ten text messages that I opened this morning. Spent a quiet evening playing board games w/ my family, which was lovely. I feel bad for talking so fast that ppl struggle to keep up w/ me.",ADHD
P289,27,Male,"AI Ethics Researcher",PhD,formal,minimal,Yes,academic,"I have been sitting at my desk for nine hours and demonstrated negligible cognitive productivity. There is a persistent, heavy severe anhedonic state sitting over everything today. My clients are complaining and I feel completely disconnected from the outcomes. They keep asking for more deliverables but my tank has been empty for weeks. I simply do not care about these performance milestones anymore.","My limbs feel like they are filled w/ lead blocks. Drinking my fourth cup of coffee today just to keep my eyes open. Even taking a shower felt like an Olympian task that required days of planning. My body feels heavy, sluggish, and constantly on the verge of collapsing.","I feel bad for talking so fast that ppl struggle to keep up w/ me. I don't have the emotional capacity to listen to anyone else's problems. I interrupted my friend three times today bcs I was excited about an idea. My friends asked me to choose a restaurant and my brain completely froze from pressure. My partner tried to talk about dinner and I completely snapped at them. I went to a small gathering but felt like everyone was silently judging me. I ended up leaving early bcs the crowded room felt suffocating. I went to a small gathering but felt like everyone was silently judging me.","My brain is running at a hundred miles an hour but going nowhere. There is a persistent, heavy severe anhedonic state sitting over everything today. My thoughts are swirling around like a hurricane and I can't catch one.","I was thinking about how simple things used to be before this heaviness took over. My brain is on a constant loop of recalling every friendship I've ruined. I remember when I actually used to be passionate about this job.","I feel so restless, like I need to run away but idk where. Another meeting that could have been an email, wasting my remaining energy. There is this deep ache in my chest that refuses to lift. Every single email from my manager feels like a personal attack. I feel completely emotional blunting, as if all my emotions have been drained out. Another meeting that could have been an email, wasting my remaining energy. I looked at my computer screen and literally wanted to throw it out the window.","I cancelled our weekend plans bcs I can't pretend to be happy. Cancelling plans has become my favorite hobby lately bcs of my exhaustion. I don't have the emotional capacity to listen to anyone else's problems. Sarah invited me out for drinks but I ignored her text message.",Burnout
P290,29,Male,"Clinical Neuropsychologist",PhD,formal,minimal,No,academic,"My nervous system is stuck on high alert and I can't seem to turn it off. I felt a positive psychological orientation while drinking my tea and watching the rain. My nervous system is stuck on high alert and I can't seem to turn it off. Had some time to reflect on my personal goals and felt quite optimistic.","My body feels heavy, sluggish, and constantly on the verge of collapsing. Took a nice afternoon stretch and drank plenty of water today. Woke up with a massive burst of creative energy at 3 AM and started painting. Woke up feeling refreshed and ready to take on the day's tasks. Took a nice afternoon stretch and drank plenty of water today. Even taking a shower felt like an Olympian task that required days of planning. Cooked a nutritious dinner with fresh vegetables and slept very soundly. My limbs feel like they are filled with lead blocks. I am constantly fidgeting, tapping my feet, and chewing on my pen. I feel physically energetic, healthy, and in tune with my body's needs.","I was able to support my coworker through a difficult issue today. I lost my car keys twice today and was late meeting my friends, again. We went out to a new Italian bistro in town and laughed for hours.","I feel optimal affective equilibrium and at peace with where things are headed right now. I am so tired of feeling like an absolute psychological liability to everyone around me. I looked at my computer screen and literally wanted to throw it out the window. I am so tired of feeling like an absolute psychological liability to everyone around me.","I was thinking about how simple things used to be before this heaviness took over. I was thinking about how simple things used to be before this heaviness took over. I recalled some helpful advice my mentor gave me a few years ago. I was remembering our summer trip and smiling at the memories. I recalled some helpful advice my mentor gave me a few years ago. Thought about that chore I started this morning and realized it is still half-done. Remembering old times with high school friends made me text them to catch up. Remembering old times with high school friends made me text them to catch up. I recalled a random fact about space that I learned in school instead of working. I was remembering our summer trip and smiling at the memories.","I dealt with a minor transient stressor today but managed to keep things in perspective. I dealt with a minor transient stressor today but managed to keep things in perspective. Today felt balanced, calm, and relatively straightforward. My inbox is overflowing with urgent requests that aren't actually urgent. A wave of intense, irrational anger washed over me out of nowhere. I simply do not care about these performance milestones anymore.","I just want to be left alone in a dark room with absolutely zero noise. I interrupted my friend three times today because I was excited about an idea. I was able to support my coworker through a difficult issue today. We went out to a new Italian bistro in town and laughed for hours. I was able to support my coworker through a difficult issue today. Spent a quiet evening playing board games with my family, which was lovely. We went out to a new Italian bistro in town and laughed for hours. Spent a quiet evening playing board games with my family, which was lovely.",Healthy
P291,40,Male,"Barista",High School,normal,ellipses,Yes,simple,"I simply do not care about these performance milestones anymore... I feel so restless, like I need to run away but idk where... I tried to read my book but the words just swam around w/o meaning... I spent five hours completely lost in reading a random Wikipedia article about history... I had a rly productive morning and felt a nice sense of accomplishment... I have been sitting at my desk for nine hours and accomplished absolutely nothing... I feel so frustrated w/ my inability to just settle down and pay attention...","Drinking my fourth cup of coffee today just to keep my eyes open... My throat feels tight and it feels like I am struggling to get enough oxygen...","I feel completely invisible to the world, and maybe that's for the best... Everyone else is out living their lives while I am stuck in this quicksand... I rehearsed my entire conversation in my head before saying a single word... I interrupted my friend three times today bcs I was excited about an idea... My phone kept ringing but I let it go to voicemail every time... My phone kept ringing but I let it go to voicemail every time... I am terrified that I said sth stupid and ruined my friendship... I ended up leaving early bcs the crowded room felt suffocating...","I feel incredibly guilty for wasting another entire day doing nothing... I feel completely numb, as if all my emotions have been drained out...","I keep remembering that one presentation where my voice cracked... I keep playing back embarrassing moments in my head on repeat... My mind suddenly recalled a minor argument from five years ago and now I can't sleep... I keep remembering old mistakes and cringing at my younger self... A specific smell today instantly transported me back to that difficult moment in my past... I was thinking about how simple things used to be before this heaviness took over... Remembering old failures and worrying that history is bound to repeat itself today... I keep remembering all these great ideas I had but never actually finished... I was thinking about how simple things used to be before this heaviness took over... Remembering old failures and worrying that history is bound to repeat itself today...","It feels like I am carrying a mountain on my back just to walk to the kitchen... I am so incredibly overwhelmed by the sheer volume of my own thoughts... There is this deep ache in my chest that refuses to lift... I am completely paralyzed by the fear of making a terrible mistake... I feel this constant, buzzing dread in the pit of my stomach... A sudden loud noise in the street made my heart shoot into my throat... My mind is on an absolute loop of 'what-ifs' that I cannot shut down... I tried to read my book but the words just swam around w/o meaning... There is a persistent, heavy grey fog sitting over everything today...","I am terrified that I said sth stupid and ruined my friendship... I am terrified that I said sth stupid and ruined my friendship... I feel completely invisible to the world, and maybe that's for the best... I feel so isolated, but the thought of talking to someone makes me shudder... I just want to be left alone in a dark room w/ absolutely zero noise... My phone kept ringing but I let it go to voicemail every time...",Depression
P292,42,Male,"Astrophysicist",PhD,highly-emotional,exclamations,No,academic,"I feel this profound sense of persistent threat-appraisal bias even in my own locked home! Had some time to reflect on my personal goals and felt quite optimistic!!! I simply do not care about these performance milestones anymore! Had some time to reflect on my personal goals and felt quite optimistic!!! My clients are complaining and I feel completely disconnected from the outcomes! I am so incredibly overwhelmed by the sheer volume of my own thoughts!","Took a nice afternoon stretch and drank plenty of water today! My body feels heavy, sluggish, and constantly on the verge of collapsing!!!","I avoid going to crowded places because they trigger a deep panic! I am putting up massive walls to keep people from getting too close to me! I feel completely existential alienation to the world, and maybe that's for the best! My friends asked me to choose a restaurant and my brain completely froze from pressure! I ended up leaving early because the crowded room felt suffocating! I rehearsed my entire conversation in my head before saying a single word! Sarah invited me out for drinks but I ignored her text message!!! I was able to support my coworker through a difficult issue today! My phone kept ringing but I let it go to voicemail every time! Everyone else is out living their lives while I am stuck in this depressive paralysis!","Everything feels incredibly urgent and I am constantly anticipatory panic cycles! There is this deep ache in my chest that refuses to lift! I feel so restless, like I need to run away but I don't know where! I feel incredibly guilty for wasting another entire day doing nothing! I feel so restless, like I need to run away but I don't know where! I looked at my computer screen and literally wanted to throw it out the window! My thoughts are swirling around like a hurricane and I can't catch one!!! My thoughts are swirling around like a hurricane and I can't catch one!!!","I spent the afternoon trying to push down images of past experiences that kept resurfacing!!! I recalled a random fact about space that I learned in school instead of working! I keep playing back embarrassing moments in my head on repeat! Suddenly remembered that bill I was supposed to pay three weeks ago!!! My mind suddenly recalled a minor argument from five years ago and now I can't sleep! Suddenly remembered that bill I was supposed to pay three weeks ago! Remembering old failures and worrying that history is bound to repeat itself today! I keep playing back embarrassing moments in my head on repeat!!! Thinking back to last year when I had motivation and drive!","I have checked my locked door five times already tonight! My brain is running at a hundred miles an hour but going nowhere!!! Every minor detail feels like a massive crisis waiting to happen!!! There is a persistent, heavy severe anhedonic state sitting over everything today! I am constantly starting new tasks while my desk is covered in unfinished work! Another meeting that could have been an email, wasting my remaining energy! I am completely paralyzed by the fear of making a terrible mistake!","My partner tried to talk about dinner and I completely snapped at them! I am terrified that I said something stupid and ruined my friendship! I went to a small gathering but felt like everyone was silently judging me!",Anxiety
P293,58,Non-binary,"Economist",PhD,formal,minimal,No,academic,"The silence in my apartment is deafening, yet I don't want to break it. I feel so restless, like I need to run away but I don't know where. My nervous system is stuck on high alert and I can't seem to turn it off. I felt incredibly hypervigilant sensory responses all day, constantly checking behind my back. A wave of intense, irrational anger washed over me out of nowhere. I feel incredibly guilty for wasting another entire day doing nothing. There is a persistent, heavy severe anhedonic state sitting over everything today. They keep asking for more deliverables but my tank has been empty for weeks. I felt incredibly hypervigilant sensory responses all day, constantly checking behind my back. Woke up at 2 PM and lay in bed staring at the wall until dark.","I have zero energy left to even brush my hair or change my clothes. I haven't had a full night of uninterrupted sleep in what feels like months. Woke up gasping for air, drenched in sweat from another intense nightmare. I have zero energy left to even brush my hair or change my clothes. My limbs feel like they are filled with lead blocks. My stomach is in knots and I am constantly on edge.","I feel like an outsider who can't connect with normal human experiences. I ended up leaving early because the crowded room felt suffocating. My partner tried to talk about dinner and I completely snapped at them. I am terrified that I said something stupid and ruined my friendship. My friends asked me to choose a restaurant and my brain completely froze from pressure. I feel so isolated, but the thought of talking to someone makes me shudder. I feel like an outsider who can't connect with normal human experiences.","My attention is constantly drifting off in the middle of standard conversations. Every minor detail feels like a massive crisis waiting to happen. My nervous system is stuck on high alert and I can't seem to turn it off. A sudden loud noise in the street made my heart shoot into my throat. I felt incredibly hypervigilant sensory responses all day, constantly checking behind my back. There is this deep ache in my chest that refuses to lift. I felt incredibly hypervigilant sensory responses all day, constantly checking behind my back. A sudden loud noise in the street made my heart shoot into my throat.","A specific smell today instantly transported me back to that the distressing index event in my past. A specific smell today instantly transported me back to that the distressing index event in my past. A specific smell today instantly transported me back to that the distressing index event in my past. I had a sudden, intrusive cognitive recall of that night that felt so real I forgot where I actually was. I keep playing back embarrassing moments in my head on repeat. My mind suddenly recalled a minor argument from five years ago and now I can't sleep. Memories of what happened are crashing through my brain like uninvited ghosts.","My mind is on an absolute loop of 'catastrophic cognitive distortions' that I cannot shut down. I feel this profound sense of persistent threat-appraisal bias even in my own locked home. Every single email from my manager feels like a personal attack. I am completely paralyzed by the fear of making a terrible mistake.","I feel like an outsider who can't connect with normal human experiences. Everyone else is out living their lives while I am stuck in this depressive paralysis. I feel completely existential alienation to the world, and maybe that's for the best. I avoid going to crowded places because they trigger a deep panic. I sat with my back to the wall at the restaurant, scanning the exit doors.",PTSD
P294,40,Non-binary,"University Professor",PhD,formal,ellipses,Yes,academic,"Every single email from my manager feels like a personal attack... I spent three hours overanalyzing a single text message from my colleague... I am constantly starting new tasks while my desk is covered in unfinished work... My attention is constantly drifting off in the middle of standard conversations... Another meeting that could have been an email, wasting my remaining energy... They keep asking for more deliverables but my tank has been empty for weeks... Had some time to reflect on my personal goals and felt quite optimistic... My mind feels like it's severe cognitive hyperactivity competing for space at once... I felt a positive psychological orientation while drinking my tea and watching the rain... My attention is constantly drifting off in the middle of standard conversations...","Sleeping for twelve hours didn't do anything to cure this tiredness... Sleeping for twelve hours didn't do anything to cure this tiredness... I forgot to eat lunch again bcs I was rearranging my bookshelf by color... Drinking my fourth cup of coffee today just to keep my eyes open... I forgot to eat lunch again bcs I was rearranging my bookshelf by color... Woke up w/ a massive burst of creative energy at 3 AM and started painting... My throat feels tight and it feels like I am struggling to get enough oxygen... I have zero energy left to even brush my hair or change my clothes... Woke up w/ a massive burst of creative energy at 3 AM and started painting...","I interrupted my friend three times today bcs I was excited about an idea... We went out but my mind drifted and I missed the entire punchline of the story... I rehearsed my entire conversation in my head before saying a single word...","My mind feels like it's severe cognitive hyperactivity competing for space at once... My attention is constantly drifting off in the middle of standard conversations... I feel this constant, generalized somatic hyperarousal in the pit of my stomach... I feel so frustrated w/ my executive attention impairments and pay attention... I spent three hours overanalyzing a single text message from my colleague... My attention is constantly drifting off in the middle of standard conversations... I am completely paralyzed by the fear of making a terrible mistake... I am constantly starting new tasks while my desk is covered in unfinished work...","I recalled a random fact about space that I learned in school instead of working... Remembering old failures and worrying that history is bound to repeat itself today... Thought about how much I've grown over the last few years and felt proud...","I looked at my computer screen and literally wanted to throw it out the window... My attention is constantly drifting off in the middle of standard conversations...","I cancelled our weekend plans bcs I can't pretend to be happy... I feel bad for talking so fast that ppl struggle to keep up w/ me... We went out but my mind drifted and I missed the entire punchline of the story... I feel completely existential alienation to the world, and maybe that's for the best... Sarah invited me out for drinks but I ignored her text message... I feel so isolated, but the thought of talking to someone makes me shudder... Spent a quiet evening playing board games w/ my family, which was lovely...",ADHD
P295,35,Female,"Economist",PhD,formal,ellipses,No,academic,"My clients are complaining and I feel completely disconnected from the outcomes... My thoughts are swirling around like a hurricane and I can't catch one... I feel completely emotional blunting, as if all my emotions have been drained out... My clients are complaining and I feel completely disconnected from the outcomes...","I have zero energy left to even brush my hair or change my clothes... I haven't had a full night of uninterrupted sleep in what feels like months... My hands are shaking so much that typing is becoming a struggle... I feel like a severe depersonalization state of myself, just going through the motions... My body feels heavy, sluggish, and constantly on the verge of collapsing... I feel incredibly dizzy and nauseous from this constant state of alertness... I feel like a severe depersonalization state of myself, just going through the motions... My chest feels incredibly tight, like someone is standing on it... I feel incredibly dizzy and nauseous from this constant state of alertness...","My phone kept ringing but I let it go to voicemail every time... I just want to be left alone in a dark room with absolutely zero noise... I feel so isolated, but the thought of talking to someone makes me shudder... Sarah invited me out for drinks but I ignored her text message... I don't have the emotional capacity to listen to anyone else's problems... I don't have the emotional capacity to listen to anyone else's problems... I feel so isolated, but the thought of talking to someone makes me shudder...","My thoughts are swirling around like a hurricane and I can't catch one... I am so tired of feeling like an absolute psychological liability to everyone around me... My brain is running at a hundred miles an hour but going nowhere... I tried to read my book but the words just swam around without meaning... My clients are complaining and I feel completely disconnected from the outcomes... My mind is on an absolute loop of 'catastrophic cognitive distortions' that I cannot shut down...","Remembering old failures and worrying that history is bound to repeat itself today... I had a sudden, intrusive cognitive recall of that night that felt so real I forgot where I actually was... I was thinking about how simple things used to be before this heaviness took over... My brain is on a constant loop of recalling every friendship I've ruined... I remember when I actually used to be passionate about this job...","My mind is on an absolute loop of 'catastrophic cognitive distortions' that I cannot shut down... Another meeting that could have been an email, wasting my remaining energy... Woke up at 2 PM and lay in bed staring at the wall until dark... The existential disillusionment in me is completely taking over at this point... Had some time to reflect on my personal goals and felt quite optimistic... Today felt balanced, calm, and relatively straightforward... Woke up at 2 PM and lay in bed staring at the wall until dark... Woke up at 2 PM and lay in bed staring at the wall until dark... I spent three hours overanalyzing a single text message from my colleague... Today felt balanced, calm, and relatively straightforward...","Spent a quiet evening playing board games with my family, which was lovely... Sarah invited me out for drinks but I ignored her text message... My phone kept ringing but I let it go to voicemail every time... I cancelled our weekend plans because I can't pretend to be happy... I feel so isolated, but the thought of talking to someone makes me shudder... My partner tried to talk about dinner and I completely snapped at them...",Burnout
P296,58,Non-binary,"Economist",PhD,narrative,minimal,No,academic,"I feel optimal affective equilibrium and at peace with where things are headed right now. Had some time to reflect on my personal goals and felt quite optimistic. Today felt balanced, calm, and relatively straightforward. I had a really productive morning and felt a nice sense of accomplishment. I feel optimal affective equilibrium and at peace with where things are headed right now. There is a persistent, heavy severe anhedonic state sitting over everything today. I spent the afternoon copy-pasting numbers on a spreadsheet while feeling like a zombie. They keep asking for more deliverables but my tank has been empty for weeks. I felt a positive psychological orientation while drinking my tea and watching the rain.","My body feels heavy, sluggish, and constantly on the verge of collapsing. I feel physically energetic, healthy, and in tune with my body's needs. I went for a long run after work and felt a great release of tension. Took a nice afternoon stretch and drank plenty of water today.","Spent a quiet evening playing board games with my family, which was lovely. I was able to support my coworker through a difficult issue today. I am putting up massive walls to keep people from getting too close to me. I ended up leaving early because the crowded room felt suffocating. Spent a quiet evening playing board games with my family, which was lovely.","A sudden loud noise in the street made my heart shoot into my throat. Woke up at 2 PM and lay in bed staring at the wall until dark. I dealt with a minor transient stressor today but managed to keep things in perspective. Today felt balanced, calm, and relatively straightforward. I felt incredibly hypervigilant sensory responses all day, constantly checking behind my back. I feel this constant, generalized somatic hyperarousal in the pit of my stomach. Had some time to reflect on my personal goals and felt quite optimistic. There is this deep ache in my chest that refuses to lift.","Thought about how much I've grown over the last few years and felt proud. Thought about how much I've grown over the last few years and felt proud. I was thinking about how simple things used to be before this heaviness took over. Stumbled upon an old project folder and couldn't believe how much effort I used to put in. I keep playing back embarrassing moments in my head on repeat. Remembering old failures and worrying that history is bound to repeat itself today. Thought about how much I've grown over the last few years and felt proud. I was remembering our summer trip and smiling at the memories. Thought about how much I've grown over the last few years and felt proud. I remember when I actually used to be passionate about this job.","Woke up staring at the ceiling, experiencing acute anticipatory occupational anxiety. There is this deep ache in my chest that refuses to lift. Had some time to reflect on my personal goals and felt quite optimistic. I feel optimal affective equilibrium and at peace with where things are headed right now. My nervous system is stuck on high alert and I can't seem to turn it off. A sudden loud noise in the street made my heart shoot into my throat.","Spent a quiet evening playing board games with my family, which was lovely. I was able to support my coworker through a difficult issue today. Spent a quiet evening playing board games with my family, which was lovely. Had an absolute blast hanging out with Marcus and Jenna at the local park. I snapped at my brother when he startled me by walking into the kitchen. My phone kept ringing but I let it go to voicemail every time. Spent a quiet evening playing board games with my family, which was lovely. Had an absolute blast hanging out with Marcus and Jenna at the local park. I interrupted my friend three times today because I was excited about an idea. Spent a quiet evening playing board games with my family, which was lovely.",Healthy
P297,31,Non-binary,"Nurse Practitioner",Master's,highly-emotional,minimal,No,colloquial,"My nervous system is stuck on high alert and I can't seem to turn it off. There is this deep ache in my chest that refuses to lift. I feel so restless, like I need to run away but I don't know where. My thoughts are swirling around like a hurricane and I can't catch one. I spent three hours overanalyzing a single text message from my colleague. The existential disillusionment in me is completely taking over at this point. I cried in the shower this morning for no concrete reason.","My body feels heavy, sluggish, and constantly on the verge of collapsing. I feel like a severe depersonalization state of myself, just going through the motions. My hands are shaking so much that typing is becoming a struggle. My chest feels incredibly tight, like someone is standing on it. I forgot to eat lunch today, honestly food just tastes like cardboard lately. My throat feels tight and it feels like I am struggling to get enough oxygen. I forgot to eat lunch today, honestly food just tastes like cardboard lately.","I feel completely existential alienation to the world, and maybe that's for the best. Spent a quiet evening playing board games with my family, which was lovely. Everyone else is out living their lives while I am stuck in this depressive paralysis. My phone kept ringing but I let it go to voicemail every time. I cancelled our weekend plans because I can't pretend to be happy. I feel so isolated, but the thought of talking to someone makes me shudder. I don't have the emotional capacity to listen to anyone else's problems. My phone kept ringing but I let it go to voicemail every time.","Woke up at 2 PM and lay in bed staring at the wall until dark. The existential disillusionment in me is completely taking over at this point.","I keep remembering old mistakes and cringing at my younger self. I was thinking about how simple things used to be before this heaviness took over. I keep remembering that one presentation where my voice cracked. I remember when I actually used to be passionate about this job. A specific smell today instantly transported me back to that the distressing index event in my past. I was thinking about how simple things used to be before this heaviness took over.","My nervous system is stuck on high alert and I can't seem to turn it off. My brain is running at a hundred miles an hour but going nowhere. My inbox is overflowing with urgent requests that aren't actually urgent. The silence in my apartment is deafening, yet I don't want to break it. I looked at my computer screen and literally wanted to throw it out the window.","I rehearsed my entire conversation in my head before saying a single word. Spent a quiet evening playing board games with my family, which was lovely.",Depression
P298,61,Male,"Project Manager",Bachelor's,highly-emotional,ellipses,No,colloquial,"Another meeting that could have been an email, wasting my remaining energy... My attention is constantly drifting off in the middle of standard conversations... I spent the afternoon copy-pasting numbers on a spreadsheet while feeling like a zombie... Every minor detail feels like a massive crisis waiting to happen... I am completely paralyzed by the fear of making a terrible mistake... My clients are complaining and I feel completely disconnected from the outcomes... Everything feels incredibly urgent and I am constantly waiting for the other shoe to drop...","I feel incredibly dizzy and nauseous from this constant state of alertness... My body feels heavy, sluggish, and constantly on the verge of collapsing... Sleeping for twelve hours didn't do anything to cure this tiredness... Drinking my fourth cup of coffee today just to keep my eyes open... My shoulders are permanently glued to my ears from pure tension... I am physically exhausted but as soon as my head hits the pillow, my brain stays awake... My heart is pounding against my ribs for absolutely no reason... Woke up with a massive burst of creative energy at 3 AM and started painting... My heart is pounding against my ribs for absolutely no reason... Sleeping for twelve hours didn't do anything to cure this tiredness...","Spent a quiet evening playing board games with my family, which was lovely... Cancelling plans has become my favorite hobby lately because of my exhaustion... I interrupted my friend three times today because I was excited about an idea... My partner tried to talk about dinner and I completely snapped at them...","Everything feels incredibly urgent and I am constantly waiting for the other shoe to drop... Woke up staring at the ceiling, dreading the morning standup... I looked at my computer screen and literally wanted to throw it out the window...","Stumbled upon an old project folder and couldn't believe how much effort I used to put in... Thinking back to last year when I had motivation and drive... Remembering old failures and worrying that history is bound to repeat itself today... Remembering old failures and worrying that history is bound to repeat itself today... I keep playing back embarrassing moments in my head on repeat... I recalled some helpful advice my mentor gave me a few years ago... My mind suddenly recalled a minor argument from five years ago and now I can't sleep... Stumbled upon an old project folder and couldn't believe how much effort I used to put in... I was remembering our summer trip and smiling at the memories... I keep remembering old mistakes and cringing at my younger self...","Nothing seems to bring even a flicker of interest or pleasure anymore... My brain is running at a hundred miles an hour but going nowhere...","I went to a small gathering but felt like everyone was silently judging me... I rehearsed my entire conversation in my head before saying a single word... I am terrified that I said something stupid and ruined my friendship... I went to a small gathering but felt like everyone was silently judging me... Sarah invited me out for drinks but I ignored her text message... My friends asked me to choose a restaurant and my brain completely froze from pressure... I ended up leaving early because the crowded room felt suffocating... I don't have the emotional capacity to listen to anyone else's problems... I cancelled our weekend plans because I can't pretend to be happy... I am terrified that I said something stupid and ruined my friendship...",Anxiety
P299,37,Female,"Clinical Neuropsychologist",PhD,narrative,ellipses,No,academic,"My brain is running at a hundred miles an hour but going nowhere... I am constantly starting new tasks while my desk is covered in unfinished work... There is a persistent, heavy severe anhedonic state sitting over everything today... There is this deep ache in my chest that refuses to lift...","Woke up feeling refreshed and ready to take on the day's tasks... Even taking a shower felt like an Olympian task that required days of planning... My body is exhausted from being in a perpetual state of fight-or-flight... I feel incredibly dizzy and nauseous from this constant state of alertness... My heart is pounding against my ribs for absolutely no reason... Woke up gasping for air, drenched in sweat from another intense nightmare... I have zero energy left to even brush my hair or change my clothes... I feel tense, rigid, and my muscles are aching from constant bracing... Woke up gasping for air, drenched in sweat from another intense nightmare... My stomach is in knots and I am constantly on edge...","I feel like an outsider who can't connect with normal human experiences... I interrupted my friend three times today because I was excited about an idea... My friends asked me to choose a restaurant and my brain completely froze from pressure... I rehearsed my entire conversation in my head before saying a single word...","I felt incredibly hypervigilant sensory responses all day, constantly checking behind my back... I am so tired of feeling like an absolute psychological liability to everyone around me... I felt a positive psychological orientation while drinking my tea and watching the rain... Nothing seems to bring even a flicker of interest or pleasure anymore... I tried to read my book but the words just swam around without meaning... It feels like I am carrying a mountain on my back just to walk to the kitchen... Every minor detail feels like a massive crisis waiting to happen... I feel this profound sense of persistent threat-appraisal bias even in my own locked home... My mind is on an absolute loop of 'catastrophic cognitive distortions' that I cannot shut down...","A specific smell today instantly transported me back to that the distressing index event in my past... I recalled a random fact about space that I learned in school instead of working... I had a sudden, intrusive cognitive recall of that night that felt so real I forgot where I actually was... I spent the afternoon trying to push down images of past experiences that kept resurfacing... Remembering old failures and worrying that history is bound to repeat itself today...","Everything feels incredibly urgent and I am constantly anticipatory panic cycles... I felt incredibly hypervigilant sensory responses all day, constantly checking behind my back... My mind is on an absolute loop of 'catastrophic cognitive distortions' that I cannot shut down... A sudden loud noise in the street made my heart shoot into my throat...","I sat with my back to the wall at the restaurant, scanning the exit doors... Cancelling plans has become my favorite hobby lately because of my exhaustion... My partner tried to talk about dinner and I completely snapped at them... Everyone else is out living their lives while I am stuck in this depressive paralysis... I feel bad for talking so fast that people struggle to keep up with me... I avoid going to crowded places because they trigger a deep panic...",PTSD
P300,53,Female,"Delivery Driver",High School,normal,exclamations,Yes,colloquial,"I am constantly starting new tasks while my desk is covered in unfinished work!!! My attention is constantly drifting off in the middle of standard conversations!!! Today felt balanced, calm, and relatively straightforward! I feel incredibly guilty for wasting another entire day doing nothing! I feel this intense restlessness and boredom that actually feels physically uncomfortable! I feel this intense restlessness and boredom that actually feels physically uncomfortable! There is a persistent, heavy grey fog sitting over everything today! I feel this constant, buzzing dread in the pit of my stomach!","I feel incredibly dizzy and nauseous from this constant state of alertness! I feel like a hollow shell of myself, just going through the motions! Even taking a shower felt like an Olympian task that required days of planning!!! My body feels heavy, sluggish, and constantly on the verge of collapsing!!! Woke up w/ a massive burst of creative energy at 3 AM and started painting!!! My heart is pounding against my ribs for absolutely no reason!!! My throat feels tight and it feels like I am struggling to get enough oxygen! My limbs feel like they are filled w/ lead blocks! My body feels heavy, sluggish, and constantly on the verge of collapsing!!!","I cancelled our weekend plans bcs I can't pretend to be happy! I rehearsed my entire conversation in my head before saying a single word! My phone kept ringing but I let it go to voicemail every time! My partner tried to talk about dinner and I completely snapped at them! I totally forgot to reply to ten text messages that I opened this morning!!!","My attention is constantly drifting off in the middle of standard conversations! I am so tired of feeling like an absolute burden to everyone around me! I have checked my locked door five times already tonight! I feel so restless, like I need to run away but idk where!!! Woke up at 2 PM and lay in bed staring at the wall until dark!","I recalled a random fact about space that I learned in school instead of working! I look at old photos of me smiling and wonder who that person was! I remember when I actually used to be passionate about this job!","I am constantly starting new tasks while my desk is covered in unfinished work!!! Had some time to reflect on my personal goals and felt quite optimistic! I feel completely numb, as if all my emotions have been drained out! I spent five hours completely lost in reading a random Wikipedia article about history! I am constantly starting new tasks while my desk is covered in unfinished work! I am so incredibly overwhelmed by the sheer volume of my own thoughts!!! My mind feels like it's racing w/ twenty different thoughts competing for space at once! My attention is constantly drifting off in the middle of standard conversations!","I feel so isolated, but the thought of talking to someone makes me shudder!!! I feel completely invisible to the world, and maybe that's for the best!!!",ADHD